-- phpMyAdmin SQL Dump
-- version 5.0.2
-- https://www.phpmyadmin.net/
--
-- Host: 127.0.0.1
-- Generation Time: Sep 21, 2022 at 10:34 PM
-- Server version: 10.4.13-MariaDB
-- PHP Version: 7.2.31

SET SQL_MODE = "NO_AUTO_VALUE_ON_ZERO";
START TRANSACTION;
SET time_zone = "+00:00";


/*!40101 SET @OLD_CHARACTER_SET_CLIENT=@@CHARACTER_SET_CLIENT */;
/*!40101 SET @OLD_CHARACTER_SET_RESULTS=@@CHARACTER_SET_RESULTS */;
/*!40101 SET @OLD_COLLATION_CONNECTION=@@COLLATION_CONNECTION */;
/*!40101 SET NAMES utf8mb4 */;

--
-- Database: `accountmasrawy`
--

-- --------------------------------------------------------

--
-- Table structure for table `account`
--

CREATE TABLE `account` (
  `id_account` int(11) NOT NULL,
  `name_account` varchar(255) NOT NULL,
  `balance_account` double(10,2) DEFAULT NULL,
  `id_type` int(11) NOT NULL,
  `now_balance` double(10,2) DEFAULT NULL,
  `isEnable` bit(1) NOT NULL
) ENGINE=InnoDB DEFAULT CHARSET=utf8;

--
-- Dumping data for table `account`
--

INSERT INTO `account` (`id_account`, `name_account`, `balance_account`, `id_type`, `now_balance`, `isEnable`) VALUES
(1, 'ادروب', 500.00, 1, 0.00, b'0');

-- --------------------------------------------------------

--
-- Table structure for table `accountworkgroup`
--

CREATE TABLE `accountworkgroup` (
  `id_account` int(11) NOT NULL,
  `id_workgroup` int(11) NOT NULL
) ENGINE=InnoDB DEFAULT CHARSET=utf8;

--
-- Dumping data for table `accountworkgroup`
--

INSERT INTO `accountworkgroup` (`id_account`, `id_workgroup`) VALUES
(1, 1);

-- --------------------------------------------------------

--
-- Table structure for table `assets`
--

CREATE TABLE `assets` (
  `id_assets` int(11) NOT NULL,
  `price_assets` double(10,2) NOT NULL,
  `notes` varchar(1024) NOT NULL,
  `date_assets` date NOT NULL DEFAULT curdate(),
  `id_workgroup` int(11) DEFAULT NULL,
  `isRelay` bit(1) DEFAULT b'0',
  `id_clear` int(11) DEFAULT NULL
) ENGINE=InnoDB DEFAULT CHARSET=utf8;

-- --------------------------------------------------------

--
-- Stand-in structure for view `calcbalanceitems`
-- (See below for the actual view)
--
CREATE TABLE `calcbalanceitems` (
`sales` double(19,2)
,`purchase` double(19,2)
,`firstbalance` bigint(255)
,`balance` double(19,2)
,`name_items` varchar(255)
,`id_items` bigint(255)
);

-- --------------------------------------------------------

--
-- Stand-in structure for view `calcbalance_purchase`
-- (See below for the actual view)
--
CREATE TABLE `calcbalance_purchase` (
`id` bigint(255)
,`name_items` varchar(255)
,`qyt_pursh` double(23,6)
,`firstbalance` bigint(255)
);

-- --------------------------------------------------------

--
-- Stand-in structure for view `calcbalance_sales`
-- (See below for the actual view)
--
CREATE TABLE `calcbalance_sales` (
`id` bigint(255)
,`name_items` varchar(255)
,`qyt_sales` double(23,6)
,`firstbalance` bigint(255)
);

-- --------------------------------------------------------

--
-- Table structure for table `casher`
--

CREATE TABLE `casher` (
  `id_casher` bigint(255) NOT NULL,
  `date_casher` date NOT NULL DEFAULT curdate(),
  `Debit` double(10,2) DEFAULT NULL,
  `Creditor` double(10,2) DEFAULT NULL,
  `note` text DEFAULT NULL,
  `id_users` int(11) NOT NULL,
  `id_purchaseInvoice` bigint(255) DEFAULT NULL,
  `id_Receipt` bigint(255) DEFAULT NULL,
  `id_salesInvoic` bigint(255) DEFAULT NULL,
  `id_PaymentReceipt` bigint(255) DEFAULT NULL,
  `id_masary_pay` int(11) DEFAULT NULL,
  `id_masary_sell` int(11) DEFAULT NULL,
  `id_Send_Receive` int(11) DEFAULT NULL,
  `id_fees` int(11) DEFAULT NULL,
  `id_Solf` int(11) DEFAULT NULL,
  `id_deficiency_excess` int(11) DEFAULT NULL,
  `id_paydebt` int(11) DEFAULT NULL,
  `id_exports` int(11) DEFAULT NULL,
  `id_expens` int(11) DEFAULT NULL,
  `id_imports` int(11) DEFAULT NULL
) ENGINE=InnoDB DEFAULT CHARSET=utf8;

--
-- Dumping data for table `casher`
--

INSERT INTO `casher` (`id_casher`, `date_casher`, `Debit`, `Creditor`, `note`, `id_users`, `id_purchaseInvoice`, `id_Receipt`, `id_salesInvoic`, `id_PaymentReceipt`, `id_masary_pay`, `id_masary_sell`, `id_Send_Receive`, `id_fees`, `id_Solf`, `id_deficiency_excess`, `id_paydebt`, `id_exports`, `id_expens`, `id_imports`) VALUES
(0, '2022-07-11', 12070.00, NULL, 'رصيد مرحل', 0, NULL, NULL, NULL, NULL, NULL, NULL, NULL, NULL, NULL, NULL, NULL, NULL, NULL, NULL),
(1, '2022-07-11', 150.00, NULL, 'كرت  _ 10', 2, NULL, NULL, NULL, NULL, 2, NULL, NULL, NULL, NULL, NULL, NULL, NULL, NULL, NULL),
(3, '2022-07-11', 100.00, NULL, 'دفعة من حساب  احمد ابو عبد الله', 2, NULL, 1, NULL, NULL, NULL, NULL, NULL, NULL, NULL, NULL, NULL, NULL, NULL, NULL),
(4, '2022-07-11', 120.00, NULL, '01151018778', 2, NULL, NULL, NULL, NULL, 11, NULL, NULL, NULL, NULL, NULL, NULL, NULL, NULL, NULL),
(6, '2022-07-11', 100.00, NULL, '01027724864', 2, NULL, NULL, NULL, NULL, 15, NULL, NULL, NULL, NULL, NULL, NULL, NULL, NULL, NULL),
(7, '2022-07-11', 30.00, NULL, 'حكاية _ 25', 2, NULL, NULL, NULL, NULL, 16, NULL, NULL, NULL, NULL, NULL, NULL, NULL, NULL, NULL),
(10, '2022-07-11', NULL, 2000.00, 'ايصال دفع رقم 1', 2, NULL, NULL, NULL, 1, NULL, NULL, NULL, NULL, NULL, NULL, NULL, NULL, NULL, NULL),
(11, '2022-07-11', 10.00, NULL, 'كرت  _ 10', 2, NULL, NULL, NULL, NULL, 17, NULL, NULL, NULL, NULL, NULL, NULL, NULL, NULL, NULL),
(12, '2022-07-11', NULL, 5000.00, 'ترحيل الي جرد الثاني', 2, NULL, NULL, NULL, NULL, NULL, NULL, NULL, NULL, NULL, NULL, NULL, NULL, NULL, NULL),
(13, '2022-07-11', 10.00, NULL, 'كرت  _ 10', 2, NULL, NULL, NULL, NULL, 18, NULL, NULL, NULL, NULL, NULL, NULL, NULL, NULL, NULL),
(14, '2022-07-11', 10.00, NULL, 'كرت  _ 10', 2, NULL, NULL, NULL, NULL, 19, NULL, NULL, NULL, NULL, NULL, NULL, NULL, NULL, NULL),
(15, '2022-07-11', 10.00, NULL, 'كرت  _ 10', 2, NULL, NULL, NULL, NULL, 20, NULL, NULL, NULL, NULL, NULL, NULL, NULL, NULL, NULL),
(16, '2022-07-11', 10.00, NULL, 'كرت  _ 10', 2, NULL, NULL, NULL, NULL, 21, NULL, NULL, NULL, NULL, NULL, NULL, NULL, NULL, NULL),
(17, '2022-07-11', 210.00, NULL, '011', 2, NULL, NULL, NULL, NULL, 22, NULL, NULL, NULL, NULL, NULL, NULL, NULL, NULL, NULL),
(18, '2022-07-11', 335.00, NULL, 'دفعة من حساب  المتر حسني', 2, NULL, 2, NULL, NULL, NULL, NULL, NULL, NULL, NULL, NULL, NULL, NULL, NULL, NULL),
(19, '2022-07-11', NULL, 1500.00, 'ترحيل الي جرد الثاني', 2, NULL, NULL, NULL, NULL, NULL, NULL, NULL, NULL, NULL, NULL, NULL, NULL, NULL, NULL),
(20, '2022-07-11', 250.00, NULL, '0974909057', 2, NULL, NULL, NULL, NULL, 23, NULL, NULL, NULL, NULL, NULL, NULL, NULL, NULL, NULL),
(21, '2022-07-11', 200.00, NULL, '01105919500', 2, NULL, NULL, NULL, NULL, 24, NULL, NULL, NULL, NULL, NULL, NULL, NULL, NULL, NULL),
(22, '2022-07-11', 75.00, NULL, '01137840272', 2, NULL, NULL, NULL, NULL, 25, NULL, NULL, NULL, NULL, NULL, NULL, NULL, NULL, NULL),
(23, '2022-07-11', 0.00, NULL, '15', 2, NULL, NULL, NULL, NULL, 26, NULL, NULL, NULL, NULL, NULL, NULL, NULL, NULL, NULL),
(24, '2022-07-11', 10.00, NULL, 'كرت  _ 10', 2, NULL, NULL, NULL, NULL, 27, NULL, NULL, NULL, NULL, NULL, NULL, NULL, NULL, NULL),
(25, '2022-07-11', 10.00, NULL, 'كرت  _ 10', 2, NULL, NULL, NULL, NULL, 28, NULL, NULL, NULL, NULL, NULL, NULL, NULL, NULL, NULL),
(26, '2022-07-11', 10.00, NULL, 'كرت  _ 10', 2, NULL, NULL, NULL, NULL, 29, NULL, NULL, NULL, NULL, NULL, NULL, NULL, NULL, NULL),
(27, '2022-07-11', 10.00, NULL, 'كرت  _ 10', 2, NULL, NULL, NULL, NULL, 30, NULL, NULL, NULL, NULL, NULL, NULL, NULL, NULL, NULL),
(28, '2022-07-11', 10.00, NULL, 'كرت  _ 10', 2, NULL, NULL, NULL, NULL, 31, NULL, NULL, NULL, NULL, NULL, NULL, NULL, NULL, NULL),
(29, '2022-07-11', 10.00, NULL, 'كرت  _ 10', 2, NULL, NULL, NULL, NULL, 32, NULL, NULL, NULL, NULL, NULL, NULL, NULL, NULL, NULL),
(30, '2022-07-11', 10.00, NULL, 'كرت  _ 10', 2, NULL, NULL, NULL, NULL, 33, NULL, NULL, NULL, NULL, NULL, NULL, NULL, NULL, NULL),
(31, '2022-07-11', 10.00, NULL, 'كرت  _ 10', 2, NULL, NULL, NULL, NULL, 34, NULL, NULL, NULL, NULL, NULL, NULL, NULL, NULL, NULL),
(32, '2022-07-11', 10.00, NULL, 'كرت  _ 10', 2, NULL, NULL, NULL, NULL, 35, NULL, NULL, NULL, NULL, NULL, NULL, NULL, NULL, NULL),
(33, '2022-07-11', 10.00, NULL, 'كرت  _ 10', 2, NULL, NULL, NULL, NULL, 36, NULL, NULL, NULL, NULL, NULL, NULL, NULL, NULL, NULL),
(34, '2022-07-11', 10.00, NULL, 'كرت  _ 10', 2, NULL, NULL, NULL, NULL, 37, NULL, NULL, NULL, NULL, NULL, NULL, NULL, NULL, NULL),
(35, '2022-07-11', 10.00, NULL, 'كرت  _ 10', 2, NULL, NULL, NULL, NULL, 38, NULL, NULL, NULL, NULL, NULL, NULL, NULL, NULL, NULL),
(36, '2022-07-11', 10.00, NULL, 'كرت  _ 10', 2, NULL, NULL, NULL, NULL, 39, NULL, NULL, NULL, NULL, NULL, NULL, NULL, NULL, NULL),
(37, '2022-07-11', 270.00, NULL, '01145914130', 2, NULL, NULL, NULL, NULL, 40, NULL, NULL, NULL, NULL, NULL, NULL, NULL, NULL, NULL),
(38, '2022-07-11', 130.00, NULL, '01103935385 ', 2, NULL, NULL, NULL, NULL, 41, NULL, NULL, NULL, NULL, NULL, NULL, NULL, NULL, NULL),
(39, '2022-07-11', NULL, 48.00, 'اكل', 2, NULL, NULL, NULL, NULL, NULL, NULL, NULL, 1, NULL, NULL, NULL, NULL, NULL, NULL),
(40, '2022-07-11', 10.00, NULL, 'كرت  _ 10', 2, NULL, NULL, NULL, NULL, 42, NULL, NULL, NULL, NULL, NULL, NULL, NULL, NULL, NULL),
(41, '2022-07-11', 10.00, NULL, 'كرت  _ 10', 2, NULL, NULL, NULL, NULL, 43, NULL, NULL, NULL, NULL, NULL, NULL, NULL, NULL, NULL),
(42, '2022-07-11', 10.00, NULL, 'كرت  _ 10', 2, NULL, NULL, NULL, NULL, 44, NULL, NULL, NULL, NULL, NULL, NULL, NULL, NULL, NULL),
(43, '2022-07-11', NULL, 300.00, 'سداد قسط', 2, NULL, NULL, NULL, NULL, NULL, NULL, NULL, 2, NULL, NULL, NULL, NULL, NULL, NULL),
(44, '2022-07-11', 10.00, NULL, 'كرت  _ 10', 2, NULL, NULL, NULL, NULL, 45, NULL, NULL, NULL, NULL, NULL, NULL, NULL, NULL, NULL),
(45, '2022-07-11', 70.00, NULL, '01141845954', 2, NULL, NULL, NULL, NULL, 46, NULL, NULL, NULL, NULL, NULL, NULL, NULL, NULL, NULL),
(46, '2022-07-11', 300.00, NULL, '', 2, NULL, NULL, NULL, NULL, 47, NULL, NULL, NULL, NULL, NULL, NULL, NULL, NULL, NULL),
(47, '2022-07-11', 10.00, NULL, 'كرت  _ 10', 2, NULL, NULL, NULL, NULL, 48, NULL, NULL, NULL, NULL, NULL, NULL, NULL, NULL, NULL),
(48, '2022-07-11', 15.00, NULL, '01105919500', 2, NULL, NULL, NULL, NULL, 49, NULL, NULL, NULL, NULL, NULL, NULL, NULL, NULL, NULL),
(49, '2022-07-11', 10.00, NULL, 'كرت  _ 10', 2, NULL, NULL, NULL, NULL, 50, NULL, NULL, NULL, NULL, NULL, NULL, NULL, NULL, NULL),
(50, '2022-07-11', 10.00, NULL, 'كرت  _ 10', 2, NULL, NULL, NULL, NULL, 51, NULL, NULL, NULL, NULL, NULL, NULL, NULL, NULL, NULL),
(51, '2022-07-11', 15.00, NULL, 'كرت 15', 2, NULL, NULL, NULL, NULL, 52, NULL, NULL, NULL, NULL, NULL, NULL, NULL, NULL, NULL),
(52, '2022-07-11', NULL, 3000.00, 'ترحيل الي جرد الثاني', 2, NULL, NULL, NULL, NULL, NULL, NULL, NULL, NULL, NULL, NULL, NULL, NULL, NULL, NULL),
(53, '2022-07-11', 10.00, NULL, 'كرت  _ 10', 2, NULL, NULL, NULL, NULL, 54, NULL, NULL, NULL, NULL, NULL, NULL, NULL, NULL, NULL),
(54, '2022-07-11', 10.00, NULL, 'كرت  _ 10', 2, NULL, NULL, NULL, NULL, 55, NULL, NULL, NULL, NULL, NULL, NULL, NULL, NULL, NULL),
(55, '2022-07-11', 10.00, NULL, 'كرت  _ 10', 2, NULL, NULL, NULL, NULL, 56, NULL, NULL, NULL, NULL, NULL, NULL, NULL, NULL, NULL),
(56, '2022-07-12', 10.00, NULL, 'كرت  _ 10', 2, NULL, NULL, NULL, NULL, 57, NULL, NULL, NULL, NULL, NULL, NULL, NULL, NULL, NULL),
(57, '2022-07-12', 10.00, NULL, 'كرت  _ 10', 2, NULL, NULL, NULL, NULL, 58, NULL, NULL, NULL, NULL, NULL, NULL, NULL, NULL, NULL),
(58, '2022-07-12', 10.00, NULL, 'كرت  _ 10', 2, NULL, NULL, NULL, NULL, 59, NULL, NULL, NULL, NULL, NULL, NULL, NULL, NULL, NULL),
(59, '2022-07-12', 60.00, NULL, 'فاتورة مبيعات نقدية1', 2, NULL, NULL, 1, NULL, NULL, NULL, NULL, NULL, NULL, NULL, NULL, NULL, NULL, NULL),
(60, '2022-07-12', 150.00, NULL, '01141156734', 2, NULL, NULL, NULL, NULL, 60, NULL, NULL, NULL, NULL, NULL, NULL, NULL, NULL, NULL),
(61, '2022-07-12', 10.00, NULL, 'كرت  _ 10', 2, NULL, NULL, NULL, NULL, 61, NULL, NULL, NULL, NULL, NULL, NULL, NULL, NULL, NULL),
(62, '2022-07-12', 10.00, NULL, 'كرت  _ 10', 2, NULL, NULL, NULL, NULL, 62, NULL, NULL, NULL, NULL, NULL, NULL, NULL, NULL, NULL),
(63, '2022-07-12', NULL, 2500.00, 'ترحيل الي جرد الثاني', 2, NULL, NULL, NULL, NULL, NULL, NULL, NULL, NULL, NULL, NULL, NULL, NULL, NULL, NULL),
(64, '2022-07-12', 40.00, NULL, 'فاتورة مبيعات نقدية2', 2, NULL, NULL, 2, NULL, NULL, NULL, NULL, NULL, NULL, NULL, NULL, NULL, NULL, NULL),
(65, '2022-07-12', 1500.00, NULL, 'دفعة من حساب  طارق اب مدغة', 2, NULL, 3, NULL, NULL, NULL, NULL, NULL, NULL, NULL, NULL, NULL, NULL, NULL, NULL),
(66, '2022-07-12', NULL, 1500.00, 'ترحيل الي جرد الثاني', 2, NULL, NULL, NULL, NULL, NULL, NULL, NULL, NULL, NULL, NULL, NULL, NULL, NULL, NULL),
(67, '2022-07-12', 40.00, NULL, 'فاتورة مبيعات نقدية3', 2, NULL, NULL, 3, NULL, NULL, NULL, NULL, NULL, NULL, NULL, NULL, NULL, NULL, NULL),
(68, '2022-07-12', 10.00, NULL, 'كرت  _ 10', 2, NULL, NULL, NULL, NULL, 64, NULL, NULL, NULL, NULL, NULL, NULL, NULL, NULL, NULL),
(69, '2022-07-12', 70.00, NULL, 'فاتورة مبيعات نقدية4', 2, NULL, NULL, 4, NULL, NULL, NULL, NULL, NULL, NULL, NULL, NULL, NULL, NULL, NULL),
(70, '2022-07-12', 70.00, NULL, '01553072625', 2, NULL, NULL, NULL, NULL, 65, NULL, NULL, NULL, NULL, NULL, NULL, NULL, NULL, NULL),
(71, '2022-07-12', 55.00, NULL, 'حكاية 50', 2, NULL, NULL, NULL, NULL, 66, NULL, NULL, NULL, NULL, NULL, NULL, NULL, NULL, NULL),
(72, '2022-07-12', 105.00, NULL, '01152837810', 2, NULL, NULL, NULL, NULL, 67, NULL, NULL, NULL, NULL, NULL, NULL, NULL, NULL, NULL),
(73, '2022-07-12', NULL, 600.00, 'ترحيل الي جرد الثاني', 2, NULL, NULL, NULL, NULL, NULL, NULL, NULL, NULL, NULL, NULL, NULL, NULL, NULL, NULL),
(74, '2022-07-12', 400.00, NULL, 'سحب من جرد الثاني', 2, NULL, NULL, NULL, NULL, NULL, NULL, NULL, NULL, NULL, NULL, NULL, NULL, NULL, NULL),
(76, '2022-07-12', NULL, 490.00, 'تحويل فودافون كاش ', 2, NULL, NULL, NULL, NULL, NULL, NULL, 2, NULL, NULL, NULL, NULL, NULL, NULL, NULL),
(77, '2022-07-12', 810.00, NULL, 'تحويل فودافون كاش 01050054125', 2, NULL, NULL, NULL, NULL, NULL, NULL, 3, NULL, NULL, NULL, NULL, NULL, NULL, NULL),
(78, '2022-07-12', 10700.00, NULL, 'سحب من جرد الثاني', 2, NULL, NULL, NULL, NULL, NULL, NULL, NULL, NULL, NULL, NULL, NULL, NULL, NULL, NULL),
(79, '2022-07-12', 2000.00, NULL, 'سحب من جرد الثاني', 2, NULL, NULL, NULL, NULL, NULL, NULL, NULL, NULL, NULL, NULL, NULL, NULL, NULL, NULL),
(80, '2022-07-12', 10.00, NULL, 'كرت  _ 10', 2, NULL, NULL, NULL, NULL, 70, NULL, NULL, NULL, NULL, NULL, NULL, NULL, NULL, NULL),
(81, '2022-07-12', 10.00, NULL, 'كرت  _ 10', 2, NULL, NULL, NULL, NULL, 71, NULL, NULL, NULL, NULL, NULL, NULL, NULL, NULL, NULL),
(82, '2022-07-12', 10.00, NULL, 'كرت  _ 10', 2, NULL, NULL, NULL, NULL, 72, NULL, NULL, NULL, NULL, NULL, NULL, NULL, NULL, NULL),
(83, '2022-07-12', 10.00, NULL, 'كرت  _ 10', 2, NULL, NULL, NULL, NULL, 73, NULL, NULL, NULL, NULL, NULL, NULL, NULL, NULL, NULL),
(84, '2022-07-12', 10.00, NULL, 'كرت  _ 10', 2, NULL, NULL, NULL, NULL, 74, NULL, NULL, NULL, NULL, NULL, NULL, NULL, NULL, NULL),
(85, '2022-07-12', 40.00, NULL, '011000', 2, NULL, NULL, NULL, NULL, 75, NULL, NULL, NULL, NULL, NULL, NULL, NULL, NULL, NULL),
(86, '2022-07-12', 150.00, NULL, '01030506916', 2, NULL, NULL, NULL, NULL, 76, NULL, NULL, NULL, NULL, NULL, NULL, NULL, NULL, NULL),
(87, '2022-07-12', 75.00, NULL, 'فاتورة مبيعات نقدية5', 2, NULL, NULL, 5, NULL, NULL, NULL, NULL, NULL, NULL, NULL, NULL, NULL, NULL, NULL),
(88, '2022-07-12', 225.00, NULL, '01007983995', 2, NULL, NULL, NULL, NULL, 77, NULL, NULL, NULL, NULL, NULL, NULL, NULL, NULL, NULL),
(89, '2022-07-12', 300.00, NULL, '01007983995 ', 2, NULL, NULL, NULL, NULL, 78, NULL, NULL, NULL, NULL, NULL, NULL, NULL, NULL, NULL),
(90, '2022-07-12', 300.00, NULL, '01007983995 ', 2, NULL, NULL, NULL, NULL, 79, NULL, NULL, NULL, NULL, NULL, NULL, NULL, NULL, NULL),
(91, '2022-07-12', 247.50, NULL, '01007983995 ', 2, NULL, NULL, NULL, NULL, 80, NULL, NULL, NULL, NULL, NULL, NULL, NULL, NULL, NULL),
(92, '2022-07-12', 30.00, NULL, '01007983995 ', 2, NULL, NULL, NULL, NULL, 81, NULL, NULL, NULL, NULL, NULL, NULL, NULL, NULL, NULL),
(93, '2022-07-12', 18000.00, NULL, 'الشيخ علاء سداد احمد بكري', 2, NULL, NULL, NULL, NULL, NULL, NULL, NULL, NULL, 1, NULL, NULL, NULL, NULL, NULL),
(96, '2022-07-12', 60.00, NULL, '60 كارت', 2, NULL, NULL, NULL, NULL, 84, NULL, NULL, NULL, NULL, NULL, NULL, NULL, NULL, NULL),
(97, '2022-07-12', 10.00, NULL, 'كرت  _ 10', 2, NULL, NULL, NULL, NULL, 85, NULL, NULL, NULL, NULL, NULL, NULL, NULL, NULL, NULL),
(98, '2022-07-12', 65.00, NULL, 'حكاية 65', 2, NULL, NULL, NULL, NULL, 86, NULL, NULL, NULL, NULL, NULL, NULL, NULL, NULL, NULL),
(99, '2022-07-12', 15.00, NULL, '15', 2, NULL, NULL, NULL, NULL, 87, NULL, NULL, NULL, NULL, NULL, NULL, NULL, NULL, NULL),
(100, '2022-07-12', 150.00, NULL, '0972297410', 2, NULL, NULL, NULL, NULL, 88, NULL, NULL, NULL, NULL, NULL, NULL, NULL, NULL, NULL),
(101, '2022-07-12', 75.00, NULL, '01153161690', 2, NULL, NULL, NULL, NULL, 89, NULL, NULL, NULL, NULL, NULL, NULL, NULL, NULL, NULL),
(105, '2022-07-12', 30.00, NULL, 'حكاية 25', 2, NULL, NULL, NULL, NULL, 93, NULL, NULL, NULL, NULL, NULL, NULL, NULL, NULL, NULL),
(106, '2022-07-12', 15.00, NULL, '13.5', 2, NULL, NULL, NULL, NULL, 94, NULL, NULL, NULL, NULL, NULL, NULL, NULL, NULL, NULL),
(107, '2022-07-12', 55.00, NULL, 'حكاية 50', 2, NULL, NULL, NULL, NULL, 95, NULL, NULL, NULL, NULL, NULL, NULL, NULL, NULL, NULL),
(108, '2022-07-12', 181.50, NULL, '01007983995 ', 2, NULL, NULL, NULL, NULL, 96, NULL, NULL, NULL, NULL, NULL, NULL, NULL, NULL, NULL),
(109, '2022-07-12', 10.00, NULL, 'كرت  _ 10', 2, NULL, NULL, NULL, NULL, 97, NULL, NULL, NULL, NULL, NULL, NULL, NULL, NULL, NULL),
(110, '2022-07-12', 7.50, NULL, '01155483122', 2, NULL, NULL, NULL, NULL, 98, NULL, NULL, NULL, NULL, NULL, NULL, NULL, NULL, NULL),
(111, '2022-07-12', 75.00, NULL, '01556007359', 2, NULL, NULL, NULL, NULL, 99, NULL, NULL, NULL, NULL, NULL, NULL, NULL, NULL, NULL),
(112, '2022-07-12', 20.00, NULL, '01556007359', 2, NULL, NULL, NULL, NULL, 100, NULL, NULL, NULL, NULL, NULL, NULL, NULL, NULL, NULL),
(113, '2022-07-12', 70.00, NULL, 'فاتورة مبيعات نقدية6', 2, NULL, NULL, 6, NULL, NULL, NULL, NULL, NULL, NULL, NULL, NULL, NULL, NULL, NULL),
(114, '2022-07-12', 40.00, NULL, '0972297223', 2, NULL, NULL, NULL, NULL, 101, NULL, NULL, NULL, NULL, NULL, NULL, NULL, NULL, NULL),
(115, '2022-07-12', 20.00, NULL, '01142783002', 2, NULL, NULL, NULL, NULL, 102, NULL, NULL, NULL, NULL, NULL, NULL, NULL, NULL, NULL),
(116, '2022-07-12', 10.00, NULL, 'كرت  _ 10', 2, NULL, NULL, NULL, NULL, 103, NULL, NULL, NULL, NULL, NULL, NULL, NULL, NULL, NULL),
(117, '2022-07-12', 10.00, NULL, 'كرت  _ 10', 2, NULL, NULL, NULL, NULL, 104, NULL, NULL, NULL, NULL, NULL, NULL, NULL, NULL, NULL),
(118, '2022-07-12', 10.00, NULL, 'كرت  _ 10', 2, NULL, NULL, NULL, NULL, 105, NULL, NULL, NULL, NULL, NULL, NULL, NULL, NULL, NULL),
(119, '2022-07-12', 10.00, NULL, 'كرت  _ 10', 2, NULL, NULL, NULL, NULL, 106, NULL, NULL, NULL, NULL, NULL, NULL, NULL, NULL, NULL),
(120, '2022-07-12', 10.00, NULL, 'كرت  _ 10', 2, NULL, NULL, NULL, NULL, 107, NULL, NULL, NULL, NULL, NULL, NULL, NULL, NULL, NULL),
(121, '2022-07-12', 10.00, NULL, 'كرت  _ 10', 2, NULL, NULL, NULL, NULL, 108, NULL, NULL, NULL, NULL, NULL, NULL, NULL, NULL, NULL),
(123, '2022-07-12', NULL, 30300.00, 'ايصال دفع رقم 2', 2, NULL, NULL, NULL, 2, NULL, NULL, NULL, NULL, NULL, NULL, NULL, NULL, NULL, NULL),
(124, '2022-07-12', 55.00, NULL, 'شحن كروت الكهرباء', 2, NULL, NULL, NULL, NULL, 109, NULL, NULL, NULL, NULL, NULL, NULL, NULL, NULL, NULL),
(125, '2022-07-12', 10.00, NULL, 'كرت  _ 10', 2, NULL, NULL, NULL, NULL, 110, NULL, NULL, NULL, NULL, NULL, NULL, NULL, NULL, NULL),
(126, '2022-07-13', 60.50, NULL, '01553072625 ', 2, NULL, NULL, NULL, NULL, 113, NULL, NULL, NULL, NULL, NULL, NULL, NULL, NULL, NULL),
(127, '2022-07-13', 10.00, NULL, 'كرت  _ 10', 2, NULL, NULL, NULL, NULL, 114, NULL, NULL, NULL, NULL, NULL, NULL, NULL, NULL, NULL),
(128, '2022-07-13', 10.00, NULL, 'كرت  _ 10', 2, NULL, NULL, NULL, NULL, 115, NULL, NULL, NULL, NULL, NULL, NULL, NULL, NULL, NULL),
(129, '2022-07-13', 10.00, NULL, 'كرت  _ 10', 2, NULL, NULL, NULL, NULL, 116, NULL, NULL, NULL, NULL, NULL, NULL, NULL, NULL, NULL),
(130, '2022-07-13', 10.00, NULL, 'كرت  _ 10', 2, NULL, NULL, NULL, NULL, 117, NULL, NULL, NULL, NULL, NULL, NULL, NULL, NULL, NULL),
(131, '2022-07-13', 10.00, NULL, 'كرت  _ 10', 2, NULL, NULL, NULL, NULL, 118, NULL, NULL, NULL, NULL, NULL, NULL, NULL, NULL, NULL),
(132, '2022-07-13', 6.00, NULL, '01553072625 ', 2, NULL, NULL, NULL, NULL, 119, NULL, NULL, NULL, NULL, NULL, NULL, NULL, NULL, NULL),
(133, '2022-07-13', 65.00, NULL, 'فاتورة مبيعات نقدية7', 2, NULL, NULL, 7, NULL, NULL, NULL, NULL, NULL, NULL, NULL, NULL, NULL, NULL, NULL),
(134, '2022-07-13', NULL, 100.00, 'للبيت و سجاير', 2, NULL, NULL, NULL, NULL, NULL, NULL, NULL, 3, NULL, NULL, NULL, NULL, NULL, NULL),
(135, '2022-07-13', NULL, 100.00, 'قسط ايمن لمعي', 2, NULL, NULL, NULL, NULL, NULL, NULL, NULL, 4, NULL, NULL, NULL, NULL, NULL, NULL),
(136, '2022-07-13', 50.00, NULL, 'كرت  _ 10', 2, NULL, NULL, NULL, NULL, 120, NULL, NULL, NULL, NULL, NULL, NULL, NULL, NULL, NULL),
(137, '2022-07-13', 40.00, NULL, 'فاتورة مبيعات نقدية8', 2, NULL, NULL, 8, NULL, NULL, NULL, NULL, NULL, NULL, NULL, NULL, NULL, NULL, NULL),
(138, '2022-07-13', 10.00, NULL, 'كرت  _ 10', 2, NULL, NULL, NULL, NULL, 122, NULL, NULL, NULL, NULL, NULL, NULL, NULL, NULL, NULL),
(139, '2022-07-13', 10.00, NULL, 'كرت  _ 10', 2, NULL, NULL, NULL, NULL, 123, NULL, NULL, NULL, NULL, NULL, NULL, NULL, NULL, NULL),
(140, '2022-07-13', 10.00, NULL, 'كرت  _ 10', 2, NULL, NULL, NULL, NULL, 124, NULL, NULL, NULL, NULL, NULL, NULL, NULL, NULL, NULL),
(141, '2022-07-13', 10.00, NULL, 'كرت  _ 10', 2, NULL, NULL, NULL, NULL, 125, NULL, NULL, NULL, NULL, NULL, NULL, NULL, NULL, NULL),
(142, '2022-07-13', 10.00, NULL, 'كرت  _ 10', 2, NULL, NULL, NULL, NULL, 126, NULL, NULL, NULL, NULL, NULL, NULL, NULL, NULL, NULL),
(143, '2022-07-13', 150.00, NULL, '01550344913', 2, NULL, NULL, NULL, NULL, 127, NULL, NULL, NULL, NULL, NULL, NULL, NULL, NULL, NULL),
(144, '2022-07-13', 150.00, NULL, 'دفعة من حساب  رضا خ محمود', 2, NULL, 4, NULL, NULL, NULL, NULL, NULL, NULL, NULL, NULL, NULL, NULL, NULL, NULL),
(145, '2022-07-13', 35.00, NULL, 'دفعة من حساب  محمد اب عبده', 2, NULL, 5, NULL, NULL, NULL, NULL, NULL, NULL, NULL, NULL, NULL, NULL, NULL, NULL),
(146, '2022-07-13', NULL, 185.00, 'احمد _ حساب محمد عبده _ رضا', 2, NULL, NULL, NULL, NULL, NULL, NULL, NULL, 5, NULL, NULL, NULL, NULL, NULL, NULL),
(147, '2022-07-13', 100.00, NULL, '01557805712', 2, NULL, NULL, NULL, NULL, 128, NULL, NULL, NULL, NULL, NULL, NULL, NULL, NULL, NULL),
(148, '2022-07-13', 25.00, NULL, 'فاتورة مبيعات نقدية9', 2, NULL, NULL, 9, NULL, NULL, NULL, NULL, NULL, NULL, NULL, NULL, NULL, NULL, NULL),
(149, '2022-07-13', 30.00, NULL, 'فاتورة مبيعات نقدية10', 2, NULL, NULL, 10, NULL, NULL, NULL, NULL, NULL, NULL, NULL, NULL, NULL, NULL, NULL),
(150, '2022-07-13', 10.00, NULL, 'كرت  _ 10', 2, NULL, NULL, NULL, NULL, 129, NULL, NULL, NULL, NULL, NULL, NULL, NULL, NULL, NULL),
(151, '2022-07-13', NULL, 610.00, 'عجز', 2, NULL, NULL, NULL, NULL, NULL, NULL, NULL, NULL, NULL, 1, NULL, NULL, NULL, NULL),
(152, '2022-07-13', 25.00, NULL, 'فاتورة مبيعات نقدية11', 2, NULL, NULL, 11, NULL, NULL, NULL, NULL, NULL, NULL, NULL, NULL, NULL, NULL, NULL),
(153, '2022-07-13', NULL, 500.00, 'ايصال دفع رقم 3', 2, NULL, NULL, NULL, 3, NULL, NULL, NULL, NULL, NULL, NULL, NULL, NULL, NULL, NULL),
(154, '2022-07-13', 5.00, NULL, 'كرت 5', 2, NULL, NULL, NULL, NULL, 130, NULL, NULL, NULL, NULL, NULL, NULL, NULL, NULL, NULL),
(155, '2022-07-13', 11.00, NULL, 'كرت  _ 10', 2, NULL, NULL, NULL, NULL, 131, NULL, NULL, NULL, NULL, NULL, NULL, NULL, NULL, NULL),
(156, '2022-07-13', 60.00, NULL, 'حكاية 25', 2, NULL, NULL, NULL, NULL, 132, NULL, NULL, NULL, NULL, NULL, NULL, NULL, NULL, NULL),
(157, '2022-07-13', 150.00, NULL, 'كرت  _ 10', 2, NULL, NULL, NULL, NULL, 133, NULL, NULL, NULL, NULL, NULL, NULL, NULL, NULL, NULL),
(158, '2022-07-13', 5.00, NULL, 'كرت 5', 2, NULL, NULL, NULL, NULL, 134, NULL, NULL, NULL, NULL, NULL, NULL, NULL, NULL, NULL),
(159, '2022-07-13', 100.00, NULL, 'كرت  _ 10', 2, NULL, NULL, NULL, NULL, 135, NULL, NULL, NULL, NULL, NULL, NULL, NULL, NULL, NULL),
(160, '2022-07-13', 30.00, NULL, 'فاتورة مبيعات نقدية12', 2, NULL, NULL, 12, NULL, NULL, NULL, NULL, NULL, NULL, NULL, NULL, NULL, NULL, NULL),
(161, '2022-07-13', 2850.00, NULL, 'تحويل فودافون كاش 01032509970', 2, NULL, NULL, NULL, NULL, NULL, NULL, 5, NULL, NULL, NULL, NULL, NULL, NULL, NULL),
(162, '2022-07-13', 5050.00, NULL, 'تحويل فودافون كاش 01226758330', 2, NULL, NULL, NULL, NULL, NULL, NULL, 6, NULL, NULL, NULL, NULL, NULL, NULL, NULL),
(163, '2022-07-13', 100.00, NULL, 'كرت  _ 10', 2, NULL, NULL, NULL, NULL, 136, NULL, NULL, NULL, NULL, NULL, NULL, NULL, NULL, NULL),
(164, '2022-07-13', 105.00, NULL, '100', 2, NULL, NULL, NULL, NULL, 137, NULL, NULL, NULL, NULL, NULL, NULL, NULL, NULL, NULL),
(165, '2022-07-13', 105.00, NULL, 'كارت 100', 2, NULL, NULL, NULL, NULL, 138, NULL, NULL, NULL, NULL, NULL, NULL, NULL, NULL, NULL),
(166, '2022-07-13', 15.00, NULL, 'فكة 15', 2, NULL, NULL, NULL, NULL, 139, NULL, NULL, NULL, NULL, NULL, NULL, NULL, NULL, NULL),
(167, '2022-07-13', 20.00, NULL, 'كرت  _ 10', 2, NULL, NULL, NULL, NULL, 140, NULL, NULL, NULL, NULL, NULL, NULL, NULL, NULL, NULL),
(168, '2022-07-13', 25.00, NULL, 'حكاية 25', 2, NULL, NULL, NULL, NULL, 141, NULL, NULL, NULL, NULL, NULL, NULL, NULL, NULL, NULL),
(169, '2022-07-13', 11.00, NULL, 'كرت  _ 10', 2, NULL, NULL, NULL, NULL, 142, NULL, NULL, NULL, NULL, NULL, NULL, NULL, NULL, NULL),
(170, '2022-07-13', 20.00, NULL, 'كرت 10', 2, NULL, NULL, NULL, NULL, 143, NULL, NULL, NULL, NULL, NULL, NULL, NULL, NULL, NULL),
(171, '2022-07-13', 40.00, NULL, '', 2, NULL, NULL, NULL, NULL, 144, NULL, NULL, NULL, NULL, NULL, NULL, NULL, NULL, NULL),
(172, '2022-07-13', 30.00, NULL, 'كرت 30', 2, NULL, NULL, NULL, NULL, 145, NULL, NULL, NULL, NULL, NULL, NULL, NULL, NULL, NULL),
(173, '2022-07-13', 143.00, NULL, '01552052710', 2, NULL, NULL, NULL, NULL, 146, NULL, NULL, NULL, NULL, NULL, NULL, NULL, NULL, NULL),
(174, '2022-07-13', 100.00, NULL, '', 2, NULL, NULL, NULL, NULL, 147, NULL, NULL, NULL, NULL, NULL, NULL, NULL, NULL, NULL),
(175, '2022-07-13', 10.00, NULL, 'كرت  _ 10', 2, NULL, NULL, NULL, NULL, 148, NULL, NULL, NULL, NULL, NULL, NULL, NULL, NULL, NULL),
(176, '2022-07-13', 50.00, NULL, 'فاتورة مبيعات نقدية13', 2, NULL, NULL, 13, NULL, NULL, NULL, NULL, NULL, NULL, NULL, NULL, NULL, NULL, NULL),
(177, '2022-07-13', 45.00, NULL, 'حكاية 35', 2, NULL, NULL, NULL, NULL, 149, NULL, NULL, NULL, NULL, NULL, NULL, NULL, NULL, NULL),
(178, '2022-07-13', 4000.00, NULL, 'تحويل فودافون كاش 010', 2, NULL, NULL, NULL, NULL, NULL, NULL, 7, NULL, NULL, NULL, NULL, NULL, NULL, NULL),
(179, '2022-07-13', 200.00, NULL, '01140435388', 2, NULL, NULL, NULL, NULL, 150, NULL, NULL, NULL, NULL, NULL, NULL, NULL, NULL, NULL),
(180, '2022-07-13', NULL, 15000.00, 'ترحيل الي جرد الثاني', 2, NULL, NULL, NULL, NULL, NULL, NULL, NULL, NULL, NULL, NULL, NULL, NULL, NULL, NULL),
(181, '2022-07-13', 10.00, NULL, 'كرت  _ 10', 2, NULL, NULL, NULL, NULL, 151, NULL, NULL, NULL, NULL, NULL, NULL, NULL, NULL, NULL),
(182, '2022-07-13', 45.00, NULL, '011543', 2, NULL, NULL, NULL, NULL, 152, NULL, NULL, NULL, NULL, NULL, NULL, NULL, NULL, NULL),
(183, '2022-07-13', 10.00, NULL, 'كرت  _ 10', 2, NULL, NULL, NULL, NULL, 153, NULL, NULL, NULL, NULL, NULL, NULL, NULL, NULL, NULL),
(184, '2022-07-13', 10.00, NULL, 'كرت  _ 10', 2, NULL, NULL, NULL, NULL, 154, NULL, NULL, NULL, NULL, NULL, NULL, NULL, NULL, NULL),
(186, '2022-07-13', 35.00, NULL, 'فاتورة مبيعات نقدية15', 2, NULL, NULL, 15, NULL, NULL, NULL, NULL, NULL, NULL, NULL, NULL, NULL, NULL, NULL),
(187, '2022-07-13', NULL, 1000.00, 'تحويل فودافون كاش ', 2, NULL, NULL, NULL, NULL, NULL, NULL, 8, NULL, NULL, NULL, NULL, NULL, NULL, NULL),
(188, '2022-07-13', 10.00, NULL, 'كرت  _ 10', 2, NULL, NULL, NULL, NULL, 155, NULL, NULL, NULL, NULL, NULL, NULL, NULL, NULL, NULL),
(189, '2022-07-13', 10.00, NULL, 'كرت  _ 10', 2, NULL, NULL, NULL, NULL, 156, NULL, NULL, NULL, NULL, NULL, NULL, NULL, NULL, NULL),
(190, '2022-07-13', 10.00, NULL, 'كرت  _ 10', 2, NULL, NULL, NULL, NULL, 157, NULL, NULL, NULL, NULL, NULL, NULL, NULL, NULL, NULL),
(191, '2022-07-13', 10.00, NULL, 'كرت  _ 10', 2, NULL, NULL, NULL, NULL, 158, NULL, NULL, NULL, NULL, NULL, NULL, NULL, NULL, NULL),
(192, '2022-07-14', 3000.00, NULL, 'تحويل فودافون كاش 0100720', 2, NULL, NULL, NULL, NULL, NULL, NULL, 9, NULL, NULL, NULL, NULL, NULL, NULL, NULL),
(193, '2022-07-14', 35.00, NULL, 'فاتورة مبيعات نقدية16', 2, NULL, NULL, 16, NULL, NULL, NULL, NULL, NULL, NULL, NULL, NULL, NULL, NULL, NULL),
(194, '2022-07-14', 75.00, NULL, 'فاتورة مبيعات نقدية17', 2, NULL, NULL, 17, NULL, NULL, NULL, NULL, NULL, NULL, NULL, NULL, NULL, NULL, NULL),
(195, '2022-07-14', 85.00, NULL, 'فاتورة مبيعات نقدية18', 2, NULL, NULL, 18, NULL, NULL, NULL, NULL, NULL, NULL, NULL, NULL, NULL, NULL, NULL),
(198, '2022-07-14', NULL, 3000.00, 'سداد مبلغ السلفة 3000.0', 0, NULL, NULL, NULL, NULL, NULL, NULL, NULL, NULL, NULL, NULL, 7, NULL, NULL, NULL),
(200, '2022-07-14', 150.00, NULL, '01026996176', 2, NULL, NULL, NULL, NULL, 159, NULL, NULL, NULL, NULL, NULL, NULL, NULL, NULL, NULL),
(201, '2022-07-14', 150.00, NULL, '01158423169', 2, NULL, NULL, NULL, NULL, 160, NULL, NULL, NULL, NULL, NULL, NULL, NULL, NULL, NULL),
(202, '2022-07-14', 140.00, NULL, '01201925584', 2, NULL, NULL, NULL, NULL, 161, NULL, NULL, NULL, NULL, NULL, NULL, NULL, NULL, NULL),
(203, '2022-07-14', 22.00, NULL, 'كرت  _ 10', 2, NULL, NULL, NULL, NULL, 162, NULL, NULL, NULL, NULL, NULL, NULL, NULL, NULL, NULL),
(204, '2022-07-14', 50.00, NULL, '011000 ', 2, NULL, NULL, NULL, NULL, 163, NULL, NULL, NULL, NULL, NULL, NULL, NULL, NULL, NULL),
(205, '2022-07-14', 65.00, NULL, '012', 2, NULL, NULL, NULL, NULL, 164, NULL, NULL, NULL, NULL, NULL, NULL, NULL, NULL, NULL),
(206, '2022-07-14', 30.00, NULL, '01553072625 ', 2, NULL, NULL, NULL, NULL, 165, NULL, NULL, NULL, NULL, NULL, NULL, NULL, NULL, NULL),
(207, '2022-07-14', 10.00, NULL, 'كرت  _ 10', 2, NULL, NULL, NULL, NULL, 166, NULL, NULL, NULL, NULL, NULL, NULL, NULL, NULL, NULL),
(208, '2022-07-14', 10.00, NULL, 'كرت  _ 10', 2, NULL, NULL, NULL, NULL, 167, NULL, NULL, NULL, NULL, NULL, NULL, NULL, NULL, NULL),
(209, '2022-07-14', 10.00, NULL, 'كرت  _ 10', 2, NULL, NULL, NULL, NULL, 168, NULL, NULL, NULL, NULL, NULL, NULL, NULL, NULL, NULL),
(210, '2022-07-14', 100.00, NULL, '011000 ', 2, NULL, NULL, NULL, NULL, 169, NULL, NULL, NULL, NULL, NULL, NULL, NULL, NULL, NULL),
(211, '2022-07-14', 150.00, NULL, '011000 ', 2, NULL, NULL, NULL, NULL, 170, NULL, NULL, NULL, NULL, NULL, NULL, NULL, NULL, NULL),
(212, '2022-07-14', 505.00, NULL, 'تحويل فودافون كاش 01005652354', 2, NULL, NULL, NULL, NULL, NULL, NULL, 11, NULL, NULL, NULL, NULL, NULL, NULL, NULL),
(213, '2022-07-14', 2830.00, NULL, 'تحويل فودافون كاش 01007179435', 2, NULL, NULL, NULL, NULL, NULL, NULL, 12, NULL, NULL, NULL, NULL, NULL, NULL, NULL),
(214, '2022-07-14', 200.00, NULL, 'تحويل فودافون كاش 010', 2, NULL, NULL, NULL, NULL, NULL, NULL, 13, NULL, NULL, NULL, NULL, NULL, NULL, NULL),
(215, '2022-07-14', NULL, 200.00, 'تحويلة كاش مع احمد', 2, NULL, NULL, NULL, NULL, NULL, NULL, NULL, 6, NULL, NULL, NULL, NULL, NULL, NULL),
(216, '2022-07-14', 145.00, NULL, '', 2, NULL, NULL, NULL, NULL, 171, NULL, NULL, NULL, NULL, NULL, NULL, NULL, NULL, NULL),
(217, '2022-07-14', 150.00, NULL, '010', 2, NULL, NULL, NULL, NULL, 172, NULL, NULL, NULL, NULL, NULL, NULL, NULL, NULL, NULL),
(218, '2022-07-14', 10.00, NULL, 'كرت  _ 10', 2, NULL, NULL, NULL, NULL, 173, NULL, NULL, NULL, NULL, NULL, NULL, NULL, NULL, NULL),
(219, '2022-07-14', 10.00, NULL, 'كرت  _ 10', 2, NULL, NULL, NULL, NULL, 174, NULL, NULL, NULL, NULL, NULL, NULL, NULL, NULL, NULL),
(220, '2022-07-14', 10.00, NULL, 'كرت  _ 10', 2, NULL, NULL, NULL, NULL, 175, NULL, NULL, NULL, NULL, NULL, NULL, NULL, NULL, NULL),
(221, '2022-07-14', 10.00, NULL, 'كرت  _ 10', 2, NULL, NULL, NULL, NULL, 176, NULL, NULL, NULL, NULL, NULL, NULL, NULL, NULL, NULL),
(222, '2022-07-14', 10.00, NULL, 'كرت  _ 10', 2, NULL, NULL, NULL, NULL, 177, NULL, NULL, NULL, NULL, NULL, NULL, NULL, NULL, NULL),
(223, '2022-07-14', 10.00, NULL, '7', 2, NULL, NULL, NULL, NULL, 178, NULL, NULL, NULL, NULL, NULL, NULL, NULL, NULL, NULL),
(224, '2022-07-14', NULL, 245.00, 'تحويل فودافون كاش ', 2, NULL, NULL, NULL, NULL, NULL, NULL, 14, NULL, NULL, NULL, NULL, NULL, NULL, NULL),
(225, '2022-07-14', 510.00, NULL, 'تحويل فودافون كاش 01127751968', 2, NULL, NULL, NULL, NULL, NULL, NULL, 15, NULL, NULL, NULL, NULL, NULL, NULL, NULL),
(226, '2022-07-14', 15000.00, NULL, 'سحب من جرد الثاني', 2, NULL, NULL, NULL, NULL, NULL, NULL, NULL, NULL, NULL, NULL, NULL, NULL, NULL, NULL),
(227, '2022-07-14', NULL, 15000.00, 'سداد مبلغ السلفة 15000.0', 0, NULL, NULL, NULL, NULL, NULL, NULL, NULL, NULL, NULL, NULL, 8, NULL, NULL, NULL),
(230, '2022-07-14', 1010.00, NULL, 'تحويل فودافون كاش 01033905970', 2, NULL, NULL, NULL, NULL, NULL, NULL, 18, NULL, NULL, NULL, NULL, NULL, NULL, NULL),
(231, '2022-07-14', 305.00, NULL, 'تحويل فودافون كاش 01094953800', 2, NULL, NULL, NULL, NULL, NULL, NULL, 19, NULL, NULL, NULL, NULL, NULL, NULL, NULL),
(232, '2022-07-14', 2000.00, NULL, 'تحويل فودافون كاش 01018284576', 2, NULL, NULL, NULL, NULL, NULL, NULL, 20, NULL, NULL, NULL, NULL, NULL, NULL, NULL),
(233, '2022-07-14', 200.00, NULL, '011564125', 2, NULL, NULL, NULL, NULL, 179, NULL, NULL, NULL, NULL, NULL, NULL, NULL, NULL, NULL),
(234, '2022-07-14', 200.00, NULL, '0115923210', 2, NULL, NULL, NULL, NULL, 180, NULL, NULL, NULL, NULL, NULL, NULL, NULL, NULL, NULL),
(235, '2022-07-14', 110.00, NULL, '0112785021', 2, NULL, NULL, NULL, NULL, 181, NULL, NULL, NULL, NULL, NULL, NULL, NULL, NULL, NULL),
(236, '2022-07-14', 55.00, NULL, 'حكاية 50', 2, NULL, NULL, NULL, NULL, 182, NULL, NULL, NULL, NULL, NULL, NULL, NULL, NULL, NULL),
(237, '2022-07-14', 10.00, NULL, 'كرت  _ 10', 2, NULL, NULL, NULL, NULL, 183, NULL, NULL, NULL, NULL, NULL, NULL, NULL, NULL, NULL),
(238, '2022-07-14', 10.00, NULL, 'كرت  _ 10', 2, NULL, NULL, NULL, NULL, 184, NULL, NULL, NULL, NULL, NULL, NULL, NULL, NULL, NULL),
(239, '2022-07-14', 10.00, NULL, 'كرت  _ 10', 2, NULL, NULL, NULL, NULL, 185, NULL, NULL, NULL, NULL, NULL, NULL, NULL, NULL, NULL),
(240, '2022-07-14', 35.00, NULL, 'فاتورة مبيعات نقدية19', 2, NULL, NULL, 19, NULL, NULL, NULL, NULL, NULL, NULL, NULL, NULL, NULL, NULL, NULL),
(241, '2022-07-14', 50.00, NULL, 'حكاية 50', 2, NULL, NULL, NULL, NULL, 186, NULL, NULL, NULL, NULL, NULL, NULL, NULL, NULL, NULL),
(242, '2022-07-14', 75.00, NULL, '01159691822', 2, NULL, NULL, NULL, NULL, 187, NULL, NULL, NULL, NULL, NULL, NULL, NULL, NULL, NULL),
(243, '2022-07-14', 2020.00, NULL, 'تحويل فودافون كاش 01007983995 ', 2, NULL, NULL, NULL, NULL, NULL, NULL, 21, NULL, NULL, NULL, NULL, NULL, NULL, NULL),
(244, '2022-07-14', NULL, 520.00, 'ايصال دفع رقم 4', 2, NULL, NULL, NULL, 4, NULL, NULL, NULL, NULL, NULL, NULL, NULL, NULL, NULL, NULL),
(245, '2022-07-14', 225.00, NULL, '011', 2, NULL, NULL, NULL, NULL, 188, NULL, NULL, NULL, NULL, NULL, NULL, NULL, NULL, NULL),
(246, '2022-07-14', 10.00, NULL, 'كرت  _ 10', 2, NULL, NULL, NULL, NULL, 189, NULL, NULL, NULL, NULL, NULL, NULL, NULL, NULL, NULL),
(247, '2022-07-14', 150.00, NULL, '01103935385 ', 2, NULL, NULL, NULL, NULL, 190, NULL, NULL, NULL, NULL, NULL, NULL, NULL, NULL, NULL),
(248, '2022-07-14', 30.00, NULL, 'فاتورة مبيعات نقدية20', 2, NULL, NULL, 20, NULL, NULL, NULL, NULL, NULL, NULL, NULL, NULL, NULL, NULL, NULL),
(249, '2022-07-14', 75.00, NULL, 'فاتورة مبيعات نقدية21', 2, NULL, NULL, 21, NULL, NULL, NULL, NULL, NULL, NULL, NULL, NULL, NULL, NULL, NULL),
(250, '2022-07-14', NULL, 10000.00, 'ترحيل الي جرد الثاني', 2, NULL, NULL, NULL, NULL, NULL, NULL, NULL, NULL, NULL, NULL, NULL, NULL, NULL, NULL),
(251, '2022-07-14', 750.00, NULL, 'تحويل فودافون كاش 01007983995 ', 2, NULL, NULL, NULL, NULL, NULL, NULL, 23, NULL, NULL, NULL, NULL, NULL, NULL, NULL),
(252, '2022-07-14', NULL, 1000.00, 'ايصال دفع رقم 5 _ تحويل كاش 21', 2, NULL, NULL, NULL, 5, NULL, NULL, NULL, NULL, NULL, NULL, NULL, NULL, NULL, NULL),
(253, '2022-07-14', 130.00, NULL, '011', 2, NULL, NULL, NULL, NULL, 192, NULL, NULL, NULL, NULL, NULL, NULL, NULL, NULL, NULL),
(254, '2022-07-14', 10.00, NULL, 'كرت  _ 10', 2, NULL, NULL, NULL, NULL, 193, NULL, NULL, NULL, NULL, NULL, NULL, NULL, NULL, NULL),
(255, '2022-07-14', -200.00, NULL, 'دفعة من حساب  محمد تلاجة ', 2, NULL, 6, NULL, NULL, NULL, NULL, NULL, NULL, NULL, NULL, NULL, NULL, NULL, NULL),
(256, '2022-07-14', 75.00, NULL, '', 2, NULL, NULL, NULL, NULL, 194, NULL, NULL, NULL, NULL, NULL, NULL, NULL, NULL, NULL),
(257, '2022-07-14', 9450.00, NULL, 'تحويل فودافون كاش 01027699087', 2, NULL, NULL, NULL, NULL, NULL, NULL, 24, NULL, NULL, NULL, NULL, NULL, NULL, NULL),
(258, '2022-07-14', NULL, 10000.00, 'ترحيل الي جرد الثاني', 2, NULL, NULL, NULL, NULL, NULL, NULL, NULL, NULL, NULL, NULL, NULL, NULL, NULL, NULL),
(259, '2022-07-14', 75.00, NULL, '011', 2, NULL, NULL, NULL, NULL, 195, NULL, NULL, NULL, NULL, NULL, NULL, NULL, NULL, NULL),
(260, '2022-07-14', 43.00, NULL, '01102', 2, NULL, NULL, NULL, NULL, 196, NULL, NULL, NULL, NULL, NULL, NULL, NULL, NULL, NULL),
(263, '2022-07-14', 75.00, NULL, '01155997556', 2, NULL, NULL, NULL, NULL, 199, NULL, NULL, NULL, NULL, NULL, NULL, NULL, NULL, NULL),
(264, '2022-07-14', 50.00, NULL, '01155997556', 2, NULL, NULL, NULL, NULL, 200, NULL, NULL, NULL, NULL, NULL, NULL, NULL, NULL, NULL),
(265, '2022-07-14', 75.00, NULL, '011555', 2, NULL, NULL, NULL, NULL, 201, NULL, NULL, NULL, NULL, NULL, NULL, NULL, NULL, NULL),
(266, '2022-07-14', 55.00, NULL, 'كرت  _ 10', 2, NULL, NULL, NULL, NULL, 202, NULL, NULL, NULL, NULL, NULL, NULL, NULL, NULL, NULL),
(267, '2022-07-14', 150.00, NULL, '', 2, NULL, NULL, NULL, NULL, 203, NULL, NULL, NULL, NULL, NULL, NULL, NULL, NULL, NULL),
(268, '2022-07-14', 77.00, NULL, 'كرت  _ 10', 2, NULL, NULL, NULL, NULL, 204, NULL, NULL, NULL, NULL, NULL, NULL, NULL, NULL, NULL),
(269, '2022-07-14', 1550.00, NULL, '', 2, NULL, NULL, NULL, NULL, 205, NULL, NULL, NULL, NULL, NULL, NULL, NULL, NULL, NULL),
(270, '2022-07-14', NULL, 3000.00, 'ترحيل الي جرد الثاني', 2, NULL, NULL, NULL, NULL, NULL, NULL, NULL, NULL, NULL, NULL, NULL, NULL, NULL, NULL),
(271, '2022-07-14', 10.00, NULL, 'كرت  _ 10', 2, NULL, NULL, NULL, NULL, 206, NULL, NULL, NULL, NULL, NULL, NULL, NULL, NULL, NULL),
(272, '2022-07-14', 10.00, NULL, 'كرت  _ 10', 2, NULL, NULL, NULL, NULL, 207, NULL, NULL, NULL, NULL, NULL, NULL, NULL, NULL, NULL),
(273, '2022-07-14', 10.00, NULL, 'كرت  _ 10', 2, NULL, NULL, NULL, NULL, 208, NULL, NULL, NULL, NULL, NULL, NULL, NULL, NULL, NULL),
(274, '2022-07-14', 10.00, NULL, 'كرت  _ 10', 2, NULL, NULL, NULL, NULL, 209, NULL, NULL, NULL, NULL, NULL, NULL, NULL, NULL, NULL),
(275, '2022-07-14', 10.00, NULL, 'كرت  _ 10', 2, NULL, NULL, NULL, NULL, 210, NULL, NULL, NULL, NULL, NULL, NULL, NULL, NULL, NULL),
(276, '2022-07-14', 10.00, NULL, 'كرت  _ 10', 2, NULL, NULL, NULL, NULL, 211, NULL, NULL, NULL, NULL, NULL, NULL, NULL, NULL, NULL),
(277, '2022-07-15', 10.00, NULL, 'كرت  _ 10', 2, NULL, NULL, NULL, NULL, 212, NULL, NULL, NULL, NULL, NULL, NULL, NULL, NULL, NULL),
(278, '2022-07-15', 10.00, NULL, 'كرت  _ 10', 2, NULL, NULL, NULL, NULL, 213, NULL, NULL, NULL, NULL, NULL, NULL, NULL, NULL, NULL),
(279, '2022-07-15', 200.00, NULL, '01112860121', 2, NULL, NULL, NULL, NULL, 214, NULL, NULL, NULL, NULL, NULL, NULL, NULL, NULL, NULL),
(280, '2022-07-15', 40.00, NULL, 'فاتورة مبيعات نقدية22', 2, NULL, NULL, 22, NULL, NULL, NULL, NULL, NULL, NULL, NULL, NULL, NULL, NULL, NULL),
(281, '2022-07-15', 20000.00, NULL, 'سحب من جرد الثاني', 2, NULL, NULL, NULL, NULL, NULL, NULL, NULL, NULL, NULL, NULL, NULL, NULL, NULL, NULL),
(282, '2022-07-15', NULL, 20000.00, 'ايصال دفع رقم 6', 2, NULL, NULL, NULL, 6, NULL, NULL, NULL, NULL, NULL, NULL, NULL, NULL, NULL, NULL),
(283, '2022-07-15', 10.00, NULL, 'كرت  _ 10', 2, NULL, NULL, NULL, NULL, 216, NULL, NULL, NULL, NULL, NULL, NULL, NULL, NULL, NULL),
(284, '2022-07-15', 10.00, NULL, 'كرت  _ 10', 2, NULL, NULL, NULL, NULL, 217, NULL, NULL, NULL, NULL, NULL, NULL, NULL, NULL, NULL),
(285, '2022-07-15', 150.00, NULL, '', 2, NULL, NULL, NULL, NULL, 220, NULL, NULL, NULL, NULL, NULL, NULL, NULL, NULL, NULL),
(286, '2022-07-15', 75.00, NULL, '', 2, NULL, NULL, NULL, NULL, 221, NULL, NULL, NULL, NULL, NULL, NULL, NULL, NULL, NULL),
(287, '2022-07-15', 30.00, NULL, '', 2, NULL, NULL, NULL, NULL, 222, NULL, NULL, NULL, NULL, NULL, NULL, NULL, NULL, NULL),
(288, '2022-07-15', 45.00, NULL, 'فاتورة مبيعات نقدية23', 2, NULL, NULL, 23, NULL, NULL, NULL, NULL, NULL, NULL, NULL, NULL, NULL, NULL, NULL),
(289, '2022-07-15', 10.00, NULL, 'كرت  _ 10', 2, NULL, NULL, NULL, NULL, 224, NULL, NULL, NULL, NULL, NULL, NULL, NULL, NULL, NULL),
(290, '2022-07-15', 10.00, NULL, 'كرت  _ 10', 2, NULL, NULL, NULL, NULL, 225, NULL, NULL, NULL, NULL, NULL, NULL, NULL, NULL, NULL),
(291, '2022-07-15', 10.00, NULL, 'كرت  _ 10', 2, NULL, NULL, NULL, NULL, 226, NULL, NULL, NULL, NULL, NULL, NULL, NULL, NULL, NULL),
(292, '2022-07-15', 1515.00, NULL, 'تحويل فودافون كاش 01019913370', 2, NULL, NULL, NULL, NULL, NULL, NULL, 25, NULL, NULL, NULL, NULL, NULL, NULL, NULL),
(293, '2022-07-15', 2530.00, NULL, 'تحويل فودافون كاش 01143627655', 2, NULL, NULL, NULL, NULL, NULL, NULL, 26, NULL, NULL, NULL, NULL, NULL, NULL, NULL),
(294, '2022-07-15', 600.00, NULL, 'تحويل فودافون كاش 01227647519', 2, NULL, NULL, NULL, NULL, NULL, NULL, 27, NULL, NULL, NULL, NULL, NULL, NULL, NULL),
(295, '2022-07-15', 10.00, NULL, 'كرت  _ 10', 2, NULL, NULL, NULL, NULL, 227, NULL, NULL, NULL, NULL, NULL, NULL, NULL, NULL, NULL),
(296, '2022-07-15', 10.00, NULL, 'كرت  _ 10', 2, NULL, NULL, NULL, NULL, 228, NULL, NULL, NULL, NULL, NULL, NULL, NULL, NULL, NULL),
(297, '2022-07-15', 300.00, NULL, '01151728068', 2, NULL, NULL, NULL, NULL, 229, NULL, NULL, NULL, NULL, NULL, NULL, NULL, NULL, NULL),
(298, '2022-07-15', NULL, 5000.00, 'ترحيل الي جرد الثاني', 2, NULL, NULL, NULL, NULL, NULL, NULL, NULL, NULL, NULL, NULL, NULL, NULL, NULL, NULL),
(299, '2022-07-15', -100.00, NULL, 'دفعة من حساب  محمد تلاجة ', 2, NULL, 7, NULL, NULL, NULL, NULL, NULL, NULL, NULL, NULL, NULL, NULL, NULL, NULL),
(300, '2022-07-15', 8000.00, NULL, 'سحب من جرد الثاني', 2, NULL, NULL, NULL, NULL, NULL, NULL, NULL, NULL, NULL, NULL, NULL, NULL, NULL, NULL),
(301, '2022-07-15', NULL, 8000.00, 'ترحيل الي جرد الثاني', 2, NULL, NULL, NULL, NULL, NULL, NULL, NULL, NULL, NULL, NULL, NULL, NULL, NULL, NULL),
(302, '2022-07-15', 10.00, NULL, 'كرت  _ 10', 2, NULL, NULL, NULL, NULL, 230, NULL, NULL, NULL, NULL, NULL, NULL, NULL, NULL, NULL),
(303, '2022-07-15', 10.00, NULL, 'كرت 9', 2, NULL, NULL, NULL, NULL, 231, NULL, NULL, NULL, NULL, NULL, NULL, NULL, NULL, NULL),
(304, '2022-07-15', 10.00, NULL, 'كرت  _ 10', 2, NULL, NULL, NULL, NULL, 232, NULL, NULL, NULL, NULL, NULL, NULL, NULL, NULL, NULL),
(305, '2022-07-15', 35.00, NULL, 'شحن كروت الكهرباء', 2, NULL, NULL, NULL, NULL, 233, NULL, NULL, NULL, NULL, NULL, NULL, NULL, NULL, NULL),
(306, '2022-07-15', 25.00, NULL, 'فاتورة مبيعات نقدية24', 2, NULL, NULL, 24, NULL, NULL, NULL, NULL, NULL, NULL, NULL, NULL, NULL, NULL, NULL),
(307, '2022-07-15', 50.00, NULL, 'فاتورة مبيعات نقدية25', 2, NULL, NULL, 25, NULL, NULL, NULL, NULL, NULL, NULL, NULL, NULL, NULL, NULL, NULL),
(308, '2022-07-15', NULL, 8000.00, 'ترحيل الي جرد الثاني', 2, NULL, NULL, NULL, NULL, NULL, NULL, NULL, NULL, NULL, NULL, NULL, NULL, NULL, NULL),
(309, '2022-07-15', 16000.00, NULL, 'سحب من جرد الثاني', 2, NULL, NULL, NULL, NULL, NULL, NULL, NULL, NULL, NULL, NULL, NULL, NULL, NULL, NULL),
(310, '2022-07-15', NULL, 8000.00, 'ايصال دفع رقم 7', 2, NULL, NULL, NULL, 7, NULL, NULL, NULL, NULL, NULL, NULL, NULL, NULL, NULL, NULL),
(311, '2022-07-16', 65.00, NULL, 'فاتورة مبيعات نقدية26', 2, NULL, NULL, 26, NULL, NULL, NULL, NULL, NULL, NULL, NULL, NULL, NULL, NULL, NULL),
(312, '2022-07-16', 150.00, NULL, '011', 2, NULL, NULL, NULL, NULL, 234, NULL, NULL, NULL, NULL, NULL, NULL, NULL, NULL, NULL),
(313, '2022-07-16', 150.00, NULL, '011', 2, NULL, NULL, NULL, NULL, 239, NULL, NULL, NULL, NULL, NULL, NULL, NULL, NULL, NULL),
(314, '2022-07-16', 46.50, NULL, '011000', 2, NULL, NULL, NULL, NULL, 240, NULL, NULL, NULL, NULL, NULL, NULL, NULL, NULL, NULL),
(315, '2022-07-16', 300.00, NULL, '011000', 2, NULL, NULL, NULL, NULL, 241, NULL, NULL, NULL, NULL, NULL, NULL, NULL, NULL, NULL),
(316, '2022-07-16', 198.50, NULL, '01100', 2, NULL, NULL, NULL, NULL, 242, NULL, NULL, NULL, NULL, NULL, NULL, NULL, NULL, NULL),
(317, '2022-07-16', 5.00, NULL, 'كرت 5', 2, NULL, NULL, NULL, NULL, 243, NULL, NULL, NULL, NULL, NULL, NULL, NULL, NULL, NULL),
(318, '2022-07-16', 150.00, NULL, '01100', 2, NULL, NULL, NULL, NULL, 244, NULL, NULL, NULL, NULL, NULL, NULL, NULL, NULL, NULL),
(319, '2022-07-16', 150.00, NULL, '011000', 2, NULL, NULL, NULL, NULL, 245, NULL, NULL, NULL, NULL, NULL, NULL, NULL, NULL, NULL),
(320, '2022-07-16', 10.00, NULL, 'كرت  _ 10', 2, NULL, NULL, NULL, NULL, 246, NULL, NULL, NULL, NULL, NULL, NULL, NULL, NULL, NULL),
(321, '2022-07-16', 8.00, NULL, 'كرت 7', 2, NULL, NULL, NULL, NULL, 247, NULL, NULL, NULL, NULL, NULL, NULL, NULL, NULL, NULL),
(322, '2022-07-16', NULL, 50.00, 'احمد', 2, NULL, NULL, NULL, NULL, NULL, NULL, NULL, 7, NULL, NULL, NULL, NULL, NULL, NULL),
(323, '2022-07-16', 1010.00, NULL, 'تحويل فودافون كاش 0100', 2, NULL, NULL, NULL, NULL, NULL, NULL, 28, NULL, NULL, NULL, NULL, NULL, NULL, NULL),
(324, '2022-07-16', 1000.00, NULL, 'سحب من جرد الثاني', 2, NULL, NULL, NULL, NULL, NULL, NULL, NULL, NULL, NULL, NULL, NULL, NULL, NULL, NULL),
(325, '2022-07-16', -1000.00, NULL, 'دفعة من حساب  صديق السوداني', 2, NULL, 8, NULL, NULL, NULL, NULL, NULL, NULL, NULL, NULL, NULL, NULL, NULL, NULL),
(326, '2022-07-16', NULL, 100.00, 'البيت', 2, NULL, NULL, NULL, NULL, NULL, NULL, NULL, 8, NULL, NULL, NULL, NULL, NULL, NULL),
(327, '2022-07-16', NULL, 200.00, 'عرفه', 2, NULL, NULL, NULL, NULL, NULL, NULL, NULL, 9, NULL, NULL, NULL, NULL, NULL, NULL),
(328, '2022-07-16', NULL, 165.00, 'عجز', 2, NULL, NULL, NULL, NULL, NULL, NULL, NULL, NULL, NULL, 2, NULL, NULL, NULL, NULL),
(329, '2022-07-16', 50.00, NULL, '01146795062', 2, NULL, NULL, NULL, NULL, 249, NULL, NULL, NULL, NULL, NULL, NULL, NULL, NULL, NULL),
(330, '2022-07-16', NULL, 50.00, 'عجز', 2, NULL, NULL, NULL, NULL, NULL, NULL, NULL, NULL, NULL, 3, NULL, NULL, NULL, NULL),
(331, '2022-07-16', 130.00, NULL, 'فاتورة مبيعات نقدية27', 2, NULL, NULL, 27, NULL, NULL, NULL, NULL, NULL, NULL, NULL, NULL, NULL, NULL, NULL),
(332, '2022-07-16', 1800.00, NULL, 'm maher remon', 2, NULL, NULL, NULL, NULL, NULL, NULL, NULL, NULL, 2, NULL, NULL, NULL, NULL, NULL),
(333, '2022-07-16', NULL, 4500.00, 'ايصال دفع رقم 8', 2, NULL, NULL, NULL, 8, NULL, NULL, NULL, NULL, NULL, NULL, NULL, NULL, NULL, NULL),
(334, '2022-07-16', 300.00, NULL, '01100', 2, NULL, NULL, NULL, NULL, 251, NULL, NULL, NULL, NULL, NULL, NULL, NULL, NULL, NULL),
(335, '2022-07-16', 10.00, NULL, 'كرت  _ 10', 2, NULL, NULL, NULL, NULL, 252, NULL, NULL, NULL, NULL, NULL, NULL, NULL, NULL, NULL),
(336, '2022-07-16', 10.00, NULL, 'كرت  _ 10', 2, NULL, NULL, NULL, NULL, 253, NULL, NULL, NULL, NULL, NULL, NULL, NULL, NULL, NULL),
(337, '2022-07-16', 8.00, NULL, 'كرت 7', 2, NULL, NULL, NULL, NULL, 254, NULL, NULL, NULL, NULL, NULL, NULL, NULL, NULL, NULL),
(338, '2022-07-16', 15.00, NULL, 'فاتورة مبيعات نقدية28', 2, NULL, NULL, 28, NULL, NULL, NULL, NULL, NULL, NULL, NULL, NULL, NULL, NULL, NULL),
(339, '2022-07-16', NULL, 1250.00, 'سداد مبلغ السلفة 1250.0', 0, NULL, NULL, NULL, NULL, NULL, NULL, NULL, NULL, NULL, NULL, 9, NULL, NULL, NULL),
(340, '2022-07-16', 1250.00, NULL, 'تحويل فودافون كاش 01030716084', 2, NULL, NULL, NULL, NULL, NULL, NULL, 29, NULL, NULL, NULL, NULL, NULL, NULL, NULL),
(341, '2022-07-16', 500.00, NULL, 'gmal byome amazon', 2, NULL, NULL, NULL, NULL, NULL, NULL, NULL, NULL, 3, NULL, NULL, NULL, NULL, NULL),
(342, '2022-07-16', 300.00, NULL, '', 2, NULL, NULL, NULL, NULL, 256, NULL, NULL, NULL, NULL, NULL, NULL, NULL, NULL, NULL),
(343, '2022-07-16', 225.00, NULL, '', 2, NULL, NULL, NULL, NULL, 257, NULL, NULL, NULL, NULL, NULL, NULL, NULL, NULL, NULL),
(344, '2022-07-16', 55.00, NULL, 'كرت  _ 10', 2, NULL, NULL, NULL, NULL, 258, NULL, NULL, NULL, NULL, NULL, NULL, NULL, NULL, NULL),
(345, '2022-07-16', NULL, 500.00, 'سداد مبلغ السلفة 500.0', 0, NULL, NULL, NULL, NULL, NULL, NULL, NULL, NULL, NULL, NULL, 10, NULL, NULL, NULL),
(346, '2022-07-16', -700.00, NULL, 'موقع سوق امازون حمادة عابدين', 2, NULL, NULL, NULL, NULL, NULL, NULL, NULL, NULL, 4, NULL, NULL, NULL, NULL, NULL),
(347, '2022-07-16', 122.00, NULL, '011', 2, NULL, NULL, NULL, NULL, 259, NULL, NULL, NULL, NULL, NULL, NULL, NULL, NULL, NULL),
(348, '2022-07-16', -50.00, NULL, 'دفعة من حساب  عبد الله عز', 2, NULL, 9, NULL, NULL, NULL, NULL, NULL, NULL, NULL, NULL, NULL, NULL, NULL, NULL),
(349, '2022-07-16', NULL, 40.00, 'سجاير عرفه', 2, NULL, NULL, NULL, NULL, NULL, NULL, NULL, 10, NULL, NULL, NULL, NULL, NULL, NULL),
(351, '2022-07-16', 25.00, NULL, 'فاتورة مبيعات نقدية30', 2, NULL, NULL, 30, NULL, NULL, NULL, NULL, NULL, NULL, NULL, NULL, NULL, NULL, NULL),
(352, '2022-07-16', 15.00, NULL, 'فاتورة مبيعات نقدية31', 2, NULL, NULL, 31, NULL, NULL, NULL, NULL, NULL, NULL, NULL, NULL, NULL, NULL, NULL),
(353, '2022-07-16', 120.00, NULL, 'تحويل فودافون كاش 01007983995 ', 2, NULL, NULL, NULL, NULL, NULL, NULL, 30, NULL, NULL, NULL, NULL, NULL, NULL, NULL),
(354, '2022-07-16', 10.00, NULL, 'كرت  _ 10', 2, NULL, NULL, NULL, NULL, 261, NULL, NULL, NULL, NULL, NULL, NULL, NULL, NULL, NULL),
(355, '2022-07-16', 10.00, NULL, 'كرت  _ 10', 2, NULL, NULL, NULL, NULL, 262, NULL, NULL, NULL, NULL, NULL, NULL, NULL, NULL, NULL),
(356, '2022-07-16', 110.00, NULL, 'كرت  _ 10', 2, NULL, NULL, NULL, NULL, 263, NULL, NULL, NULL, NULL, NULL, NULL, NULL, NULL, NULL),
(357, '2022-07-16', 30.00, NULL, '01148355283', 2, NULL, NULL, NULL, NULL, 264, NULL, NULL, NULL, NULL, NULL, NULL, NULL, NULL, NULL),
(358, '2022-07-16', 60.00, NULL, '01201286749', 2, NULL, NULL, NULL, NULL, 265, NULL, NULL, NULL, NULL, NULL, NULL, NULL, NULL, NULL),
(359, '2022-07-16', NULL, 450.00, 'سداد مبلغ السلفة 450.0', 0, NULL, NULL, NULL, NULL, NULL, NULL, NULL, NULL, NULL, NULL, 11, NULL, NULL, NULL),
(360, '2022-07-16', 50.00, NULL, 'دفعة من حساب  عبد الله عز', 2, NULL, 10, NULL, NULL, NULL, NULL, NULL, NULL, NULL, NULL, NULL, NULL, NULL, NULL),
(361, '2022-07-16', 70.00, NULL, '01113721394', 2, NULL, NULL, NULL, NULL, 266, NULL, NULL, NULL, NULL, NULL, NULL, NULL, NULL, NULL),
(362, '2022-07-16', 5000.00, NULL, 'تحويل فودافون كاش 01200', 2, NULL, NULL, NULL, NULL, NULL, NULL, 31, NULL, NULL, NULL, NULL, NULL, NULL, NULL),
(363, '2022-07-16', -2050.00, NULL, 'شغل الجبل جاز و زيت', 2, NULL, NULL, NULL, NULL, NULL, NULL, NULL, NULL, 5, NULL, NULL, NULL, NULL, NULL),
(364, '2022-07-16', 10.00, NULL, 'كرت  _ 10', 2, NULL, NULL, NULL, NULL, 268, NULL, NULL, NULL, NULL, NULL, NULL, NULL, NULL, NULL),
(365, '2022-07-16', 7.00, NULL, '01553072625 ', 2, NULL, NULL, NULL, NULL, 269, NULL, NULL, NULL, NULL, NULL, NULL, NULL, NULL, NULL),
(366, '2022-07-16', 40.00, NULL, 'فاتورة مبيعات نقدية32', 2, NULL, NULL, 32, NULL, NULL, NULL, NULL, NULL, NULL, NULL, NULL, NULL, NULL, NULL),
(367, '2022-07-16', 105.00, NULL, '01550622211', 2, NULL, NULL, NULL, NULL, 270, NULL, NULL, NULL, NULL, NULL, NULL, NULL, NULL, NULL),
(368, '2022-07-16', 30.00, NULL, '01550620061 ', 2, NULL, NULL, NULL, NULL, 272, NULL, NULL, NULL, NULL, NULL, NULL, NULL, NULL, NULL),
(369, '2022-07-16', 15.00, NULL, '01553072625 ', 2, NULL, NULL, NULL, NULL, 273, NULL, NULL, NULL, NULL, NULL, NULL, NULL, NULL, NULL),
(370, '2022-07-16', 120.00, NULL, '01110885192', 2, NULL, NULL, NULL, NULL, 275, NULL, NULL, NULL, NULL, NULL, NULL, NULL, NULL, NULL),
(371, '2022-07-16', 150.00, NULL, '01103935385 ', 2, NULL, NULL, NULL, NULL, 276, NULL, NULL, NULL, NULL, NULL, NULL, NULL, NULL, NULL),
(372, '2022-07-16', 1000.00, NULL, 'تحويل فودافون كاش 01095330183', 2, NULL, NULL, NULL, NULL, NULL, NULL, 32, NULL, NULL, NULL, NULL, NULL, NULL, NULL),
(373, '2022-07-16', 2020.00, NULL, 'تحويل فودافون كاش 01001611751', 2, NULL, NULL, NULL, NULL, NULL, NULL, 33, NULL, NULL, NULL, NULL, NULL, NULL, NULL),
(374, '2022-07-16', NULL, 490.00, 'تحويل فودافون كاش ', 2, NULL, NULL, NULL, NULL, NULL, NULL, 34, NULL, NULL, NULL, NULL, NULL, NULL, NULL),
(375, '2022-07-16', 10.00, NULL, 'كرت  _ 10', 2, NULL, NULL, NULL, NULL, 277, NULL, NULL, NULL, NULL, NULL, NULL, NULL, NULL, NULL),
(376, '2022-07-16', NULL, 5000.00, 'ايصال دفع رقم 9', 2, NULL, NULL, NULL, 9, NULL, NULL, NULL, NULL, NULL, NULL, NULL, NULL, NULL, NULL),
(377, '2022-07-16', NULL, 100.00, 'سداد مبلغ السلفة 100.0', 0, NULL, NULL, NULL, NULL, NULL, NULL, NULL, NULL, NULL, NULL, 12, NULL, NULL, NULL),
(378, '2022-07-16', 10.00, NULL, 'كرت  _ 10', 2, NULL, NULL, NULL, NULL, 278, NULL, NULL, NULL, NULL, NULL, NULL, NULL, NULL, NULL),
(379, '2022-07-16', 10.00, NULL, 'كرت  _ 10', 2, NULL, NULL, NULL, NULL, 279, NULL, NULL, NULL, NULL, NULL, NULL, NULL, NULL, NULL),
(380, '2022-07-16', 35.00, NULL, 'فاتورة مبيعات نقدية33', 2, NULL, NULL, 33, NULL, NULL, NULL, NULL, NULL, NULL, NULL, NULL, NULL, NULL, NULL),
(381, '2022-07-16', 20.00, NULL, 'شحن كروت الكهرباء', 2, NULL, NULL, NULL, NULL, 281, NULL, NULL, NULL, NULL, NULL, NULL, NULL, NULL, NULL),
(382, '2022-07-16', 143.00, NULL, '01552299638', 2, NULL, NULL, NULL, NULL, 282, NULL, NULL, NULL, NULL, NULL, NULL, NULL, NULL, NULL),
(383, '2022-07-16', NULL, 15.00, 'عجز', 2, NULL, NULL, NULL, NULL, NULL, NULL, NULL, NULL, NULL, 4, NULL, NULL, NULL, NULL),
(384, '2022-07-17', NULL, 50.00, 'عرفه ', 2, NULL, NULL, NULL, NULL, NULL, NULL, NULL, 11, NULL, NULL, NULL, NULL, NULL, NULL),
(386, '2022-07-17', 40.00, NULL, 'فاتورة مبيعات نقدية35', 2, NULL, NULL, 35, NULL, NULL, NULL, NULL, NULL, NULL, NULL, NULL, NULL, NULL, NULL),
(387, '2022-07-17', 50.00, NULL, 'فاتورة مبيعات نقدية36', 2, NULL, NULL, 36, NULL, NULL, NULL, NULL, NULL, NULL, NULL, NULL, NULL, NULL, NULL),
(388, '2022-07-17', 15.00, NULL, 'فاتورة مبيعات نقدية37', 2, NULL, NULL, 37, NULL, NULL, NULL, NULL, NULL, NULL, NULL, NULL, NULL, NULL, NULL),
(390, '2022-07-17', 10.00, NULL, 'فاتورة مبيعات نقدية38', 2, NULL, NULL, 38, NULL, NULL, NULL, NULL, NULL, NULL, NULL, NULL, NULL, NULL, NULL);
INSERT INTO `casher` (`id_casher`, `date_casher`, `Debit`, `Creditor`, `note`, `id_users`, `id_purchaseInvoice`, `id_Receipt`, `id_salesInvoic`, `id_PaymentReceipt`, `id_masary_pay`, `id_masary_sell`, `id_Send_Receive`, `id_fees`, `id_Solf`, `id_deficiency_excess`, `id_paydebt`, `id_exports`, `id_expens`, `id_imports`) VALUES
(391, '2022-07-17', 2675.00, NULL, '', 2, NULL, NULL, NULL, NULL, 283, NULL, NULL, NULL, NULL, NULL, NULL, NULL, NULL, NULL),
(392, '2022-07-17', 310.00, NULL, '', 2, NULL, NULL, NULL, NULL, 284, NULL, NULL, NULL, NULL, NULL, NULL, NULL, NULL, NULL),
(393, '2022-07-17', 10.00, NULL, 'كرت  _ 10', 2, NULL, NULL, NULL, NULL, 285, NULL, NULL, NULL, NULL, NULL, NULL, NULL, NULL, NULL),
(394, '2022-07-17', 10.00, NULL, 'كرت  _ 10', 2, NULL, NULL, NULL, NULL, 286, NULL, NULL, NULL, NULL, NULL, NULL, NULL, NULL, NULL),
(395, '2022-07-17', 12500.00, NULL, 'تحويل فودافون كاش 010', 2, NULL, NULL, NULL, NULL, NULL, NULL, 35, NULL, NULL, NULL, NULL, NULL, NULL, NULL),
(396, '2022-07-17', 2500.00, NULL, 'محمد كميرات سداد', 2, NULL, NULL, NULL, NULL, NULL, NULL, NULL, NULL, 6, NULL, NULL, NULL, NULL, NULL),
(397, '2022-07-17', 300.00, NULL, '011', 2, NULL, NULL, NULL, NULL, 288, NULL, NULL, NULL, NULL, NULL, NULL, NULL, NULL, NULL),
(398, '2022-07-17', 750.00, NULL, '01103935385 ', 2, NULL, NULL, NULL, NULL, 289, NULL, NULL, NULL, NULL, NULL, NULL, NULL, NULL, NULL),
(399, '2022-07-17', 2000.00, NULL, 'حسين بكر test', 2, NULL, NULL, NULL, NULL, NULL, NULL, NULL, NULL, 7, NULL, NULL, NULL, NULL, NULL),
(400, '2022-07-17', 300.00, NULL, '01103935385 ', 2, NULL, NULL, NULL, NULL, 290, NULL, NULL, NULL, NULL, NULL, NULL, NULL, NULL, NULL),
(401, '2022-07-17', 300.00, NULL, '01103935385 ', 2, NULL, NULL, NULL, NULL, 291, NULL, NULL, NULL, NULL, NULL, NULL, NULL, NULL, NULL),
(402, '2022-07-17', 75.00, NULL, '01103935385 ', 2, NULL, NULL, NULL, NULL, 293, NULL, NULL, NULL, NULL, NULL, NULL, NULL, NULL, NULL),
(403, '2022-07-17', 8.00, NULL, '', 2, NULL, NULL, NULL, NULL, 294, NULL, NULL, NULL, NULL, NULL, NULL, NULL, NULL, NULL),
(404, '2022-07-17', NULL, 20000.00, 'ترحيل الي جرد الثاني', 2, NULL, NULL, NULL, NULL, NULL, NULL, NULL, NULL, NULL, NULL, NULL, NULL, NULL, NULL),
(405, '2022-07-17', 480.00, NULL, '01103935385 ', 2, NULL, NULL, NULL, NULL, 295, NULL, NULL, NULL, NULL, NULL, NULL, NULL, NULL, NULL),
(406, '2022-07-17', NULL, 2800.00, 'ترحيل الي جرد الثاني', 2, NULL, NULL, NULL, NULL, NULL, NULL, NULL, NULL, NULL, NULL, NULL, NULL, NULL, NULL),
(407, '2022-07-17', 150.00, NULL, '0111', 2, NULL, NULL, NULL, NULL, 296, NULL, NULL, NULL, NULL, NULL, NULL, NULL, NULL, NULL),
(408, '2022-07-17', 30.00, NULL, '0112', 2, NULL, NULL, NULL, NULL, 297, NULL, NULL, NULL, NULL, NULL, NULL, NULL, NULL, NULL),
(409, '2022-07-17', -100.00, NULL, 'دفعة من حساب  عثمان السوداني', 2, NULL, 11, NULL, NULL, NULL, NULL, NULL, NULL, NULL, NULL, NULL, NULL, NULL, NULL),
(410, '2022-07-17', 6470.00, NULL, 'تحويل فودافون كاش 012', 2, NULL, NULL, NULL, NULL, NULL, NULL, 36, NULL, NULL, NULL, NULL, NULL, NULL, NULL),
(411, '2022-07-17', 1100.00, NULL, 'تحويل فودافون كاش 010', 2, NULL, NULL, NULL, NULL, NULL, NULL, 37, NULL, NULL, NULL, NULL, NULL, NULL, NULL),
(412, '2022-07-17', NULL, 7500.00, 'ترحيل الي جرد الثاني', 2, NULL, NULL, NULL, NULL, NULL, NULL, NULL, NULL, NULL, NULL, NULL, NULL, NULL, NULL),
(413, '2022-07-17', 10.00, NULL, 'كرت  _ 10', 2, NULL, NULL, NULL, NULL, 299, NULL, NULL, NULL, NULL, NULL, NULL, NULL, NULL, NULL),
(414, '2022-07-17', 10.00, NULL, 'كرت  _ 10', 2, NULL, NULL, NULL, NULL, 300, NULL, NULL, NULL, NULL, NULL, NULL, NULL, NULL, NULL),
(415, '2022-07-17', 5.00, NULL, '', 2, NULL, NULL, NULL, NULL, 301, NULL, NULL, NULL, NULL, NULL, NULL, NULL, NULL, NULL),
(416, '2022-07-17', 300.00, NULL, '200', 2, NULL, NULL, NULL, NULL, 303, NULL, NULL, NULL, NULL, NULL, NULL, NULL, NULL, NULL),
(417, '2022-07-17', 270.00, NULL, '', 2, NULL, NULL, NULL, NULL, 304, NULL, NULL, NULL, NULL, NULL, NULL, NULL, NULL, NULL),
(418, '2022-07-17', 10.00, NULL, 'كرت  _ 10', 2, NULL, NULL, NULL, NULL, 305, NULL, NULL, NULL, NULL, NULL, NULL, NULL, NULL, NULL),
(419, '2022-07-17', 10.00, NULL, 'كرت  _ 10', 2, NULL, NULL, NULL, NULL, 306, NULL, NULL, NULL, NULL, NULL, NULL, NULL, NULL, NULL),
(420, '2022-07-17', 180.00, NULL, '01150049813', 2, NULL, NULL, NULL, NULL, 307, NULL, NULL, NULL, NULL, NULL, NULL, NULL, NULL, NULL),
(421, '2022-07-17', 10.00, NULL, 'كرت  _ 10', 2, NULL, NULL, NULL, NULL, 308, NULL, NULL, NULL, NULL, NULL, NULL, NULL, NULL, NULL),
(422, '2022-07-17', 10.00, NULL, 'كرت  _ 10', 2, NULL, NULL, NULL, NULL, 309, NULL, NULL, NULL, NULL, NULL, NULL, NULL, NULL, NULL),
(423, '2022-07-17', 10.00, NULL, 'كرت  _ 10', 2, NULL, NULL, NULL, NULL, 310, NULL, NULL, NULL, NULL, NULL, NULL, NULL, NULL, NULL),
(424, '2022-07-17', 5.00, NULL, 'كرت 5', 2, NULL, NULL, NULL, NULL, 311, NULL, NULL, NULL, NULL, NULL, NULL, NULL, NULL, NULL),
(425, '2022-07-17', 30300.00, NULL, 'سحب من جرد الثاني', 2, NULL, NULL, NULL, NULL, NULL, NULL, NULL, NULL, NULL, NULL, NULL, NULL, NULL, NULL),
(426, '2022-07-17', NULL, 10000.00, 'ايصال دفع رقم 10', 2, NULL, NULL, NULL, 10, NULL, NULL, NULL, NULL, NULL, NULL, NULL, NULL, NULL, NULL),
(427, '2022-07-17', NULL, 20000.00, 'ايصال دفع رقم 11', 2, NULL, NULL, NULL, 11, NULL, NULL, NULL, NULL, NULL, NULL, NULL, NULL, NULL, NULL),
(428, '2022-07-17', 10.00, NULL, 'كرت  _ 10', 2, NULL, NULL, NULL, NULL, 312, NULL, NULL, NULL, NULL, NULL, NULL, NULL, NULL, NULL),
(429, '2022-07-17', NULL, 2000.00, 'سداد مبلغ السلفة 2000.0', 0, NULL, NULL, NULL, NULL, NULL, NULL, NULL, NULL, NULL, NULL, 13, NULL, NULL, NULL),
(430, '2022-07-17', 405.00, NULL, 'تحويل فودافون كاش 01000', 2, NULL, NULL, NULL, NULL, NULL, NULL, 38, NULL, NULL, NULL, NULL, NULL, NULL, NULL),
(431, '2022-07-17', 10.00, NULL, 'كرت  _ 10', 2, NULL, NULL, NULL, NULL, 314, NULL, NULL, NULL, NULL, NULL, NULL, NULL, NULL, NULL),
(432, '2022-07-17', 10.00, NULL, 'كرت  _ 10', 2, NULL, NULL, NULL, NULL, 315, NULL, NULL, NULL, NULL, NULL, NULL, NULL, NULL, NULL),
(433, '2022-07-17', 10.00, NULL, 'كرت  _ 10', 2, NULL, NULL, NULL, NULL, 316, NULL, NULL, NULL, NULL, NULL, NULL, NULL, NULL, NULL),
(434, '2022-07-17', 10.00, NULL, 'كرت  _ 10', 2, NULL, NULL, NULL, NULL, 317, NULL, NULL, NULL, NULL, NULL, NULL, NULL, NULL, NULL),
(435, '2022-07-17', 10.00, NULL, 'كرت  _ 10', 2, NULL, NULL, NULL, NULL, 318, NULL, NULL, NULL, NULL, NULL, NULL, NULL, NULL, NULL),
(436, '2022-07-17', 10.00, NULL, 'كرت  _ 10', 2, NULL, NULL, NULL, NULL, 319, NULL, NULL, NULL, NULL, NULL, NULL, NULL, NULL, NULL),
(437, '2022-07-17', 10.00, NULL, 'كرت  _ 10', 2, NULL, NULL, NULL, NULL, 320, NULL, NULL, NULL, NULL, NULL, NULL, NULL, NULL, NULL),
(438, '2022-07-17', 10.00, NULL, 'كرت  _ 10', 2, NULL, NULL, NULL, NULL, 321, NULL, NULL, NULL, NULL, NULL, NULL, NULL, NULL, NULL),
(439, '2022-07-17', 65.00, NULL, 'فاتورة مبيعات نقدية39', 2, NULL, NULL, 39, NULL, NULL, NULL, NULL, NULL, NULL, NULL, NULL, NULL, NULL, NULL),
(440, '2022-07-17', 50.00, NULL, '011', 2, NULL, NULL, NULL, NULL, 322, NULL, NULL, NULL, NULL, NULL, NULL, NULL, NULL, NULL),
(441, '2022-07-17', NULL, 390.00, 'تحويل فودافون كاش ', 2, NULL, NULL, NULL, NULL, NULL, NULL, 39, NULL, NULL, NULL, NULL, NULL, NULL, NULL),
(442, '2022-07-17', 100.00, NULL, '012', 2, NULL, NULL, NULL, NULL, 323, NULL, NULL, NULL, NULL, NULL, NULL, NULL, NULL, NULL),
(443, '2022-07-17', NULL, 100.00, 'سداد قسط', 2, NULL, NULL, NULL, NULL, NULL, NULL, NULL, 12, NULL, NULL, NULL, NULL, NULL, NULL),
(444, '2022-07-17', 10.00, NULL, 'كرت  _ 10', 2, NULL, NULL, NULL, NULL, 324, NULL, NULL, NULL, NULL, NULL, NULL, NULL, NULL, NULL),
(445, '2022-07-17', 10.00, NULL, 'كرت  _ 10', 2, NULL, NULL, NULL, NULL, 325, NULL, NULL, NULL, NULL, NULL, NULL, NULL, NULL, NULL),
(446, '2022-07-17', 10.00, NULL, 'كرت  _ 10', 2, NULL, NULL, NULL, NULL, 326, NULL, NULL, NULL, NULL, NULL, NULL, NULL, NULL, NULL),
(447, '2022-07-17', 10.00, NULL, 'كرت  _ 10', 2, NULL, NULL, NULL, NULL, 327, NULL, NULL, NULL, NULL, NULL, NULL, NULL, NULL, NULL),
(448, '2022-07-17', 10.00, NULL, 'كرت  _ 10', 2, NULL, NULL, NULL, NULL, 328, NULL, NULL, NULL, NULL, NULL, NULL, NULL, NULL, NULL),
(449, '2022-07-17', 10.00, NULL, 'كرت  _ 10', 2, NULL, NULL, NULL, NULL, 329, NULL, NULL, NULL, NULL, NULL, NULL, NULL, NULL, NULL),
(450, '2022-07-17', 10.00, NULL, 'كرت  _ 10', 2, NULL, NULL, NULL, NULL, 330, NULL, NULL, NULL, NULL, NULL, NULL, NULL, NULL, NULL),
(451, '2022-07-17', 107.00, NULL, '012', 2, NULL, NULL, NULL, NULL, 331, NULL, NULL, NULL, NULL, NULL, NULL, NULL, NULL, NULL),
(452, '2022-07-17', NULL, 235.00, 'عجز', 2, NULL, NULL, NULL, NULL, NULL, NULL, NULL, NULL, NULL, 5, NULL, NULL, NULL, NULL),
(453, '2022-07-17', 30.00, NULL, '01123', 2, NULL, NULL, NULL, NULL, 332, NULL, NULL, NULL, NULL, NULL, NULL, NULL, NULL, NULL),
(454, '2022-07-18', 160.00, NULL, '', 2, NULL, NULL, NULL, NULL, 333, NULL, NULL, NULL, NULL, NULL, NULL, NULL, NULL, NULL),
(455, '2022-07-18', 10.00, NULL, '', 2, NULL, NULL, NULL, NULL, 334, NULL, NULL, NULL, NULL, NULL, NULL, NULL, NULL, NULL),
(456, '2022-07-18', 580.00, NULL, 'تحويل فودافون كاش 011', 2, NULL, NULL, NULL, NULL, NULL, NULL, 40, NULL, NULL, NULL, NULL, NULL, NULL, NULL),
(457, '2022-07-18', 30.00, NULL, '', 2, NULL, NULL, NULL, NULL, 336, NULL, NULL, NULL, NULL, NULL, NULL, NULL, NULL, NULL),
(458, '2022-07-18', 10.00, NULL, '', 2, NULL, NULL, NULL, NULL, 337, NULL, NULL, NULL, NULL, NULL, NULL, NULL, NULL, NULL),
(459, '2022-07-18', 40.00, NULL, '', 2, NULL, NULL, NULL, NULL, 338, NULL, NULL, NULL, NULL, NULL, NULL, NULL, NULL, NULL),
(460, '2022-07-18', 35.00, NULL, '', 2, NULL, NULL, NULL, NULL, 339, NULL, NULL, NULL, NULL, NULL, NULL, NULL, NULL, NULL),
(461, '2022-07-18', 160.00, NULL, '', 2, NULL, NULL, NULL, NULL, 340, NULL, NULL, NULL, NULL, NULL, NULL, NULL, NULL, NULL),
(462, '2022-07-18', 286.00, NULL, '', 2, NULL, NULL, NULL, NULL, 341, NULL, NULL, NULL, NULL, NULL, NULL, NULL, NULL, NULL),
(463, '2022-07-18', NULL, 600.00, 'سداد مبلغ السلفة 600.0', 0, NULL, NULL, NULL, NULL, NULL, NULL, NULL, NULL, NULL, NULL, 14, NULL, NULL, NULL),
(464, '2022-07-18', 5050.00, NULL, 'تحويل فودافون كاش 010', 2, NULL, NULL, NULL, NULL, NULL, NULL, 41, NULL, NULL, NULL, NULL, NULL, NULL, NULL),
(465, '2022-07-18', NULL, 5500.00, 'ايصال دفع رقم 12', 2, NULL, NULL, NULL, 12, NULL, NULL, NULL, NULL, NULL, NULL, NULL, NULL, NULL, NULL),
(466, '2022-07-18', 225.00, NULL, '011', 2, NULL, NULL, NULL, NULL, 343, NULL, NULL, NULL, NULL, NULL, NULL, NULL, NULL, NULL),
(467, '2022-07-18', 45.00, NULL, '01103935385 ', 2, NULL, NULL, NULL, NULL, 344, NULL, NULL, NULL, NULL, NULL, NULL, NULL, NULL, NULL),
(468, '2022-07-18', 10.00, NULL, 'كرت  _ 10', 2, NULL, NULL, NULL, NULL, 345, NULL, NULL, NULL, NULL, NULL, NULL, NULL, NULL, NULL),
(469, '2022-07-18', 10.00, NULL, 'كرت  _ 10', 2, NULL, NULL, NULL, NULL, 346, NULL, NULL, NULL, NULL, NULL, NULL, NULL, NULL, NULL),
(470, '2022-07-18', 10.00, NULL, 'كرت  _ 10', 2, NULL, NULL, NULL, NULL, 347, NULL, NULL, NULL, NULL, NULL, NULL, NULL, NULL, NULL),
(471, '2022-07-18', 10.00, NULL, 'كرت  _ 10', 2, NULL, NULL, NULL, NULL, 348, NULL, NULL, NULL, NULL, NULL, NULL, NULL, NULL, NULL),
(472, '2022-07-18', 10.00, NULL, 'كرت  _ 10', 2, NULL, NULL, NULL, NULL, 349, NULL, NULL, NULL, NULL, NULL, NULL, NULL, NULL, NULL),
(473, '2022-07-18', 6000.00, NULL, 'تحويل فودافون كاش 0101027790', 2, NULL, NULL, NULL, NULL, NULL, NULL, 42, NULL, NULL, NULL, NULL, NULL, NULL, NULL),
(474, '2022-07-18', 1010.00, NULL, 'تحويل فودافون كاش 01029078607', 2, NULL, NULL, NULL, NULL, NULL, NULL, 43, NULL, NULL, NULL, NULL, NULL, NULL, NULL),
(475, '2022-07-18', 525.00, NULL, '', 2, NULL, NULL, NULL, NULL, 351, NULL, NULL, NULL, NULL, NULL, NULL, NULL, NULL, NULL),
(476, '2022-07-18', 150.00, NULL, '', 2, NULL, NULL, NULL, NULL, 352, NULL, NULL, NULL, NULL, NULL, NULL, NULL, NULL, NULL),
(477, '2022-07-18', 300.00, NULL, '', 2, NULL, NULL, NULL, NULL, 354, NULL, NULL, NULL, NULL, NULL, NULL, NULL, NULL, NULL),
(478, '2022-07-18', 100.00, NULL, '', 2, NULL, NULL, NULL, NULL, 355, NULL, NULL, NULL, NULL, NULL, NULL, NULL, NULL, NULL),
(479, '2022-07-18', 30.00, NULL, '', 2, NULL, NULL, NULL, NULL, 356, NULL, NULL, NULL, NULL, NULL, NULL, NULL, NULL, NULL),
(480, '2022-07-18', 30.00, NULL, '', 2, NULL, NULL, NULL, NULL, 357, NULL, NULL, NULL, NULL, NULL, NULL, NULL, NULL, NULL),
(481, '2022-07-18', 150.00, NULL, '01007983995 ', 2, NULL, NULL, NULL, NULL, 358, NULL, NULL, NULL, NULL, NULL, NULL, NULL, NULL, NULL),
(482, '2022-07-18', 100.00, NULL, '01103935385 ', 2, NULL, NULL, NULL, NULL, 359, NULL, NULL, NULL, NULL, NULL, NULL, NULL, NULL, NULL),
(483, '2022-07-18', 60.00, NULL, '', 2, NULL, NULL, NULL, NULL, 360, NULL, NULL, NULL, NULL, NULL, NULL, NULL, NULL, NULL),
(484, '2022-07-18', 10.00, NULL, 'كرت  _ 10', 2, NULL, NULL, NULL, NULL, 361, NULL, NULL, NULL, NULL, NULL, NULL, NULL, NULL, NULL),
(485, '2022-07-18', 10.00, NULL, 'كرت  _ 10', 2, NULL, NULL, NULL, NULL, 362, NULL, NULL, NULL, NULL, NULL, NULL, NULL, NULL, NULL),
(486, '2022-07-18', 10.00, NULL, 'كرت  _ 10', 2, NULL, NULL, NULL, NULL, 363, NULL, NULL, NULL, NULL, NULL, NULL, NULL, NULL, NULL),
(487, '2022-07-18', 5.00, NULL, '01007983995 ', 2, NULL, NULL, NULL, NULL, 364, NULL, NULL, NULL, NULL, NULL, NULL, NULL, NULL, NULL),
(492, '2022-07-18', NULL, 200.00, 'احمد ع الوهاب', 2, NULL, NULL, NULL, NULL, NULL, NULL, NULL, 13, NULL, NULL, NULL, NULL, NULL, NULL),
(493, '2022-07-18', 300.00, NULL, '011', 2, NULL, NULL, NULL, NULL, 365, NULL, NULL, NULL, NULL, NULL, NULL, NULL, NULL, NULL),
(494, '2022-07-18', 110.00, NULL, '01553072625 ', 2, NULL, NULL, NULL, NULL, 366, NULL, NULL, NULL, NULL, NULL, NULL, NULL, NULL, NULL),
(495, '2022-07-18', NULL, 15000.00, 'ترحيل الي جرد الثاني', 2, NULL, NULL, NULL, NULL, NULL, NULL, NULL, NULL, NULL, NULL, NULL, NULL, NULL, NULL),
(496, '2022-07-18', NULL, 300.00, 'ترحيل الي جرد الثاني', 2, NULL, NULL, NULL, NULL, NULL, NULL, NULL, NULL, NULL, NULL, NULL, NULL, NULL, NULL),
(497, '2022-07-18', 25.00, NULL, 'فاتورة مبيعات نقدية40', 2, NULL, NULL, 40, NULL, NULL, NULL, NULL, NULL, NULL, NULL, NULL, NULL, NULL, NULL),
(498, '2022-07-18', 85.00, NULL, 'فاتورة مبيعات نقدية41', 2, NULL, NULL, 41, NULL, NULL, NULL, NULL, NULL, NULL, NULL, NULL, NULL, NULL, NULL),
(503, '2022-07-18', NULL, -5840.00, 'سداد مبلغ السلفة -5840.0', 0, NULL, NULL, NULL, NULL, NULL, NULL, NULL, NULL, NULL, NULL, 22, NULL, NULL, NULL),
(504, '2022-07-18', 100.00, NULL, 'دفعة من حساب  عبد الله البلوك', 2, NULL, 12, NULL, NULL, NULL, NULL, NULL, NULL, NULL, NULL, NULL, NULL, NULL, NULL),
(505, '2022-07-18', -200.00, NULL, 'دفعة من حساب  محمد تلاجة ', 2, NULL, 13, NULL, NULL, NULL, NULL, NULL, NULL, NULL, NULL, NULL, NULL, NULL, NULL),
(506, '2022-07-18', NULL, 200.00, 'ترحيل الي جرد الثاني', 2, NULL, NULL, NULL, NULL, NULL, NULL, NULL, NULL, NULL, NULL, NULL, NULL, NULL, NULL),
(507, '2022-07-18', 154.00, NULL, '011', 2, NULL, NULL, NULL, NULL, 369, NULL, NULL, NULL, NULL, NULL, NULL, NULL, NULL, NULL),
(508, '2022-07-18', 15000.00, NULL, 'تحويل فودافون كاش 010', 2, NULL, NULL, NULL, NULL, NULL, NULL, 45, NULL, NULL, NULL, NULL, NULL, NULL, NULL),
(509, '2022-07-18', 8000.00, NULL, 'تحويل فودافون كاش 010', 2, NULL, NULL, NULL, NULL, NULL, NULL, 46, NULL, NULL, NULL, NULL, NULL, NULL, NULL),
(510, '2022-07-18', 410.00, NULL, 'تحويل فودافون كاش 011', 2, NULL, NULL, NULL, NULL, NULL, NULL, 47, NULL, NULL, NULL, NULL, NULL, NULL, NULL),
(511, '2022-07-18', 15000.00, NULL, 'سحب من جرد الثاني', 2, NULL, NULL, NULL, NULL, NULL, NULL, NULL, NULL, NULL, NULL, NULL, NULL, NULL, NULL),
(512, '2022-07-18', 500.00, NULL, 'سحب من جرد الثاني', 2, NULL, NULL, NULL, NULL, NULL, NULL, NULL, NULL, NULL, NULL, NULL, NULL, NULL, NULL),
(513, '2022-07-18', NULL, 15000.00, 'ايصال دفع رقم 13', 2, NULL, NULL, NULL, 13, NULL, NULL, NULL, NULL, NULL, NULL, NULL, NULL, NULL, NULL),
(514, '2022-07-18', NULL, 30300.00, 'ايصال دفع رقم 14', 2, NULL, NULL, NULL, 14, NULL, NULL, NULL, NULL, NULL, NULL, NULL, NULL, NULL, NULL),
(515, '2022-07-18', 300.00, NULL, '011', 2, NULL, NULL, NULL, NULL, 371, NULL, NULL, NULL, NULL, NULL, NULL, NULL, NULL, NULL),
(516, '2022-07-18', 150.00, NULL, '01103935385 ', 2, NULL, NULL, NULL, NULL, 372, NULL, NULL, NULL, NULL, NULL, NULL, NULL, NULL, NULL),
(517, '2022-07-18', 105.00, NULL, '01100', 2, NULL, NULL, NULL, NULL, 373, NULL, NULL, NULL, NULL, NULL, NULL, NULL, NULL, NULL),
(518, '2022-07-18', 10.00, NULL, 'كرت  _ 10', 2, NULL, NULL, NULL, NULL, 374, NULL, NULL, NULL, NULL, NULL, NULL, NULL, NULL, NULL),
(519, '2022-07-18', 10.00, NULL, 'كرت  _ 10', 2, NULL, NULL, NULL, NULL, 375, NULL, NULL, NULL, NULL, NULL, NULL, NULL, NULL, NULL),
(520, '2022-07-18', 150.00, NULL, '01007983995 ', 2, NULL, NULL, NULL, NULL, 376, NULL, NULL, NULL, NULL, NULL, NULL, NULL, NULL, NULL),
(521, '2022-07-18', 10.00, NULL, 'كرت  _ 10', 2, NULL, NULL, NULL, NULL, 377, NULL, NULL, NULL, NULL, NULL, NULL, NULL, NULL, NULL),
(522, '2022-07-18', 10.00, NULL, 'كرت  _ 10', 2, NULL, NULL, NULL, NULL, 378, NULL, NULL, NULL, NULL, NULL, NULL, NULL, NULL, NULL),
(523, '2022-07-18', 10.00, NULL, 'كرت  _ 10', 2, NULL, NULL, NULL, NULL, 379, NULL, NULL, NULL, NULL, NULL, NULL, NULL, NULL, NULL),
(524, '2022-07-18', 10.00, NULL, 'كرت  _ 10', 2, NULL, NULL, NULL, NULL, 380, NULL, NULL, NULL, NULL, NULL, NULL, NULL, NULL, NULL),
(525, '2022-07-18', 10.00, NULL, 'كرت  _ 10', 2, NULL, NULL, NULL, NULL, 381, NULL, NULL, NULL, NULL, NULL, NULL, NULL, NULL, NULL),
(526, '2022-07-18', 10.00, NULL, 'كرت  _ 10', 2, NULL, NULL, NULL, NULL, 382, NULL, NULL, NULL, NULL, NULL, NULL, NULL, NULL, NULL),
(527, '2022-07-18', 10.00, NULL, 'كرت  _ 10', 2, NULL, NULL, NULL, NULL, 383, NULL, NULL, NULL, NULL, NULL, NULL, NULL, NULL, NULL),
(528, '2022-07-18', 10.00, NULL, 'كرت  _ 10', 2, NULL, NULL, NULL, NULL, 384, NULL, NULL, NULL, NULL, NULL, NULL, NULL, NULL, NULL),
(529, '2022-07-18', 10.00, NULL, 'كرت  _ 10', 2, NULL, NULL, NULL, NULL, 385, NULL, NULL, NULL, NULL, NULL, NULL, NULL, NULL, NULL),
(530, '2022-07-18', 10.00, NULL, 'كرت  _ 10', 2, NULL, NULL, NULL, NULL, 386, NULL, NULL, NULL, NULL, NULL, NULL, NULL, NULL, NULL),
(531, '2022-07-18', 300.00, NULL, '01103935385 ', 2, NULL, NULL, NULL, NULL, 387, NULL, NULL, NULL, NULL, NULL, NULL, NULL, NULL, NULL),
(532, '2022-07-18', 10.00, NULL, 'كرت  _ 10', 2, NULL, NULL, NULL, NULL, 388, NULL, NULL, NULL, NULL, NULL, NULL, NULL, NULL, NULL),
(533, '2022-07-18', 10.00, NULL, 'كرت  _ 10', 2, NULL, NULL, NULL, NULL, 389, NULL, NULL, NULL, NULL, NULL, NULL, NULL, NULL, NULL),
(534, '2022-07-18', 10.00, NULL, 'كرت  _ 10', 2, NULL, NULL, NULL, NULL, 390, NULL, NULL, NULL, NULL, NULL, NULL, NULL, NULL, NULL),
(535, '2022-07-18', 20000.00, NULL, 'تحويل فودافون كاش 01007983995 ', 2, NULL, NULL, NULL, NULL, NULL, NULL, 49, NULL, NULL, NULL, NULL, NULL, NULL, NULL),
(536, '2022-07-18', NULL, 20000.00, 'سداد مبلغ السلفة 20000.0', 0, NULL, NULL, NULL, NULL, NULL, NULL, NULL, NULL, NULL, NULL, 23, NULL, NULL, NULL),
(537, '2022-07-18', NULL, 1000.00, 'ايصال دفع رقم 15', 2, NULL, NULL, NULL, 15, NULL, NULL, NULL, NULL, NULL, NULL, NULL, NULL, NULL, NULL),
(538, '2022-07-18', 9830.00, NULL, 'تحويل فودافون كاش 0101', 2, NULL, NULL, NULL, NULL, NULL, NULL, 50, NULL, NULL, NULL, NULL, NULL, NULL, NULL),
(539, '2022-07-18', NULL, 2030.00, 'سداد مبلغ السلفة 2030.0', 0, NULL, NULL, NULL, NULL, NULL, NULL, NULL, NULL, NULL, NULL, 24, NULL, NULL, NULL),
(540, '2022-07-18', 50.00, NULL, 'فاتورة مبيعات نقدية42', 2, NULL, NULL, 42, NULL, NULL, NULL, NULL, NULL, NULL, NULL, NULL, NULL, NULL, NULL),
(541, '2022-07-18', 100.00, NULL, 'نقدي اشرف', 2, NULL, 14, NULL, NULL, NULL, NULL, NULL, NULL, NULL, NULL, NULL, NULL, NULL, NULL),
(542, '2022-07-18', -200.00, NULL, 'نقدي - اشرف', 2, NULL, 15, NULL, NULL, NULL, NULL, NULL, NULL, NULL, NULL, NULL, NULL, NULL, NULL),
(543, '2022-07-18', 55.00, NULL, '01113163346', 2, NULL, NULL, NULL, NULL, 391, NULL, NULL, NULL, NULL, NULL, NULL, NULL, NULL, NULL),
(544, '2022-07-19', 15.00, NULL, 'فاتورة مبيعات نقدية43', 2, NULL, NULL, 43, NULL, NULL, NULL, NULL, NULL, NULL, NULL, NULL, NULL, NULL, NULL),
(545, '2022-07-19', 205.00, NULL, 'تحويل فودافون كاش 010', 2, NULL, NULL, NULL, NULL, NULL, NULL, 51, NULL, NULL, NULL, NULL, NULL, NULL, NULL),
(546, '2022-07-19', 18.00, NULL, '', 2, NULL, NULL, NULL, NULL, 393, NULL, NULL, NULL, NULL, NULL, NULL, NULL, NULL, NULL),
(547, '2022-07-19', 65.00, NULL, 'فاتورة مبيعات نقدية44', 2, NULL, NULL, 44, NULL, NULL, NULL, NULL, NULL, NULL, NULL, NULL, NULL, NULL, NULL),
(548, '2022-07-19', 10.00, NULL, 'كرت  _ 10', 2, NULL, NULL, NULL, NULL, 394, NULL, NULL, NULL, NULL, NULL, NULL, NULL, NULL, NULL),
(549, '2022-07-19', 10.00, NULL, 'كرت  _ 10', 2, NULL, NULL, NULL, NULL, 395, NULL, NULL, NULL, NULL, NULL, NULL, NULL, NULL, NULL),
(550, '2022-07-19', 10800.00, NULL, 'شريف فتحي تحويلات كاش', 2, NULL, NULL, NULL, NULL, NULL, NULL, NULL, NULL, 10, NULL, NULL, NULL, NULL, NULL),
(551, '2022-07-19', NULL, 8000.00, 'ايصال دفع رقم 16', 2, NULL, NULL, NULL, 16, NULL, NULL, NULL, NULL, NULL, NULL, NULL, NULL, NULL, NULL),
(552, '2022-07-19', NULL, 500.00, 'ايصال دفع رقم 17', 2, NULL, NULL, NULL, 17, NULL, NULL, NULL, NULL, NULL, NULL, NULL, NULL, NULL, NULL),
(553, '2022-07-19', NULL, 500.00, 'سداد مبلغ السلفة 500.0', 0, NULL, NULL, NULL, NULL, NULL, NULL, NULL, NULL, NULL, NULL, 25, NULL, NULL, NULL),
(554, '2022-07-19', NULL, 2000.00, 'ايصال دفع رقم 18', 2, NULL, NULL, NULL, 18, NULL, NULL, NULL, NULL, NULL, NULL, NULL, NULL, NULL, NULL),
(555, '2022-07-19', NULL, 145.00, 'نت البيت', 2, NULL, NULL, NULL, NULL, NULL, NULL, NULL, 14, NULL, NULL, NULL, NULL, NULL, NULL),
(556, '2022-07-19', -300.00, NULL, 'دفعة من حساب  نجلاء فتحي', 2, NULL, 16, NULL, NULL, NULL, NULL, NULL, NULL, NULL, NULL, NULL, NULL, NULL, NULL),
(557, '2022-07-19', 10.00, NULL, 'كرت  _ 10', 2, NULL, NULL, NULL, NULL, 398, NULL, NULL, NULL, NULL, NULL, NULL, NULL, NULL, NULL),
(558, '2022-07-19', 10.00, NULL, 'كرت  _ 10', 2, NULL, NULL, NULL, NULL, 399, NULL, NULL, NULL, NULL, NULL, NULL, NULL, NULL, NULL),
(559, '2022-07-19', 10.00, NULL, 'كرت  _ 10', 2, NULL, NULL, NULL, NULL, 400, NULL, NULL, NULL, NULL, NULL, NULL, NULL, NULL, NULL),
(560, '2022-07-19', 10.00, NULL, 'كرت  _ 10', 2, NULL, NULL, NULL, NULL, 401, NULL, NULL, NULL, NULL, NULL, NULL, NULL, NULL, NULL),
(561, '2022-07-19', 10.00, NULL, 'كرت  _ 10', 2, NULL, NULL, NULL, NULL, 402, NULL, NULL, NULL, NULL, NULL, NULL, NULL, NULL, NULL),
(562, '2022-07-19', 10.00, NULL, 'كرت  _ 10', 2, NULL, NULL, NULL, NULL, 403, NULL, NULL, NULL, NULL, NULL, NULL, NULL, NULL, NULL),
(563, '2022-07-19', 10.00, NULL, 'كرت  _ 10', 2, NULL, NULL, NULL, NULL, 404, NULL, NULL, NULL, NULL, NULL, NULL, NULL, NULL, NULL),
(564, '2022-07-19', 150.00, NULL, '011', 2, NULL, NULL, NULL, NULL, 405, NULL, NULL, NULL, NULL, NULL, NULL, NULL, NULL, NULL),
(565, '2022-07-19', 10.00, NULL, 'كرت  _ 10', 2, NULL, NULL, NULL, NULL, 406, NULL, NULL, NULL, NULL, NULL, NULL, NULL, NULL, NULL),
(566, '2022-07-19', 10.00, NULL, 'كرت  _ 10', 2, NULL, NULL, NULL, NULL, 407, NULL, NULL, NULL, NULL, NULL, NULL, NULL, NULL, NULL),
(567, '2022-07-19', 10.00, NULL, 'كرت  _ 10', 2, NULL, NULL, NULL, NULL, 408, NULL, NULL, NULL, NULL, NULL, NULL, NULL, NULL, NULL),
(568, '2022-07-19', 10.00, NULL, 'كرت  _ 10', 2, NULL, NULL, NULL, NULL, 409, NULL, NULL, NULL, NULL, NULL, NULL, NULL, NULL, NULL),
(569, '2022-07-19', 10.00, NULL, 'كرت  _ 10', 2, NULL, NULL, NULL, NULL, 410, NULL, NULL, NULL, NULL, NULL, NULL, NULL, NULL, NULL),
(570, '2022-07-19', 10.00, NULL, 'كرت  _ 10', 2, NULL, NULL, NULL, NULL, 411, NULL, NULL, NULL, NULL, NULL, NULL, NULL, NULL, NULL),
(571, '2022-07-19', 10.00, NULL, 'كرت  _ 10', 2, NULL, NULL, NULL, NULL, 412, NULL, NULL, NULL, NULL, NULL, NULL, NULL, NULL, NULL),
(572, '2022-07-19', 10.00, NULL, 'كرت  _ 10', 2, NULL, NULL, NULL, NULL, 413, NULL, NULL, NULL, NULL, NULL, NULL, NULL, NULL, NULL),
(573, '2022-07-19', 165.00, NULL, '01103935385 ', 2, NULL, NULL, NULL, NULL, 414, NULL, NULL, NULL, NULL, NULL, NULL, NULL, NULL, NULL),
(574, '2022-07-19', 15.00, NULL, '01103935385 ', 2, NULL, NULL, NULL, NULL, 415, NULL, NULL, NULL, NULL, NULL, NULL, NULL, NULL, NULL),
(575, '2022-07-19', 10.00, NULL, 'كرت  _ 10', 2, NULL, NULL, NULL, NULL, 416, NULL, NULL, NULL, NULL, NULL, NULL, NULL, NULL, NULL),
(576, '2022-07-19', 10.00, NULL, 'كرت  _ 10', 2, NULL, NULL, NULL, NULL, 417, NULL, NULL, NULL, NULL, NULL, NULL, NULL, NULL, NULL),
(577, '2022-07-19', 10.00, NULL, 'كرت  _ 10', 2, NULL, NULL, NULL, NULL, 418, NULL, NULL, NULL, NULL, NULL, NULL, NULL, NULL, NULL),
(578, '2022-07-19', 17.00, NULL, '01103935385 ', 2, NULL, NULL, NULL, NULL, 419, NULL, NULL, NULL, NULL, NULL, NULL, NULL, NULL, NULL),
(579, '2022-07-19', 10.00, NULL, 'كرت  _ 10', 2, NULL, NULL, NULL, NULL, 420, NULL, NULL, NULL, NULL, NULL, NULL, NULL, NULL, NULL),
(580, '2022-07-19', -600.00, NULL, 'دفعة من حساب  محمد تلاجة ', 2, NULL, 17, NULL, NULL, NULL, NULL, NULL, NULL, NULL, NULL, NULL, NULL, NULL, NULL),
(581, '2022-07-19', NULL, 500.00, 'تحويل فودافون كاش ', 2, NULL, NULL, NULL, NULL, NULL, NULL, 52, NULL, NULL, NULL, NULL, NULL, NULL, NULL),
(582, '2022-07-19', 10.00, NULL, 'كرت  _ 10', 2, NULL, NULL, NULL, NULL, 421, NULL, NULL, NULL, NULL, NULL, NULL, NULL, NULL, NULL),
(583, '2022-07-19', 10.00, NULL, 'كرت  _ 10', 2, NULL, NULL, NULL, NULL, 422, NULL, NULL, NULL, NULL, NULL, NULL, NULL, NULL, NULL),
(584, '2022-07-19', 35.00, NULL, '', 2, NULL, NULL, NULL, NULL, 423, NULL, NULL, NULL, NULL, NULL, NULL, NULL, NULL, NULL),
(585, '2022-07-19', 25.00, NULL, '', 2, NULL, NULL, NULL, NULL, 424, NULL, NULL, NULL, NULL, NULL, NULL, NULL, NULL, NULL),
(586, '2022-07-19', 510.00, NULL, 'تحويل فودافون كاش 010', 2, NULL, NULL, NULL, NULL, NULL, NULL, 53, NULL, NULL, NULL, NULL, NULL, NULL, NULL),
(587, '2022-07-19', 305.00, NULL, 'تحويل فودافون كاش 010', 2, NULL, NULL, NULL, NULL, NULL, NULL, 54, NULL, NULL, NULL, NULL, NULL, NULL, NULL),
(588, '2022-07-20', NULL, 345.00, 'سداد قسط ', 2, NULL, NULL, NULL, NULL, NULL, NULL, NULL, 15, NULL, NULL, NULL, NULL, NULL, NULL),
(589, '2022-07-20', -200.00, NULL, 'دفعة من حساب  محمد تلاجة ', 2, NULL, 18, NULL, NULL, NULL, NULL, NULL, NULL, NULL, NULL, NULL, NULL, NULL, NULL),
(590, '2022-07-20', 65.00, NULL, 'فاتورة مبيعات نقدية45', 2, NULL, NULL, 45, NULL, NULL, NULL, NULL, NULL, NULL, NULL, NULL, NULL, NULL, NULL),
(591, '2022-07-20', 85.00, NULL, 'فاتورة مبيعات نقدية46', 2, NULL, NULL, 46, NULL, NULL, NULL, NULL, NULL, NULL, NULL, NULL, NULL, NULL, NULL),
(592, '2022-07-20', 20.00, NULL, 'فاتورة مبيعات نقدية47', 2, NULL, NULL, 47, NULL, NULL, NULL, NULL, NULL, NULL, NULL, NULL, NULL, NULL, NULL),
(593, '2022-07-20', 15.00, NULL, 'فاتورة مبيعات نقدية48', 2, NULL, NULL, 48, NULL, NULL, NULL, NULL, NULL, NULL, NULL, NULL, NULL, NULL, NULL),
(594, '2022-07-21', 65.00, NULL, 'فاتورة مبيعات نقدية49', 2, NULL, NULL, 49, NULL, NULL, NULL, NULL, NULL, NULL, NULL, NULL, NULL, NULL, NULL),
(595, '2022-07-21', 30.00, NULL, 'فاتورة مبيعات نقدية50', 2, NULL, NULL, 50, NULL, NULL, NULL, NULL, NULL, NULL, NULL, NULL, NULL, NULL, NULL),
(596, '2022-07-21', NULL, 13000.00, 'ايصال دفع رقم 19', 2, NULL, NULL, NULL, 19, NULL, NULL, NULL, NULL, NULL, NULL, NULL, NULL, NULL, NULL),
(597, '2022-07-21', NULL, 1000.00, 'OPay', 2, NULL, NULL, NULL, NULL, NULL, 23, NULL, NULL, NULL, NULL, NULL, NULL, NULL, NULL),
(598, '2022-07-21', 13250.00, NULL, '', 2, NULL, NULL, NULL, NULL, 426, NULL, NULL, NULL, NULL, NULL, NULL, NULL, NULL, NULL),
(599, '2022-07-21', 11.00, NULL, 'كرت  _ 10', 2, NULL, NULL, NULL, NULL, 427, NULL, NULL, NULL, NULL, NULL, NULL, NULL, NULL, NULL),
(600, '2022-07-21', 560.00, NULL, '', 2, NULL, NULL, NULL, NULL, 428, NULL, NULL, NULL, NULL, NULL, NULL, NULL, NULL, NULL),
(601, '2022-07-21', 11.00, NULL, 'كرت  _ 10', 2, NULL, NULL, NULL, NULL, 429, NULL, NULL, NULL, NULL, NULL, NULL, NULL, NULL, NULL),
(602, '2022-07-21', 700.00, NULL, '', 2, NULL, NULL, NULL, NULL, 430, NULL, NULL, NULL, NULL, NULL, NULL, NULL, NULL, NULL),
(603, '2022-07-21', NULL, 1000.00, 'ترحيل الي جرد الثاني', 2, NULL, NULL, NULL, NULL, NULL, NULL, NULL, NULL, NULL, NULL, NULL, NULL, NULL, NULL),
(604, '2022-07-21', 235.50, NULL, '011', 2, NULL, NULL, NULL, NULL, 431, NULL, NULL, NULL, NULL, NULL, NULL, NULL, NULL, NULL),
(605, '2022-07-21', -75.00, NULL, 'دفعة من حساب  محمود ابو ريناد', 2, NULL, 19, NULL, NULL, NULL, NULL, NULL, NULL, NULL, NULL, NULL, NULL, NULL, NULL),
(606, '2022-07-21', NULL, 150.00, 'عشا و سجاير عرفه ', 2, NULL, NULL, NULL, NULL, NULL, NULL, NULL, 16, NULL, NULL, NULL, NULL, NULL, NULL),
(607, '2022-07-21', NULL, 62.50, 'رصيد', 2, NULL, NULL, NULL, NULL, NULL, NULL, NULL, 17, NULL, NULL, NULL, NULL, NULL, NULL),
(608, '2022-07-21', NULL, 180.00, 'عرفه ', 2, NULL, NULL, NULL, NULL, NULL, NULL, NULL, 18, NULL, NULL, NULL, NULL, NULL, NULL),
(609, '2022-07-21', NULL, 25.00, 'سكر', 2, NULL, NULL, NULL, NULL, NULL, NULL, NULL, 19, NULL, NULL, NULL, NULL, NULL, NULL),
(610, '2022-07-21', NULL, 200.00, 'عجز', 2, NULL, NULL, NULL, NULL, NULL, NULL, NULL, NULL, NULL, 6, NULL, NULL, NULL, NULL),
(611, '2022-07-21', 60.00, NULL, '01015807655', 2, NULL, NULL, NULL, NULL, 432, NULL, NULL, NULL, NULL, NULL, NULL, NULL, NULL, NULL),
(612, '2022-07-21', 10.00, NULL, '01015807655 ', 2, NULL, NULL, NULL, NULL, 433, NULL, NULL, NULL, NULL, NULL, NULL, NULL, NULL, NULL),
(613, '2022-07-21', 75.00, NULL, 'دفعة من حساب  محمود ابو ريناد', 2, NULL, 20, NULL, NULL, NULL, NULL, NULL, NULL, NULL, NULL, NULL, NULL, NULL, NULL),
(614, '2022-07-21', NULL, 1500.00, 'ايصال دفع رقم 20', 2, NULL, NULL, NULL, 20, NULL, NULL, NULL, NULL, NULL, NULL, NULL, NULL, NULL, NULL),
(615, '2022-07-22', NULL, 1100.00, 'ايصال دفع رقم 21', 2, NULL, NULL, NULL, 21, NULL, NULL, NULL, NULL, NULL, NULL, NULL, NULL, NULL, NULL),
(616, '2022-07-22', 30.00, NULL, 'فاتورة مبيعات نقدية51', 2, NULL, NULL, 51, NULL, NULL, NULL, NULL, NULL, NULL, NULL, NULL, NULL, NULL, NULL),
(617, '2022-07-22', 20.00, NULL, 'فاتورة مبيعات نقدية52', 2, NULL, NULL, 52, NULL, NULL, NULL, NULL, NULL, NULL, NULL, NULL, NULL, NULL, NULL),
(618, '2022-07-22', NULL, 500.00, 'ايصال دفع رقم 22', 2, NULL, NULL, NULL, 22, NULL, NULL, NULL, NULL, NULL, NULL, NULL, NULL, NULL, NULL),
(619, '2022-07-22', 15.00, NULL, 'فاتورة مبيعات نقدية53', 2, NULL, NULL, 53, NULL, NULL, NULL, NULL, NULL, NULL, NULL, NULL, NULL, NULL, NULL),
(620, '2022-07-22', 50.00, NULL, 'فاتورة مبيعات نقدية54', 2, NULL, NULL, 54, NULL, NULL, NULL, NULL, NULL, NULL, NULL, NULL, NULL, NULL, NULL),
(621, '2022-07-22', 7.00, NULL, 'فاتورة مبيعات نقدية55', 2, NULL, NULL, 55, NULL, NULL, NULL, NULL, NULL, NULL, NULL, NULL, NULL, NULL, NULL),
(622, '2022-07-22', 4000.00, NULL, 'تحويل فودافون كاش 010', 2, NULL, NULL, NULL, NULL, NULL, NULL, 57, NULL, NULL, NULL, NULL, NULL, NULL, NULL),
(623, '2022-07-22', 8500.00, NULL, 'تحويل فودافون كاش 010', 2, NULL, NULL, NULL, NULL, NULL, NULL, 58, NULL, NULL, NULL, NULL, NULL, NULL, NULL),
(624, '2022-07-22', NULL, 13500.00, 'ايصال دفع رقم 23', 2, NULL, NULL, NULL, 23, NULL, NULL, NULL, NULL, NULL, NULL, NULL, NULL, NULL, NULL),
(625, '2022-07-22', 29700.00, NULL, 'تحويل فودافون كاش 010', 2, NULL, NULL, NULL, NULL, NULL, NULL, 59, NULL, NULL, NULL, NULL, NULL, NULL, NULL),
(626, '2022-07-22', NULL, 30300.00, 'ايصال دفع رقم 24', 2, NULL, NULL, NULL, 24, NULL, NULL, NULL, NULL, NULL, NULL, NULL, NULL, NULL, NULL),
(627, '2022-07-22', NULL, 10800.00, 'سداد مبلغ السلفة 10800.0', 0, NULL, NULL, NULL, NULL, NULL, NULL, NULL, NULL, NULL, NULL, 26, NULL, NULL, NULL),
(628, '2022-07-22', 12000.00, NULL, 'تحويل فودافون كاش 010', 2, NULL, NULL, NULL, NULL, NULL, NULL, 61, NULL, NULL, NULL, NULL, NULL, NULL, NULL),
(629, '2022-07-22', 1350.00, NULL, '01015807655 ', 2, NULL, NULL, NULL, NULL, 437, NULL, NULL, NULL, NULL, NULL, NULL, NULL, NULL, NULL),
(630, '2022-07-22', 135.00, NULL, '', 2, NULL, NULL, NULL, NULL, 438, NULL, NULL, NULL, NULL, NULL, NULL, NULL, NULL, NULL),
(631, '2022-07-22', NULL, 355.00, 'سداد قسط القرض', 2, NULL, NULL, NULL, NULL, NULL, NULL, NULL, 20, NULL, NULL, NULL, NULL, NULL, NULL),
(632, '2022-07-22', 1225.00, NULL, '', 2, NULL, NULL, NULL, NULL, 439, NULL, NULL, NULL, NULL, NULL, NULL, NULL, NULL, NULL),
(633, '2022-07-22', 750.00, NULL, 'دفعة من حساب  طارق اب مدغة', 2, NULL, 21, NULL, NULL, NULL, NULL, NULL, NULL, NULL, NULL, NULL, NULL, NULL, NULL),
(634, '2022-07-22', NULL, 1000.00, 'تحويل فودافون كاش ', 2, NULL, NULL, NULL, NULL, NULL, NULL, 62, NULL, NULL, NULL, NULL, NULL, NULL, NULL),
(635, '2022-07-22', NULL, 200.00, 'سداد مبلغ السلفة 200.0', 0, NULL, NULL, NULL, NULL, NULL, NULL, NULL, NULL, NULL, NULL, 27, NULL, NULL, NULL),
(636, '2022-07-22', 1307.00, NULL, '', 2, NULL, NULL, NULL, NULL, 442, NULL, NULL, NULL, NULL, NULL, NULL, NULL, NULL, NULL),
(637, '2022-07-22', 800.00, NULL, 'فاتورة مبيعات نقدية56', 2, NULL, NULL, 56, NULL, NULL, NULL, NULL, NULL, NULL, NULL, NULL, NULL, NULL, NULL),
(638, '2022-07-22', 30.00, NULL, 'فاتورة مبيعات نقدية57', 2, NULL, NULL, 57, NULL, NULL, NULL, NULL, NULL, NULL, NULL, NULL, NULL, NULL, NULL),
(639, '2022-07-22', 16.00, NULL, 'كرت 15', 2, NULL, NULL, NULL, NULL, 443, NULL, NULL, NULL, NULL, NULL, NULL, NULL, NULL, NULL),
(640, '2022-07-22', 10.00, NULL, 'كرت  _ 10', 2, NULL, NULL, NULL, NULL, 444, NULL, NULL, NULL, NULL, NULL, NULL, NULL, NULL, NULL),
(641, '2022-07-22', 10.00, NULL, 'كرت  _ 10', 2, NULL, NULL, NULL, NULL, 445, NULL, NULL, NULL, NULL, NULL, NULL, NULL, NULL, NULL),
(642, '2022-07-22', 10.00, NULL, 'كرت  _ 10', 2, NULL, NULL, NULL, NULL, 446, NULL, NULL, NULL, NULL, NULL, NULL, NULL, NULL, NULL),
(643, '2022-07-22', 110.00, NULL, '011', 2, NULL, NULL, NULL, NULL, 447, NULL, NULL, NULL, NULL, NULL, NULL, NULL, NULL, NULL),
(644, '2022-07-22', 50.00, NULL, 'فاتورة مبيعات نقدية59', 2, NULL, NULL, 59, NULL, NULL, NULL, NULL, NULL, NULL, NULL, NULL, NULL, NULL, NULL),
(645, '2022-07-22', 1060.00, NULL, 'تحويل فودافون كاش 01060900215', 2, NULL, NULL, NULL, NULL, NULL, NULL, 63, NULL, NULL, NULL, NULL, NULL, NULL, NULL),
(646, '2022-07-22', NULL, -1700.00, 'سداد مبلغ السلفة -1700.0', 0, NULL, NULL, NULL, NULL, NULL, NULL, NULL, NULL, NULL, NULL, 28, NULL, NULL, NULL),
(647, '2022-07-22', 125.00, NULL, '011', 2, NULL, NULL, NULL, NULL, 449, NULL, NULL, NULL, NULL, NULL, NULL, NULL, NULL, NULL),
(648, '2022-07-22', 0.00, NULL, 'فاتورة مبيعات رقم  60 هدية', 2, NULL, NULL, 60, NULL, NULL, NULL, NULL, NULL, NULL, NULL, NULL, NULL, NULL, NULL),
(649, '2022-07-22', 80.00, NULL, 'فاتورة مبيعات نقدية61', 2, NULL, NULL, 61, NULL, NULL, NULL, NULL, NULL, NULL, NULL, NULL, NULL, NULL, NULL),
(650, '2022-07-22', 50.00, NULL, 'فاتورة مبيعات نقدية63', 2, NULL, NULL, 63, NULL, NULL, NULL, NULL, NULL, NULL, NULL, NULL, NULL, NULL, NULL),
(651, '2022-07-22', 75.00, NULL, '01144272638', 2, NULL, NULL, NULL, NULL, 450, NULL, NULL, NULL, NULL, NULL, NULL, NULL, NULL, NULL),
(652, '2022-07-23', 980.00, NULL, 'تحويل فودافون كاش 010', 2, NULL, NULL, NULL, NULL, NULL, NULL, 64, NULL, NULL, NULL, NULL, NULL, NULL, NULL),
(653, '2022-07-23', 80.00, NULL, 'فاتورة مبيعات نقدية64', 2, NULL, NULL, 64, NULL, NULL, NULL, NULL, NULL, NULL, NULL, NULL, NULL, NULL, NULL),
(654, '2022-07-23', 40.00, NULL, 'فاتورة مبيعات نقدية65', 2, NULL, NULL, 65, NULL, NULL, NULL, NULL, NULL, NULL, NULL, NULL, NULL, NULL, NULL),
(655, '2022-07-23', 25.00, NULL, 'فاتورة مبيعات نقدية66', 2, NULL, NULL, 66, NULL, NULL, NULL, NULL, NULL, NULL, NULL, NULL, NULL, NULL, NULL),
(657, '2022-07-23', 30.00, NULL, 'فاتورة مبيعات نقدية67', 2, NULL, NULL, 67, NULL, NULL, NULL, NULL, NULL, NULL, NULL, NULL, NULL, NULL, NULL),
(658, '2022-07-23', 0.00, NULL, 'فاتورة مبيعات نقدية68', 2, NULL, NULL, 68, NULL, NULL, NULL, NULL, NULL, NULL, NULL, NULL, NULL, NULL, NULL),
(659, '2022-07-23', 450.00, NULL, '011', 2, NULL, NULL, NULL, NULL, 451, NULL, NULL, NULL, NULL, NULL, NULL, NULL, NULL, NULL),
(660, '2022-07-23', 375.00, NULL, '01103935385 ', 2, NULL, NULL, NULL, NULL, 452, NULL, NULL, NULL, NULL, NULL, NULL, NULL, NULL, NULL),
(661, '2022-07-23', 10.00, NULL, 'كرت  _ 10', 2, NULL, NULL, NULL, NULL, 453, NULL, NULL, NULL, NULL, NULL, NULL, NULL, NULL, NULL),
(662, '2022-07-23', 10.00, NULL, 'كرت  _ 10', 2, NULL, NULL, NULL, NULL, 454, NULL, NULL, NULL, NULL, NULL, NULL, NULL, NULL, NULL),
(663, '2022-07-23', 10.00, NULL, 'كرت  _ 10', 2, NULL, NULL, NULL, NULL, 455, NULL, NULL, NULL, NULL, NULL, NULL, NULL, NULL, NULL),
(664, '2022-07-23', 10.00, NULL, 'كرت  _ 10', 2, NULL, NULL, NULL, NULL, 456, NULL, NULL, NULL, NULL, NULL, NULL, NULL, NULL, NULL),
(665, '2022-07-23', 10.00, NULL, 'كرت  _ 10', 2, NULL, NULL, NULL, NULL, 457, NULL, NULL, NULL, NULL, NULL, NULL, NULL, NULL, NULL),
(666, '2022-07-23', 10.00, NULL, 'كرت  _ 10', 2, NULL, NULL, NULL, NULL, 458, NULL, NULL, NULL, NULL, NULL, NULL, NULL, NULL, NULL),
(667, '2022-07-23', 10.00, NULL, 'كرت  _ 10', 2, NULL, NULL, NULL, NULL, 459, NULL, NULL, NULL, NULL, NULL, NULL, NULL, NULL, NULL),
(668, '2022-07-23', 10.00, NULL, 'كرت  _ 10', 2, NULL, NULL, NULL, NULL, 460, NULL, NULL, NULL, NULL, NULL, NULL, NULL, NULL, NULL),
(669, '2022-07-23', 10.00, NULL, 'كرت  _ 10', 2, NULL, NULL, NULL, NULL, 461, NULL, NULL, NULL, NULL, NULL, NULL, NULL, NULL, NULL),
(670, '2022-07-23', 10.00, NULL, 'كرت  _ 10', 2, NULL, NULL, NULL, NULL, 462, NULL, NULL, NULL, NULL, NULL, NULL, NULL, NULL, NULL),
(671, '2022-07-23', 10.00, NULL, 'كرت  _ 10', 2, NULL, NULL, NULL, NULL, 463, NULL, NULL, NULL, NULL, NULL, NULL, NULL, NULL, NULL),
(672, '2022-07-23', 10.00, NULL, 'كرت  _ 10', 2, NULL, NULL, NULL, NULL, 464, NULL, NULL, NULL, NULL, NULL, NULL, NULL, NULL, NULL),
(673, '2022-07-23', 10.00, NULL, 'كرت  _ 10', 2, NULL, NULL, NULL, NULL, 465, NULL, NULL, NULL, NULL, NULL, NULL, NULL, NULL, NULL),
(674, '2022-07-23', 10.00, NULL, 'كرت  _ 10', 2, NULL, NULL, NULL, NULL, 466, NULL, NULL, NULL, NULL, NULL, NULL, NULL, NULL, NULL),
(675, '2022-07-23', 10.00, NULL, 'كرت  _ 10', 2, NULL, NULL, NULL, NULL, 467, NULL, NULL, NULL, NULL, NULL, NULL, NULL, NULL, NULL),
(676, '2022-07-23', 10.00, NULL, 'كرت  _ 10', 2, NULL, NULL, NULL, NULL, 468, NULL, NULL, NULL, NULL, NULL, NULL, NULL, NULL, NULL),
(677, '2022-07-23', 10.00, NULL, 'كرت  _ 10', 2, NULL, NULL, NULL, NULL, 469, NULL, NULL, NULL, NULL, NULL, NULL, NULL, NULL, NULL),
(678, '2022-07-23', 10.00, NULL, 'كرت  _ 10', 2, NULL, NULL, NULL, NULL, 470, NULL, NULL, NULL, NULL, NULL, NULL, NULL, NULL, NULL),
(679, '2022-07-23', 10.00, NULL, 'كرت  _ 10', 2, NULL, NULL, NULL, NULL, 471, NULL, NULL, NULL, NULL, NULL, NULL, NULL, NULL, NULL),
(680, '2022-07-23', 10.00, NULL, 'كرت  _ 10', 2, NULL, NULL, NULL, NULL, 472, NULL, NULL, NULL, NULL, NULL, NULL, NULL, NULL, NULL),
(681, '2022-07-23', 10.00, NULL, 'كرت  _ 10', 2, NULL, NULL, NULL, NULL, 473, NULL, NULL, NULL, NULL, NULL, NULL, NULL, NULL, NULL),
(682, '2022-07-23', 10.00, NULL, 'كرت  _ 10', 2, NULL, NULL, NULL, NULL, 474, NULL, NULL, NULL, NULL, NULL, NULL, NULL, NULL, NULL),
(683, '2022-07-23', 10.00, NULL, 'كرت  _ 10', 2, NULL, NULL, NULL, NULL, 475, NULL, NULL, NULL, NULL, NULL, NULL, NULL, NULL, NULL),
(684, '2022-07-23', NULL, 2000.00, 'ايصال دفع رقم 25', 2, NULL, NULL, NULL, 25, NULL, NULL, NULL, NULL, NULL, NULL, NULL, NULL, NULL, NULL),
(685, '2022-07-23', NULL, 33000.00, 'ايصال دفع رقم 26', 2, NULL, NULL, NULL, 26, NULL, NULL, NULL, NULL, NULL, NULL, NULL, NULL, NULL, NULL),
(686, '2022-07-23', NULL, 1000.00, 'ايصال دفع رقم 27', 2, NULL, NULL, NULL, 27, NULL, NULL, NULL, NULL, NULL, NULL, NULL, NULL, NULL, NULL),
(687, '2022-07-23', NULL, 1000.00, 'ايصال دفع رقم 28', 2, NULL, NULL, NULL, 28, NULL, NULL, NULL, NULL, NULL, NULL, NULL, NULL, NULL, NULL),
(688, '2022-07-23', 3000.00, NULL, 'حسين بكر سداد مصاري', 2, NULL, NULL, NULL, NULL, NULL, NULL, NULL, NULL, 11, NULL, NULL, NULL, NULL, NULL),
(689, '2022-07-23', 11000.00, NULL, 'تحويل فودافون كاش 01007983995 ', 2, NULL, NULL, NULL, NULL, NULL, NULL, 65, NULL, NULL, NULL, NULL, NULL, NULL, NULL),
(690, '2022-07-23', NULL, 1000.00, 'ترحيل الي جرد الثاني', 2, NULL, NULL, NULL, NULL, NULL, NULL, NULL, NULL, NULL, NULL, NULL, NULL, NULL, NULL),
(691, '2022-07-23', 17800.00, NULL, 'تحويل فودافون كاش 010', 2, NULL, NULL, NULL, NULL, NULL, NULL, 66, NULL, NULL, NULL, NULL, NULL, NULL, NULL),
(692, '2022-07-23', -125.00, NULL, 'تحويل كاش', 2, NULL, 22, NULL, NULL, NULL, NULL, NULL, NULL, NULL, NULL, NULL, NULL, NULL, NULL),
(693, '2022-07-23', 200.00, NULL, 'دفعة من حساب  السايح مطعم', 2, NULL, 23, NULL, NULL, NULL, NULL, NULL, NULL, NULL, NULL, NULL, NULL, NULL, NULL),
(694, '2022-07-23', -100.00, NULL, 'دفعة من حساب  محمد تلاجة ', 2, NULL, 24, NULL, NULL, NULL, NULL, NULL, NULL, NULL, NULL, NULL, NULL, NULL, NULL),
(695, '2022-07-23', NULL, 300.00, 'البيت ', 2, NULL, NULL, NULL, NULL, NULL, NULL, NULL, 21, NULL, NULL, NULL, NULL, NULL, NULL),
(696, '2022-07-23', NULL, 300.00, 'سداد مبلغ السلفة 300.0', 0, NULL, NULL, NULL, NULL, NULL, NULL, NULL, NULL, NULL, NULL, 29, NULL, NULL, NULL),
(697, '2022-07-23', NULL, 30.00, 'سجاير عرفه ', 2, NULL, NULL, NULL, NULL, NULL, NULL, NULL, 22, NULL, NULL, NULL, NULL, NULL, NULL),
(698, '2022-07-24', 120.00, NULL, 'دفعة من حساب  عبد الله البلوك', 2, NULL, 25, NULL, NULL, NULL, NULL, NULL, NULL, NULL, NULL, NULL, NULL, NULL, NULL),
(699, '2022-07-24', 30.00, NULL, 'فاتورة مبيعات نقدية69', 2, NULL, NULL, 69, NULL, NULL, NULL, NULL, NULL, NULL, NULL, NULL, NULL, NULL, NULL),
(700, '2022-07-24', 85.00, NULL, 'فاتورة مبيعات نقدية70', 2, NULL, NULL, 70, NULL, NULL, NULL, NULL, NULL, NULL, NULL, NULL, NULL, NULL, NULL),
(701, '2022-07-24', 30.00, NULL, 'فاتورة مبيعات نقدية71', 2, NULL, NULL, 71, NULL, NULL, NULL, NULL, NULL, NULL, NULL, NULL, NULL, NULL, NULL),
(702, '2022-07-24', 40.00, NULL, 'فاتورة مبيعات نقدية72', 2, NULL, NULL, 72, NULL, NULL, NULL, NULL, NULL, NULL, NULL, NULL, NULL, NULL, NULL),
(703, '2022-07-24', 175.00, NULL, 'دفعة من حساب  ابو زكريا عربية الماية', 2, NULL, 26, NULL, NULL, NULL, NULL, NULL, NULL, NULL, NULL, NULL, NULL, NULL, NULL),
(704, '2022-07-24', 85.00, NULL, 'فاتورة مبيعات نقدية73', 2, NULL, NULL, 73, NULL, NULL, NULL, NULL, NULL, NULL, NULL, NULL, NULL, NULL, NULL),
(705, '2022-07-24', 35.00, NULL, 'فاتورة مبيعات نقدية74', 2, NULL, NULL, 74, NULL, NULL, NULL, NULL, NULL, NULL, NULL, NULL, NULL, NULL, NULL),
(706, '2022-07-25', 65.00, NULL, 'فاتورة مبيعات نقدية75', 2, NULL, NULL, 75, NULL, NULL, NULL, NULL, NULL, NULL, NULL, NULL, NULL, NULL, NULL),
(707, '2022-07-26', 40.00, NULL, 'فاتورة مبيعات نقدية76', 2, NULL, NULL, 76, NULL, NULL, NULL, NULL, NULL, NULL, NULL, NULL, NULL, NULL, NULL),
(708, '2022-07-26', 50.00, NULL, 'فاتورة مبيعات نقدية77', 2, NULL, NULL, 77, NULL, NULL, NULL, NULL, NULL, NULL, NULL, NULL, NULL, NULL, NULL),
(709, '2022-07-26', 2000.00, NULL, 'سحب من جرد الثاني', 2, NULL, NULL, NULL, NULL, NULL, NULL, NULL, NULL, NULL, NULL, NULL, NULL, NULL, NULL),
(710, '2022-07-26', 450.00, NULL, '011', 2, NULL, NULL, NULL, NULL, 477, NULL, NULL, NULL, NULL, NULL, NULL, NULL, NULL, NULL),
(711, '2022-07-26', 50.00, NULL, 'فاتورة مبيعات نقدية78', 2, NULL, NULL, 78, NULL, NULL, NULL, NULL, NULL, NULL, NULL, NULL, NULL, NULL, NULL),
(712, '2022-07-26', 40.00, NULL, 'فاتورة مبيعات نقدية79', 2, NULL, NULL, 79, NULL, NULL, NULL, NULL, NULL, NULL, NULL, NULL, NULL, NULL, NULL),
(713, '2022-07-26', NULL, 2000.00, 'ترحيل الي جرد الثاني', 2, NULL, NULL, NULL, NULL, NULL, NULL, NULL, NULL, NULL, NULL, NULL, NULL, NULL, NULL),
(714, '2022-07-26', 50.00, NULL, 'فاتورة مبيعات نقدية80', 2, NULL, NULL, 80, NULL, NULL, NULL, NULL, NULL, NULL, NULL, NULL, NULL, NULL, NULL),
(715, '2022-07-26', 65.00, NULL, 'فاتورة مبيعات نقدية81', 2, NULL, NULL, 81, NULL, NULL, NULL, NULL, NULL, NULL, NULL, NULL, NULL, NULL, NULL),
(716, '2022-07-26', 7.00, NULL, 'فاتورة مبيعات نقدية82', 2, NULL, NULL, 82, NULL, NULL, NULL, NULL, NULL, NULL, NULL, NULL, NULL, NULL, NULL),
(717, '2022-07-26', 40.00, NULL, 'فاتورة مبيعات نقدية83', 2, NULL, NULL, 83, NULL, NULL, NULL, NULL, NULL, NULL, NULL, NULL, NULL, NULL, NULL),
(718, '2022-07-26', 35.00, NULL, 'فاتورة مبيعات نقدية84', 2, NULL, NULL, 84, NULL, NULL, NULL, NULL, NULL, NULL, NULL, NULL, NULL, NULL, NULL),
(719, '2022-07-26', 40.00, NULL, 'فاتورة مبيعات نقدية85', 2, NULL, NULL, 85, NULL, NULL, NULL, NULL, NULL, NULL, NULL, NULL, NULL, NULL, NULL),
(720, '2022-07-26', 35.00, NULL, 'فاتورة مبيعات نقدية86', 2, NULL, NULL, 86, NULL, NULL, NULL, NULL, NULL, NULL, NULL, NULL, NULL, NULL, NULL),
(721, '2022-07-26', 10.00, NULL, 'فاتورة مبيعات نقدية87', 2, NULL, NULL, 87, NULL, NULL, NULL, NULL, NULL, NULL, NULL, NULL, NULL, NULL, NULL),
(722, '2022-07-26', 40.00, NULL, 'فاتورة مبيعات نقدية88', 2, NULL, NULL, 88, NULL, NULL, NULL, NULL, NULL, NULL, NULL, NULL, NULL, NULL, NULL),
(723, '2022-07-26', 40.00, NULL, 'فاتورة مبيعات نقدية89', 2, NULL, NULL, 89, NULL, NULL, NULL, NULL, NULL, NULL, NULL, NULL, NULL, NULL, NULL),
(724, '2022-07-27', NULL, 6000.00, 'ايصال دفع رقم 29', 2, NULL, NULL, NULL, 29, NULL, NULL, NULL, NULL, NULL, NULL, NULL, NULL, NULL, NULL),
(725, '2022-07-27', NULL, 8500.00, 'ايصال دفع رقم 30', 2, NULL, NULL, NULL, 30, NULL, NULL, NULL, NULL, NULL, NULL, NULL, NULL, NULL, NULL),
(726, '2022-07-27', 3000.00, NULL, 'البيت ', 2, NULL, NULL, NULL, NULL, NULL, NULL, NULL, NULL, 12, NULL, NULL, NULL, NULL, NULL),
(727, '2022-07-27', 1010.00, NULL, 'تحويلة كاش عربية الماية  عربية الماية', 2, NULL, NULL, NULL, NULL, NULL, NULL, NULL, NULL, 13, NULL, NULL, NULL, NULL, NULL),
(728, '2022-07-27', 23400.00, NULL, '', 2, NULL, NULL, NULL, NULL, 479, NULL, NULL, NULL, NULL, NULL, NULL, NULL, NULL, NULL),
(729, '2022-07-27', 1010.00, NULL, 'عيد ابو حويو تحويل كاش', 2, NULL, NULL, NULL, NULL, NULL, NULL, NULL, NULL, 14, NULL, NULL, NULL, NULL, NULL),
(730, '2022-07-27', 500.00, NULL, '', 2, NULL, NULL, NULL, NULL, 481, NULL, NULL, NULL, NULL, NULL, NULL, NULL, NULL, NULL),
(731, '2022-07-27', NULL, 2000.00, 'سداد مبلغ السلفة 2000.0', 0, NULL, NULL, NULL, NULL, NULL, NULL, NULL, NULL, NULL, NULL, 30, NULL, NULL, NULL),
(732, '2022-07-27', NULL, 4000.00, 'تحويل فودافون كاش ', 2, NULL, NULL, NULL, NULL, NULL, NULL, 67, NULL, NULL, NULL, NULL, NULL, NULL, NULL),
(733, '2022-07-27', NULL, 2950.00, 'سداد مبلغ السلفة 2950.0', 0, NULL, NULL, NULL, NULL, NULL, NULL, NULL, NULL, NULL, NULL, 31, NULL, NULL, NULL),
(734, '2022-07-27', -2950.00, NULL, '2000 زيت + 400 جاز + 150 فلاتر و سجاير+ 200 س للعمال', 2, NULL, 27, NULL, NULL, NULL, NULL, NULL, NULL, NULL, NULL, NULL, NULL, NULL, NULL),
(735, '2022-07-27', 10.00, NULL, 'كرت  _ 10', 2, NULL, NULL, NULL, NULL, 482, NULL, NULL, NULL, NULL, NULL, NULL, NULL, NULL, NULL),
(736, '2022-07-27', 10.00, NULL, 'كرت  _ 10', 2, NULL, NULL, NULL, NULL, 483, NULL, NULL, NULL, NULL, NULL, NULL, NULL, NULL, NULL),
(737, '2022-07-27', 10.00, NULL, 'كرت  _ 10', 2, NULL, NULL, NULL, NULL, 484, NULL, NULL, NULL, NULL, NULL, NULL, NULL, NULL, NULL),
(738, '2022-07-27', 10.00, NULL, 'كرت  _ 10', 2, NULL, NULL, NULL, NULL, 485, NULL, NULL, NULL, NULL, NULL, NULL, NULL, NULL, NULL),
(739, '2022-07-27', 10.00, NULL, 'كرت  _ 10', 2, NULL, NULL, NULL, NULL, 486, NULL, NULL, NULL, NULL, NULL, NULL, NULL, NULL, NULL),
(740, '2022-07-27', 10.00, NULL, 'كرت  _ 10', 2, NULL, NULL, NULL, NULL, 487, NULL, NULL, NULL, NULL, NULL, NULL, NULL, NULL, NULL),
(741, '2022-07-27', -175.00, NULL, 'دفعة من حساب  طارق اب مدغة', 2, NULL, 28, NULL, NULL, NULL, NULL, NULL, NULL, NULL, NULL, NULL, NULL, NULL, NULL),
(742, '2022-07-27', -100.00, NULL, 'دفعة من حساب  محمد تلاجة ', 2, NULL, 29, NULL, NULL, NULL, NULL, NULL, NULL, NULL, NULL, NULL, NULL, NULL, NULL),
(743, '2022-07-27', 2000.00, NULL, 'احمد شفر ', 2, NULL, NULL, NULL, NULL, NULL, NULL, NULL, NULL, 15, NULL, NULL, NULL, NULL, NULL),
(744, '2022-07-27', -3500.00, NULL, 'ناصر لودر', 2, NULL, 30, NULL, NULL, NULL, NULL, NULL, NULL, NULL, NULL, NULL, NULL, NULL, NULL),
(745, '2022-07-27', -125.00, NULL, 'دفعة من حساب  حماد عربية الماية', 2, NULL, 31, NULL, NULL, NULL, NULL, NULL, NULL, NULL, NULL, NULL, NULL, NULL, NULL),
(746, '2022-07-27', NULL, 650.00, 'قسط تمويلي', 2, NULL, NULL, NULL, NULL, NULL, NULL, NULL, 23, NULL, NULL, NULL, NULL, NULL, NULL),
(747, '2022-07-27', NULL, 500.00, 'عجز', 2, NULL, NULL, NULL, NULL, NULL, NULL, NULL, NULL, NULL, 7, NULL, NULL, NULL, NULL),
(748, '2022-07-27', -150.00, NULL, 'دفعة من حساب  كمال حسيب', 2, NULL, 32, NULL, NULL, NULL, NULL, NULL, NULL, NULL, NULL, NULL, NULL, NULL, NULL),
(749, '2022-07-27', NULL, 2000.00, 'ايصال دفع رقم 31', 2, NULL, NULL, NULL, 31, NULL, NULL, NULL, NULL, NULL, NULL, NULL, NULL, NULL, NULL),
(750, '2022-07-27', 1000.00, NULL, 'شعبان ع الحميد ', 2, NULL, NULL, NULL, NULL, NULL, NULL, NULL, NULL, 16, NULL, NULL, NULL, NULL, NULL),
(751, '2022-07-27', 500.00, NULL, 'زيادة', 2, NULL, NULL, NULL, NULL, NULL, NULL, NULL, NULL, NULL, 8, NULL, NULL, NULL, NULL),
(752, '2022-07-27', 10.00, NULL, 'فاتورة مبيعات نقدية90', 2, NULL, NULL, 90, NULL, NULL, NULL, NULL, NULL, NULL, NULL, NULL, NULL, NULL, NULL),
(753, '2022-07-27', 10.00, NULL, 'فاتورة مبيعات نقدية91', 2, NULL, NULL, 91, NULL, NULL, NULL, NULL, NULL, NULL, NULL, NULL, NULL, NULL, NULL),
(754, '2022-07-27', 200.00, NULL, 'زيادة', 2, NULL, NULL, NULL, NULL, NULL, NULL, NULL, NULL, NULL, 9, NULL, NULL, NULL, NULL),
(755, '2022-07-27', 10.00, NULL, 'كرت  _ 10', 2, NULL, NULL, NULL, NULL, 488, NULL, NULL, NULL, NULL, NULL, NULL, NULL, NULL, NULL),
(756, '2022-07-27', 10.00, NULL, 'كرت  _ 10', 2, NULL, NULL, NULL, NULL, 489, NULL, NULL, NULL, NULL, NULL, NULL, NULL, NULL, NULL),
(757, '2022-07-27', 10.00, NULL, 'كرت  _ 10', 2, NULL, NULL, NULL, NULL, 490, NULL, NULL, NULL, NULL, NULL, NULL, NULL, NULL, NULL),
(758, '2022-07-27', 470.00, NULL, 'زيادة', 2, NULL, NULL, NULL, NULL, NULL, NULL, NULL, NULL, NULL, 10, NULL, NULL, NULL, NULL),
(759, '2022-07-27', NULL, 500.00, 'ايصال دفع رقم 32', 2, NULL, NULL, NULL, 32, NULL, NULL, NULL, NULL, NULL, NULL, NULL, NULL, NULL, NULL),
(760, '2022-07-27', 15950.00, NULL, 'تحويل فودافون كاش 011', 2, NULL, NULL, NULL, NULL, NULL, NULL, 68, NULL, NULL, NULL, NULL, NULL, NULL, NULL),
(761, '2022-07-27', 35.00, NULL, 'فاتورة مبيعات نقدية92', 2, NULL, NULL, 92, NULL, NULL, NULL, NULL, NULL, NULL, NULL, NULL, NULL, NULL, NULL),
(762, '2022-07-27', 30.00, NULL, 'فاتورة مبيعات نقدية93', 2, NULL, NULL, 93, NULL, NULL, NULL, NULL, NULL, NULL, NULL, NULL, NULL, NULL, NULL),
(763, '2022-07-27', 450.00, NULL, '', 2, NULL, NULL, NULL, NULL, 493, NULL, NULL, NULL, NULL, NULL, NULL, NULL, NULL, NULL),
(764, '2022-07-27', 100.00, NULL, '', 2, NULL, NULL, NULL, NULL, 494, NULL, NULL, NULL, NULL, NULL, NULL, NULL, NULL, NULL),
(765, '2022-07-27', 3.00, NULL, '', 2, NULL, NULL, NULL, NULL, 495, NULL, NULL, NULL, NULL, NULL, NULL, NULL, NULL, NULL);
INSERT INTO `casher` (`id_casher`, `date_casher`, `Debit`, `Creditor`, `note`, `id_users`, `id_purchaseInvoice`, `id_Receipt`, `id_salesInvoic`, `id_PaymentReceipt`, `id_masary_pay`, `id_masary_sell`, `id_Send_Receive`, `id_fees`, `id_Solf`, `id_deficiency_excess`, `id_paydebt`, `id_exports`, `id_expens`, `id_imports`) VALUES
(766, '2022-07-27', NULL, 18000.00, 'ايصال دفع رقم 33', 2, NULL, NULL, NULL, 33, NULL, NULL, NULL, NULL, NULL, NULL, NULL, NULL, NULL, NULL),
(767, '2022-07-27', 1000.00, NULL, 'الرشيدي كاش', 2, NULL, NULL, NULL, NULL, NULL, NULL, NULL, NULL, 17, NULL, NULL, NULL, NULL, NULL),
(768, '2022-07-27', 10.00, NULL, 'كرت  _ 10', 2, NULL, NULL, NULL, NULL, 496, NULL, NULL, NULL, NULL, NULL, NULL, NULL, NULL, NULL),
(770, '2022-07-27', 80.00, NULL, 'فاتورة مبيعات نقدية95', 2, NULL, NULL, 95, NULL, NULL, NULL, NULL, NULL, NULL, NULL, NULL, NULL, NULL, NULL),
(771, '2022-07-27', 40.00, NULL, 'فاتورة مبيعات نقدية96', 2, NULL, NULL, 96, NULL, NULL, NULL, NULL, NULL, NULL, NULL, NULL, NULL, NULL, NULL),
(772, '2022-07-28', 300.00, NULL, 'دفعة من حساب  طارق اب مدغة', 2, NULL, 33, NULL, NULL, NULL, NULL, NULL, NULL, NULL, NULL, NULL, NULL, NULL, NULL),
(773, '2022-07-28', 7.00, NULL, 'فاتورة مبيعات نقدية97', 2, NULL, NULL, 97, NULL, NULL, NULL, NULL, NULL, NULL, NULL, NULL, NULL, NULL, NULL),
(774, '2022-07-28', 10.00, NULL, 'فاتورة مبيعات نقدية98', 2, NULL, NULL, 98, NULL, NULL, NULL, NULL, NULL, NULL, NULL, NULL, NULL, NULL, NULL),
(775, '2022-07-28', 15.00, NULL, 'فاتورة مبيعات نقدية99', 2, NULL, NULL, 99, NULL, NULL, NULL, NULL, NULL, NULL, NULL, NULL, NULL, NULL, NULL),
(776, '2022-07-28', 30.00, NULL, 'فاتورة مبيعات نقدية100', 2, NULL, NULL, 100, NULL, NULL, NULL, NULL, NULL, NULL, NULL, NULL, NULL, NULL, NULL),
(777, '2022-07-28', 65.00, NULL, 'فاتورة مبيعات نقدية101', 2, NULL, NULL, 101, NULL, NULL, NULL, NULL, NULL, NULL, NULL, NULL, NULL, NULL, NULL),
(778, '2022-07-28', 100.00, NULL, 'فاتورة مبيعات نقدية102', 2, NULL, NULL, 102, NULL, NULL, NULL, NULL, NULL, NULL, NULL, NULL, NULL, NULL, NULL),
(779, '2022-07-28', 10.00, NULL, 'فاتورة مبيعات نقدية103', 2, NULL, NULL, 103, NULL, NULL, NULL, NULL, NULL, NULL, NULL, NULL, NULL, NULL, NULL),
(780, '2022-08-01', NULL, 840.00, 'ايصال دفع رقم 34', 2, NULL, NULL, NULL, 34, NULL, NULL, NULL, NULL, NULL, NULL, NULL, NULL, NULL, NULL),
(781, '2022-08-01', NULL, 10100.00, 'ايصال دفع رقم 35', 2, NULL, NULL, NULL, 35, NULL, NULL, NULL, NULL, NULL, NULL, NULL, NULL, NULL, NULL),
(782, '2022-08-01', 125.00, NULL, 'دفعة من حساب  حماد عربية الماية', 2, NULL, 34, NULL, NULL, NULL, NULL, NULL, NULL, NULL, NULL, NULL, NULL, NULL, NULL),
(783, '2022-08-01', 210.00, NULL, '', 2, NULL, NULL, NULL, NULL, 498, NULL, NULL, NULL, NULL, NULL, NULL, NULL, NULL, NULL),
(784, '2022-08-01', NULL, 7500.00, 'تحويل فودافون كاش ', 2, NULL, NULL, NULL, NULL, NULL, NULL, 69, NULL, NULL, NULL, NULL, NULL, NULL, NULL),
(785, '2022-08-01', NULL, 1000.00, 'سداد مبلغ السلفة 1000.0', 0, NULL, NULL, NULL, NULL, NULL, NULL, NULL, NULL, NULL, NULL, 32, NULL, NULL, NULL),
(786, '2022-08-01', NULL, 1010.00, 'سداد مبلغ السلفة 1010.0', 0, NULL, NULL, NULL, NULL, NULL, NULL, NULL, NULL, NULL, NULL, 33, NULL, NULL, NULL),
(787, '2022-08-01', NULL, 1010.00, 'سداد مبلغ السلفة 1010.0', 0, NULL, NULL, NULL, NULL, NULL, NULL, NULL, NULL, NULL, NULL, 34, NULL, NULL, NULL),
(788, '2022-08-01', NULL, 3000.00, 'سداد مبلغ السلفة 3000.0', 0, NULL, NULL, NULL, NULL, NULL, NULL, NULL, NULL, NULL, NULL, 35, NULL, NULL, NULL),
(789, '2022-08-01', NULL, 1000.00, 'سداد مبلغ السلفة 1000.0', 0, NULL, NULL, NULL, NULL, NULL, NULL, NULL, NULL, NULL, NULL, 36, NULL, NULL, NULL),
(790, '2022-08-01', 11000.00, NULL, 'البيت 2 ', 2, NULL, NULL, NULL, NULL, NULL, NULL, NULL, NULL, 18, NULL, NULL, NULL, NULL, NULL),
(791, '2022-08-01', NULL, -450.00, 'سداد مبلغ السلفة -450.0', 0, NULL, NULL, NULL, NULL, NULL, NULL, NULL, NULL, NULL, NULL, 37, NULL, NULL, NULL),
(792, '2022-08-01', 330.00, NULL, '', 2, NULL, NULL, NULL, NULL, 500, NULL, NULL, NULL, NULL, NULL, NULL, NULL, NULL, NULL),
(793, '2022-08-01', 10000.00, NULL, 'تحويل فودافون كاش 010', 2, NULL, NULL, NULL, NULL, NULL, NULL, 70, NULL, NULL, NULL, NULL, NULL, NULL, NULL),
(794, '2022-08-01', -1900.00, NULL, 'دفعة من حساب  سليم جادو', 2, NULL, 35, NULL, NULL, NULL, NULL, NULL, NULL, NULL, NULL, NULL, NULL, NULL, NULL),
(795, '2022-08-01', -800.00, NULL, 'الشفر نقل الغربال', 2, NULL, 36, NULL, NULL, NULL, NULL, NULL, NULL, NULL, NULL, NULL, NULL, NULL, NULL),
(796, '2022-08-01', -1700.00, NULL, 'الشفر نقل الغربال', 2, NULL, 37, NULL, NULL, NULL, NULL, NULL, NULL, NULL, NULL, NULL, NULL, NULL, NULL),
(798, '2022-08-01', -3800.00, NULL, 'جاز و زيت و انبوبة', 2, NULL, 39, NULL, NULL, NULL, NULL, NULL, NULL, NULL, NULL, NULL, NULL, NULL, NULL),
(799, '2022-08-01', 10.00, NULL, 'كرت  _ 10', 2, NULL, NULL, NULL, NULL, 501, NULL, NULL, NULL, NULL, NULL, NULL, NULL, NULL, NULL),
(800, '2022-08-01', 10.00, NULL, 'كرت  _ 10', 2, NULL, NULL, NULL, NULL, 502, NULL, NULL, NULL, NULL, NULL, NULL, NULL, NULL, NULL),
(801, '2022-08-01', 10.00, NULL, 'كرت  _ 10', 2, NULL, NULL, NULL, NULL, 503, NULL, NULL, NULL, NULL, NULL, NULL, NULL, NULL, NULL),
(802, '2022-08-01', 10.00, NULL, 'كرت  _ 10', 2, NULL, NULL, NULL, NULL, 504, NULL, NULL, NULL, NULL, NULL, NULL, NULL, NULL, NULL),
(803, '2022-08-01', 10.00, NULL, 'كرت  _ 10', 2, NULL, NULL, NULL, NULL, 505, NULL, NULL, NULL, NULL, NULL, NULL, NULL, NULL, NULL),
(804, '2022-08-01', 10.00, NULL, 'كرت  _ 10', 2, NULL, NULL, NULL, NULL, 506, NULL, NULL, NULL, NULL, NULL, NULL, NULL, NULL, NULL),
(805, '2022-08-01', 10.00, NULL, 'كرت  _ 10', 2, NULL, NULL, NULL, NULL, 507, NULL, NULL, NULL, NULL, NULL, NULL, NULL, NULL, NULL),
(806, '2022-08-01', 10.00, NULL, 'كرت  _ 10', 2, NULL, NULL, NULL, NULL, 508, NULL, NULL, NULL, NULL, NULL, NULL, NULL, NULL, NULL),
(807, '2022-08-01', 10.00, NULL, 'كرت  _ 10', 2, NULL, NULL, NULL, NULL, 509, NULL, NULL, NULL, NULL, NULL, NULL, NULL, NULL, NULL),
(808, '2022-08-01', 10.00, NULL, 'كرت  _ 10', 2, NULL, NULL, NULL, NULL, 510, NULL, NULL, NULL, NULL, NULL, NULL, NULL, NULL, NULL),
(809, '2022-08-01', 10.00, NULL, 'كرت  _ 10', 2, NULL, NULL, NULL, NULL, 511, NULL, NULL, NULL, NULL, NULL, NULL, NULL, NULL, NULL),
(810, '2022-08-01', 10.00, NULL, 'كرت  _ 10', 2, NULL, NULL, NULL, NULL, 512, NULL, NULL, NULL, NULL, NULL, NULL, NULL, NULL, NULL),
(811, '2022-08-01', 10.00, NULL, 'كرت  _ 10', 2, NULL, NULL, NULL, NULL, 513, NULL, NULL, NULL, NULL, NULL, NULL, NULL, NULL, NULL),
(812, '2022-08-01', 10.00, NULL, 'كرت  _ 10', 2, NULL, NULL, NULL, NULL, 514, NULL, NULL, NULL, NULL, NULL, NULL, NULL, NULL, NULL),
(813, '2022-08-01', 10.00, NULL, 'كرت  _ 10', 2, NULL, NULL, NULL, NULL, 515, NULL, NULL, NULL, NULL, NULL, NULL, NULL, NULL, NULL),
(814, '2022-08-01', 12000.00, NULL, 'جابر الشغبي تحويل كاش', 2, NULL, NULL, NULL, NULL, NULL, NULL, NULL, NULL, 19, NULL, NULL, NULL, NULL, NULL),
(815, '2022-08-01', 5000.00, NULL, 'علي عبد الواحد تحويل كاش', 2, NULL, NULL, NULL, NULL, NULL, NULL, NULL, NULL, 20, NULL, NULL, NULL, NULL, NULL),
(816, '2022-08-01', -2000.00, NULL, 'حساب التربيزة', 2, NULL, 40, NULL, NULL, NULL, NULL, NULL, NULL, NULL, NULL, NULL, NULL, NULL, NULL),
(817, '2022-08-01', NULL, 2905.00, 'سداد القرض و مصاريف الحرق', 2, NULL, NULL, NULL, NULL, NULL, NULL, NULL, 24, NULL, NULL, NULL, NULL, NULL, NULL),
(818, '2022-08-01', 225.00, NULL, 'دفعة من حساب  اب دراوي', 2, NULL, 41, NULL, NULL, NULL, NULL, NULL, NULL, NULL, NULL, NULL, NULL, NULL, NULL),
(819, '2022-08-03', 25.00, NULL, 'فاتورة مبيعات نقدية104', 2, NULL, NULL, 104, NULL, NULL, NULL, NULL, NULL, NULL, NULL, NULL, NULL, NULL, NULL),
(820, '2022-08-03', 50.00, NULL, 'فاتورة مبيعات نقدية105', 2, NULL, NULL, 105, NULL, NULL, NULL, NULL, NULL, NULL, NULL, NULL, NULL, NULL, NULL),
(821, '2022-09-14', 60.00, NULL, 'فاتورة مبيعات نقدية106', 2, NULL, NULL, 106, NULL, NULL, NULL, NULL, NULL, NULL, NULL, NULL, NULL, NULL, NULL),
(822, '2022-09-18', NULL, 60.00, 'test', 2, NULL, NULL, NULL, NULL, NULL, NULL, NULL, NULL, NULL, NULL, NULL, 1, NULL, NULL),
(823, '2022-09-20', NULL, 500.00, 'زوادة', 2, NULL, NULL, NULL, NULL, NULL, NULL, NULL, NULL, NULL, NULL, NULL, NULL, 1, NULL),
(824, '2022-09-21', 11374.00, NULL, 'فاتورة وزن 11.0', 2, NULL, NULL, NULL, NULL, NULL, NULL, NULL, NULL, NULL, NULL, NULL, NULL, NULL, 1);

--
-- Triggers `casher`
--
DELIMITER $$
CREATE TRIGGER `ubdate_balance_casher` AFTER INSERT ON `casher` FOR EACH ROW BEGIN
     DECLARE oldbalance DOUBLE ;
    DECLARE totalDebit double ;
    DECLARE totalCredit double;
    -- DECLARE newbalance DOUBLE ;
        -- set totalDebit
    SELECT
        SUM(casher.Debit)
    INTO @totalDebit
FROM
    casher
WHERE
    casher.date_casher = CURRENT_DATE() ;
    -- set new balance
  SELECT Sum(casher.Creditor) INTO @totalCredit FROM casher WHERE casher.date_casher =CURRENT_DATE();
SELECT finallyday.oldBalance INTO @oldbalance FROM finallyday WHERE finallyday.dateFinally = CURRENT_DATE();
UPDATE
    finallyday
SET
   finallyday.totalimport = @totalDebit , finallyday.totalexport = @totalCredit , finallyday.newbalance = (@oldbalance + @totalDebit - @totalCredit) WHERE finallyday.dateFinally = CURRENT_DATE() ;
END
$$
DELIMITER ;

-- --------------------------------------------------------

--
-- Table structure for table `cashertwo`
--

CREATE TABLE `cashertwo` (
  `id_CasherTwo` int(11) NOT NULL,
  `date_Casher` date DEFAULT curdate(),
  `time_Casher` time DEFAULT curtime(),
  `Debit` double(10,2) DEFAULT 0.00,
  `Creditor` double(10,2) DEFAULT 0.00
) ENGINE=InnoDB DEFAULT CHARSET=utf8;

--
-- Dumping data for table `cashertwo`
--

INSERT INTO `cashertwo` (`id_CasherTwo`, `date_Casher`, `time_Casher`, `Debit`, `Creditor`) VALUES
(1, '2022-07-11', '19:47:46', 5000.00, 0.00),
(2, '2022-07-11', '22:04:59', 1500.00, 0.00),
(3, '2022-07-11', '23:49:09', 3000.00, 0.00),
(4, '2022-07-12', '10:12:51', 2500.00, 0.00),
(5, '2022-07-12', '11:30:44', 1500.00, 0.00),
(6, '2022-07-12', '13:16:47', 600.00, 0.00),
(7, '2022-07-12', '19:08:28', 0.00, 400.00),
(8, '2022-07-12', '21:04:17', 0.00, 10700.00),
(9, '2022-07-12', '21:13:50', 0.00, 2000.00),
(10, '2022-07-13', '21:20:28', 15000.00, 0.00),
(11, '2022-07-14', '17:02:55', 0.00, 15000.00),
(12, '2022-07-14', '22:01:10', 10000.00, 0.00),
(13, '2022-07-14', '22:24:17', 10000.00, 0.00),
(14, '2022-07-14', '23:55:28', 3000.00, 0.00),
(15, '2022-07-15', '03:21:37', 0.00, 20000.00),
(16, '2022-07-15', '18:57:22', 5000.00, 0.00),
(17, '2022-07-15', '19:54:12', 0.00, 8000.00),
(18, '2022-07-15', '19:54:34', 8000.00, 0.00),
(19, '2022-07-15', '20:28:47', 8000.00, 0.00),
(20, '2022-07-15', '20:28:55', 0.00, 16000.00),
(21, '2022-07-16', '01:54:35', 0.00, 1000.00),
(22, '2022-07-17', '18:21:35', 20000.00, 0.00),
(23, '2022-07-17', '18:29:37', 2800.00, 0.00),
(24, '2022-07-17', '20:04:57', 7500.00, 0.00),
(25, '2022-07-17', '20:48:58', 0.00, 30300.00),
(26, '2022-07-18', '18:32:58', 15000.00, 0.00),
(27, '2022-07-18', '18:33:06', 300.00, 0.00),
(28, '2022-07-18', '21:21:18', 200.00, 0.00),
(29, '2022-07-18', '22:23:05', 0.00, 15000.00),
(30, '2022-07-18', '22:23:07', 0.00, 500.00),
(31, '2022-07-21', '01:12:24', 1000.00, 0.00),
(32, '2022-07-23', '23:04:35', 1000.00, 0.00),
(33, '2022-07-26', '13:15:02', 0.00, 2000.00),
(34, '2022-07-26', '14:16:47', 2000.00, 0.00);

-- --------------------------------------------------------

--
-- Stand-in structure for view `cashertwobalance`
-- (See below for the actual view)
--
CREATE TABLE `cashertwobalance` (
`Balance` double(19,2)
);

-- --------------------------------------------------------

--
-- Table structure for table `categoryutilites`
--

CREATE TABLE `categoryutilites` (
  `id_category` int(11) NOT NULL,
  `name_category` varchar(512) DEFAULT NULL,
  `requier_phone` tinyint(1) NOT NULL DEFAULT 1
) ENGINE=InnoDB DEFAULT CHARSET=utf8;

--
-- Dumping data for table `categoryutilites`
--

INSERT INTO `categoryutilites` (`id_category`, `name_category`, `requier_phone`) VALUES
(1, 'كروت اتصالات', 0),
(2, 'كروت اورنج', 0),
(3, 'كروت WE', 0),
(4, 'كروت فودافون', 0),
(9, 'اتصالات حكاية', 1),
(10, 'شحن', 1),
(11, 'فودافون كاش', 1),
(12, 'سداد قروض', 1),
(13, 'فواتير النت و الارضي', 1),
(14, 'فواتير', 1),
(15, 'مرافق عامة', 0);

-- --------------------------------------------------------

--
-- Table structure for table `clear`
--

CREATE TABLE `clear` (
  `id_clear` int(11) NOT NULL,
  `date_clear` date NOT NULL,
  `notes` varchar(1024) NOT NULL
) ENGINE=InnoDB DEFAULT CHARSET=utf8;

-- --------------------------------------------------------

--
-- Table structure for table `client`
--

CREATE TABLE `client` (
  `id_client` bigint(255) NOT NULL,
  `name_client` varchar(512) DEFAULT NULL,
  `phone` varchar(11) DEFAULT NULL,
  `address` varchar(512) DEFAULT NULL,
  `idNational` varchar(14) DEFAULT NULL,
  `firstBalance` double NOT NULL,
  `isActive` tinyint(1) NOT NULL DEFAULT 1
) ENGINE=InnoDB DEFAULT CHARSET=utf8;

--
-- Dumping data for table `client`
--

INSERT INTO `client` (`id_client`, `name_client`, `phone`, `address`, `idNational`, `firstBalance`, `isActive`) VALUES
(1, 'عميل نقدي', NULL, NULL, NULL, 0, 1),
(2, 'احمد ابو عبد الله', '', '', '', 0, 1),
(3, 'ركابي صابر', '', '', '', 0, 1),
(4, 'محمد اب عبده', '', '', '', 0, 1),
(5, 'المتر حسني', '', '', '', 350, 1),
(6, 'رضا خ محمود', '', '', '', 0, 1),
(7, 'اسعد السوداني', '', '', '', 1100, 1),
(8, 'طارق اب مدغة', '01097484565', '', '', 0, 1),
(9, 'السايح مطعم', '', '', '', 0, 1),
(10, 'احمد وافي', '', '', '', 0, 1),
(11, 'عرفه', '', '', '', 0, 1),
(12, 'محمود ابو ريناد', '', '', '', 0, 1),
(13, 'احمد شعبان', '', '', '', 0, 1),
(14, 'محمد تلاجة ', '', '', '', 0, 1),
(15, 'خالد عجاج', '', '', '', 0, 1),
(16, 'حسن محمود', '', '', '', 0, 1),
(17, 'نجار اب حسب الله', '', '', '', 0, 1),
(18, 'علي حموده', '', '', '', 0, 1),
(19, 'صديق السوداني', '', '', '', 0, 1),
(20, 'علاء المفتي', '', '', '', 0, 1),
(21, 'عبد الله عز', '', '', '', 0, 1),
(22, 'عبد الله البلوك', '', '', '', 0, 1),
(23, 'عثمان السوداني', '', '', '', 0, 1),
(24, 'سواق لودر', '', '', '', 0, 1),
(25, 'محمد سعيد', '', '', '', 0, 1),
(26, 'كمال حسيب', '', '', '', 0, 1),
(27, 'نجلاء فتحي', '', '', '', -300, 1),
(28, 'مصطفي سركنة', '', '', '', 0, 1),
(29, 'اب دراوي', '', '', '', 0, 1),
(30, 'شحتة الورداني', '', '', '', 0, 1),
(31, 'ابو زكريا عربية الماية', '', '', '', 0, 1),
(32, 'ابو الحسن الحداد', '01152660262', 'العطواني', '', 0, 1),
(33, 'شغل الجبل', '', '', '', 0, 1),
(34, 'حماد عربية الماية', '', '', '', 0, 1),
(35, 'علي العبادي', '', '', '', 0, 1),
(36, 'محمود رشاد', '', '', '', 0, 1),
(37, 'سليم جادو', '', '', '', 0, 1);

-- --------------------------------------------------------

--
-- Table structure for table `clientaccount`
--

CREATE TABLE `clientaccount` (
  `id_ClientAccount` bigint(255) NOT NULL,
  `date_ClientAccount` date DEFAULT curdate(),
  `Debit` double(10,2) DEFAULT NULL,
  `Creditor` double(10,2) DEFAULT NULL,
  `id_client` bigint(255) DEFAULT NULL,
  `id_salesInvoic` bigint(255) DEFAULT NULL,
  `id_Receipt` bigint(255) DEFAULT NULL,
  `id_masary_pay` int(11) DEFAULT NULL,
  `note` text DEFAULT NULL,
  `isActive` tinyint(1) NOT NULL DEFAULT 1
) ENGINE=InnoDB DEFAULT CHARSET=utf8;

--
-- Dumping data for table `clientaccount`
--

INSERT INTO `clientaccount` (`id_ClientAccount`, `date_ClientAccount`, `Debit`, `Creditor`, `id_client`, `id_salesInvoic`, `id_Receipt`, `id_masary_pay`, `note`, `isActive`) VALUES
(1, '2022-07-11', 150.00, NULL, 2, NULL, NULL, 10, '01', 1),
(2, '2022-07-11', NULL, 100.00, 2, NULL, 1, NULL, 'دفعة من حساب  احمد ابو عبد الله', 1),
(3, '2022-07-11', 75.00, NULL, 3, NULL, NULL, 12, '01151450004', 1),
(4, '2022-07-11', 35.00, NULL, 4, NULL, NULL, 14, 'حكاية _ 35', 1),
(5, '2022-07-11', NULL, 335.00, 5, NULL, 2, NULL, 'دفعة من حساب  المتر حسني', 1),
(6, '2022-07-11', 150.00, NULL, 6, NULL, NULL, 53, '', 1),
(7, '2022-07-12', 1500.00, NULL, 8, NULL, NULL, 63, '01097484565', 1),
(8, '2022-07-12', NULL, 1500.00, 8, NULL, 3, NULL, 'دفعة من حساب  طارق اب مدغة', 1),
(9, '2022-07-12', 10.00, NULL, 9, NULL, NULL, 111, 'كرت  _ 10', 1),
(10, '2022-07-12', 105.00, NULL, 10, NULL, NULL, 112, 'كرت 100', 1),
(12, '2022-07-13', NULL, 150.00, 6, NULL, 4, NULL, 'دفعة من حساب  رضا خ محمود', 1),
(13, '2022-07-13', NULL, 35.00, 4, NULL, 5, NULL, 'دفعة من حساب  محمد اب عبده', 1),
(14, NULL, 16.00, NULL, 15, NULL, NULL, 191, 'كرت 15', 1),
(15, '2022-07-14', NULL, -200.00, 14, NULL, 6, NULL, 'دفعة من حساب  محمد تلاجة ', 1),
(16, NULL, 32.00, NULL, 9, NULL, NULL, 215, 'كرت 15', 1),
(17, NULL, 300.00, NULL, 7, NULL, NULL, 218, '', 1),
(18, NULL, 750.00, NULL, 8, NULL, NULL, 219, '', 1),
(19, NULL, 120.00, NULL, 16, NULL, NULL, 223, '', 1),
(20, '2022-07-15', NULL, -100.00, 14, NULL, 7, NULL, 'دفعة من حساب  محمد تلاجة ', 1),
(21, NULL, 120.00, NULL, 3, NULL, NULL, 235, '', 1),
(22, NULL, 22.00, NULL, 17, NULL, NULL, 236, 'كرت  _ 10', 1),
(23, NULL, 110.00, NULL, 18, NULL, NULL, 237, '', 1),
(24, NULL, 75.00, NULL, 9, NULL, NULL, 248, '01125', 1),
(25, '2022-07-16', NULL, -1000.00, 19, NULL, 8, NULL, 'دفعة من حساب  صديق السوداني', 1),
(26, '2022-07-16', 65.00, NULL, 20, NULL, NULL, 250, '', 1),
(27, '2022-07-16', NULL, -50.00, 21, NULL, 9, NULL, 'دفعة من حساب  عبد الله عز', 1),
(28, '2022-07-16', NULL, 50.00, 21, NULL, 10, NULL, 'دفعة من حساب  عبد الله عز', 1),
(29, '2022-07-16', 100.00, NULL, 22, NULL, NULL, 271, '01553072625 ', 1),
(30, '2022-07-16', 16.00, NULL, 9, NULL, NULL, 280, 'كرت 15', 1),
(31, '2022-07-17', NULL, -100.00, 23, NULL, 11, NULL, 'دفعة من حساب  عثمان السوداني', 1),
(32, '2022-07-17', 30.00, NULL, 15, NULL, NULL, 302, '01114852006', 1),
(33, '2022-07-18', 70.00, NULL, 25, NULL, NULL, 353, '', 1),
(34, '2022-07-18', NULL, 100.00, 22, NULL, 12, NULL, 'دفعة من حساب  عبد الله البلوك', 1),
(35, '2022-07-18', NULL, -200.00, 14, NULL, 13, NULL, 'دفعة من حساب  محمد تلاجة ', 1),
(36, '2022-07-18', NULL, 100.00, 23, NULL, 14, NULL, 'نقدي اشرف', 1),
(37, '2022-07-18', NULL, -200.00, 23, NULL, 15, NULL, 'نقدي - اشرف', 1),
(38, '2022-07-19', 100.00, NULL, 26, NULL, NULL, 396, '', 1),
(39, '2022-07-19', 105.00, NULL, 28, NULL, NULL, 397, '', 1),
(40, '2022-07-19', NULL, -300.00, 27, NULL, 16, NULL, 'دفعة من حساب  نجلاء فتحي', 1),
(41, '2022-07-19', NULL, -600.00, 14, NULL, 17, NULL, 'دفعة من حساب  محمد تلاجة ', 1),
(42, '2022-07-20', NULL, -200.00, 14, NULL, 18, NULL, 'دفعة من حساب  محمد تلاجة ', 1),
(43, '2022-07-21', NULL, -75.00, 12, NULL, 19, NULL, 'دفعة من حساب  محمود ابو ريناد', 1),
(44, '2022-07-21', NULL, 75.00, 12, NULL, 20, NULL, 'دفعة من حساب  محمود ابو ريناد', 1),
(45, '2022-07-22', 150.00, NULL, 7, NULL, NULL, 434, '01097754624', 1),
(46, '2022-07-22', 225.00, NULL, 29, NULL, NULL, 436, '01019661687', 1),
(47, '2022-07-22', NULL, 750.00, 8, NULL, 21, NULL, 'دفعة من حساب  طارق اب مدغة', 1),
(48, '2022-07-22', 33.00, NULL, 30, NULL, NULL, 440, 'كرت  _ 10', 1),
(49, '2022-07-22', 22.00, NULL, 17, NULL, NULL, 441, 'كرت  _ 10', 1),
(50, '2022-07-22', 130.00, NULL, 31, 58, NULL, NULL, 'فاتورة مبيعات رقم  58', 1),
(51, '2022-07-22', 200.00, NULL, 32, NULL, NULL, 448, '', 1),
(52, '2022-07-22', 45.00, NULL, 31, 62, NULL, NULL, 'فاتورة مبيعات رقم  62', 1),
(53, '2022-07-23', NULL, -125.00, 22, NULL, 22, NULL, 'تحويل كاش', 1),
(54, '2022-07-23', NULL, 200.00, 9, NULL, 23, NULL, 'دفعة من حساب  السايح مطعم', 1),
(55, '2022-07-23', NULL, -100.00, 14, NULL, 24, NULL, 'دفعة من حساب  محمد تلاجة ', 1),
(56, '2022-07-24', NULL, 120.00, 22, NULL, 25, NULL, 'دفعة من حساب  عبد الله البلوك', 1),
(57, '2022-07-24', NULL, 175.00, 31, NULL, 26, NULL, 'دفعة من حساب  ابو زكريا عربية الماية', 1),
(58, '2022-07-27', 200.00, NULL, 32, NULL, NULL, 478, '', 1),
(59, '2022-07-27', NULL, -2950.00, 33, NULL, 27, NULL, '2000 زيت + 400 جاز + 150 فلاتر و سجاير+ 200 س للعمال', 1),
(60, '2022-07-27', NULL, -175.00, 8, NULL, 28, NULL, 'دفعة من حساب  طارق اب مدغة', 1),
(61, '2022-07-27', NULL, -100.00, 14, NULL, 29, NULL, 'دفعة من حساب  محمد تلاجة ', 1),
(62, '2022-07-27', NULL, -3500.00, 33, NULL, 30, NULL, 'ناصر لودر', 1),
(63, '2022-07-27', NULL, -125.00, 34, NULL, 31, NULL, 'دفعة من حساب  حماد عربية الماية', 1),
(64, '2022-07-27', NULL, -150.00, 26, NULL, 32, NULL, 'دفعة من حساب  كمال حسيب', 1),
(65, '2022-07-27', 40.00, NULL, 35, NULL, NULL, 492, '', 1),
(66, '2022-07-27', 125.00, NULL, 8, 94, NULL, NULL, 'فاتورة مبيعات رقم  94', 1),
(67, '2022-07-28', NULL, 300.00, 8, NULL, 33, NULL, 'دفعة من حساب  طارق اب مدغة', 1),
(68, '2022-08-01', NULL, 125.00, 34, NULL, 34, NULL, 'دفعة من حساب  حماد عربية الماية', 1),
(69, '2022-08-01', 300.00, NULL, 36, NULL, NULL, 497, '', 1),
(70, '2022-08-01', NULL, -1900.00, 37, NULL, 35, NULL, 'دفعة من حساب  سليم جادو', 1),
(71, '2022-08-01', NULL, -800.00, 33, NULL, 36, NULL, 'الشفر نقل الغربال', 1),
(72, '2022-08-01', NULL, -1700.00, 33, NULL, 37, NULL, 'الشفر نقل الغربال', 1),
(74, '2022-07-31', NULL, -3800.00, 33, NULL, 39, NULL, 'جاز و زيت و انبوبة', 1),
(75, '2022-08-01', NULL, -2000.00, 33, NULL, 40, NULL, 'حساب التربيزة', 1),
(76, '2022-08-01', NULL, 225.00, 29, NULL, 41, NULL, 'دفعة من حساب  اب دراوي', 1);

-- --------------------------------------------------------

--
-- Table structure for table `creditors`
--

CREATE TABLE `creditors` (
  `id_credit` int(11) NOT NULL,
  `date_credit` date NOT NULL,
  `amount` double(10,2) NOT NULL,
  `id_account` int(11) NOT NULL,
  `id_clear` int(11) NOT NULL,
  `note` varchar(1024) NOT NULL,
  `isFiltering` bit(1) NOT NULL DEFAULT b'0'
) ENGINE=InnoDB DEFAULT CHARSET=utf8;

-- --------------------------------------------------------

--
-- Table structure for table `deal`
--

CREATE TABLE `deal` (
  `id_deal` int(11) NOT NULL,
  `name_deal` varchar(255) NOT NULL,
  `type_deal` varchar(255) NOT NULL
) ENGINE=InnoDB DEFAULT CHARSET=utf8;

--
-- Dumping data for table `deal`
--

INSERT INTO `deal` (`id_deal`, `name_deal`, `type_deal`) VALUES
(1, 'غربال عربية ايجار', 'تلت لودر - مصاريف تلت غربال تلت عربية تلت عمال');

-- --------------------------------------------------------

--
-- Stand-in structure for view `debitandcreditorclient`
-- (See below for the actual view)
--
CREATE TABLE `debitandcreditorclient` (
`date_ClientAccount` date
,`Debit` double(10,2)
,`Creditor` double(10,2)
,`id_client` bigint(255)
,`name_client` varchar(512)
,`id_salesInvoic` bigint(255)
,`id_Receipt` bigint(255)
,`note` text
);

-- --------------------------------------------------------

--
-- Stand-in structure for view `debitandcreditorsupplier`
-- (See below for the actual view)
--
CREATE TABLE `debitandcreditorsupplier` (
`date_suppliersAccount` date
,`Debit` double(10,2)
,`Creditor` double(10,2)
,`id_Suppliers` bigint(255)
,`name_Suppliers` varchar(512)
,`id_purchaseInvoice` bigint(255)
,`id_paymentReceipt` bigint(255)
,`note` text
);

-- --------------------------------------------------------

--
-- Table structure for table `deficiency_excess`
--

CREATE TABLE `deficiency_excess` (
  `id_deficiency_excess` int(11) NOT NULL,
  `date_deficiency_excess` date DEFAULT curdate(),
  `debit` double(10,2) DEFAULT NULL,
  `credit` double(10,2) DEFAULT NULL,
  `note` varchar(255) DEFAULT NULL
) ENGINE=InnoDB DEFAULT CHARSET=utf8;

--
-- Dumping data for table `deficiency_excess`
--

INSERT INTO `deficiency_excess` (`id_deficiency_excess`, `date_deficiency_excess`, `debit`, `credit`, `note`) VALUES
(1, '2022-07-13', 610.00, NULL, 'عجز'),
(2, '2022-07-16', 165.00, NULL, 'عجز'),
(3, '2022-07-16', 50.00, NULL, 'عجز'),
(4, '2022-07-16', 15.00, NULL, 'عجز'),
(5, '2022-07-17', 235.00, NULL, 'عجز'),
(6, '2022-07-21', 200.00, NULL, 'عجز'),
(7, '2022-07-27', 500.00, NULL, 'عجز'),
(8, '2022-07-27', NULL, 500.00, 'زيادة'),
(9, '2022-07-27', NULL, 200.00, 'زيادة'),
(10, '2022-07-27', NULL, 470.00, 'زيادة');

-- --------------------------------------------------------

--
-- Table structure for table `expens`
--

CREATE TABLE `expens` (
  `id_expens` int(11) NOT NULL,
  `date_expens` date NOT NULL DEFAULT curdate(),
  `price_expens` double(10,2) NOT NULL,
  `id_workgroup` int(11) NOT NULL,
  `note` varchar(1024) DEFAULT NULL,
  `id_Suppliers` int(11) NOT NULL DEFAULT 1,
  `isRelay` bit(1) DEFAULT b'0',
  `id_clear` int(11) DEFAULT NULL
) ENGINE=InnoDB DEFAULT CHARSET=utf8;

--
-- Dumping data for table `expens`
--

INSERT INTO `expens` (`id_expens`, `date_expens`, `price_expens`, `id_workgroup`, `note`, `id_Suppliers`, `isRelay`, `id_clear`) VALUES
(1, '2022-09-20', 500.00, 1, 'زوادة', 1, b'0', NULL);

-- --------------------------------------------------------

--
-- Table structure for table `expensescategory`
--

CREATE TABLE `expensescategory` (
  `id_expensesCategory` int(11) NOT NULL,
  `name_expensesCategory` varchar(512) DEFAULT NULL,
  `fBalance` double(10,2) DEFAULT NULL,
  `NBalance` double(10,2) DEFAULT NULL
) ENGINE=InnoDB DEFAULT CHARSET=utf8;

--
-- Dumping data for table `expensescategory`
--

INSERT INTO `expensescategory` (`id_expensesCategory`, `name_expensesCategory`, `fBalance`, `NBalance`) VALUES
(1, 'ايجارات', 0.00, 0.00),
(2, 'مرتبات', 0.00, 0.00),
(3, 'مصروفات نثرية', 0.00, 0.00);

-- --------------------------------------------------------

--
-- Table structure for table `exports`
--

CREATE TABLE `exports` (
  `id_exports` int(11) NOT NULL,
  `date_exports` date NOT NULL DEFAULT curdate(),
  `price_export` double(10,2) NOT NULL,
  `id_account` int(11) NOT NULL,
  `note` varchar(1024) DEFAULT NULL,
  `id_Suppliers` int(11) NOT NULL,
  `isFiltering` tinyint(1) NOT NULL DEFAULT 0
) ENGINE=InnoDB DEFAULT CHARSET=utf8;

--
-- Dumping data for table `exports`
--

INSERT INTO `exports` (`id_exports`, `date_exports`, `price_export`, `id_account`, `note`, `id_Suppliers`, `isFiltering`) VALUES
(2, '2022-09-18', 60.00, 1, 'test', 1, 0);

-- --------------------------------------------------------

--
-- Table structure for table `fees`
--

CREATE TABLE `fees` (
  `id_fees` int(11) NOT NULL,
  `date_fees` date DEFAULT curdate(),
  `time_fees` time DEFAULT curtime(),
  `amount` double(10,2) NOT NULL,
  `note` varchar(255) NOT NULL,
  `id_expensesCategory` int(11) DEFAULT NULL
) ENGINE=InnoDB DEFAULT CHARSET=utf8;

--
-- Dumping data for table `fees`
--

INSERT INTO `fees` (`id_fees`, `date_fees`, `time_fees`, `amount`, `note`, `id_expensesCategory`) VALUES
(1, '2022-07-11', '22:31:38', 48.00, 'اكل', 3),
(2, '2022-07-11', '23:10:06', 300.00, 'سداد قسط', 3),
(3, '2022-07-13', '01:42:49', 100.00, 'للبيت و سجاير', 2),
(4, '2022-07-13', '01:43:07', 100.00, 'قسط ايمن لمعي', 3),
(5, '2022-07-13', '14:30:26', 185.00, 'احمد _ حساب محمد عبده _ رضا', 2),
(6, '2022-07-14', '16:50:33', 200.00, 'تحويلة كاش مع احمد', 2),
(7, '2022-07-16', '01:24:13', 50.00, 'احمد', 2),
(8, '2022-07-16', '01:56:13', 100.00, 'البيت', 2),
(9, '2022-07-16', '01:56:38', 200.00, 'عرفه', 2),
(10, '2022-07-16', '17:28:53', 40.00, 'سجاير عرفه', 2),
(11, '2022-07-17', '09:44:37', 50.00, 'عرفه ', 2),
(12, '2022-07-17', '23:23:21', 100.00, 'سداد قسط', 3),
(13, '2022-07-18', '18:28:15', 200.00, 'احمد ع الوهاب', 3),
(14, '2022-07-19', '21:18:08', 145.00, 'نت البيت', 3),
(15, '2022-07-20', '01:54:59', 345.00, 'سداد قسط ', 3),
(16, '2022-07-21', '01:19:00', 150.00, 'عشا و سجاير عرفه ', 3),
(17, '2022-07-21', '01:19:47', 62.50, 'رصيد', 2),
(18, '2022-07-21', '01:20:40', 180.00, 'عرفه ', 2),
(19, '2022-07-21', '01:22:26', 25.00, 'سكر', 3),
(20, '2022-07-22', '19:14:05', 355.00, 'سداد قسط القرض', 3),
(21, '2022-07-23', '23:08:16', 300.00, 'البيت ', 1),
(22, '2022-07-23', '23:09:16', 30.00, 'سجاير عرفه ', 2),
(23, '2022-07-27', '15:41:22', 650.00, 'قسط تمويلي', 3),
(24, '2022-08-01', '01:44:28', 2905.00, 'سداد القرض و مصاريف الحرق', 1);

-- --------------------------------------------------------

--
-- Table structure for table `finallyday`
--

CREATE TABLE `finallyday` (
  `dateFinally` date NOT NULL,
  `oldBalance` double NOT NULL,
  `totalimport` double NOT NULL,
  `totalexport` double NOT NULL,
  `newbalance` double(10,2) GENERATED ALWAYS AS (`oldBalance` + `totalimport` - `totalexport`) VIRTUAL,
  `time_insert` time NOT NULL DEFAULT current_timestamp()
) ENGINE=InnoDB DEFAULT CHARSET=utf8;

--
-- Dumping data for table `finallyday`
--

INSERT INTO `finallyday` (`dateFinally`, `oldBalance`, `totalimport`, `totalexport`, `time_insert`) VALUES
('2022-07-11', 0, 14720, 11848, '23:48:51'),
('2022-07-12', 2872, 36501.5, 35390, '00:00:15'),
('2022-07-13', 3983.5, 14276.5, 17495, '00:00:05'),
('2022-07-14', 765, 42487, 42965, '00:00:06'),
('2022-07-15', 287, 49615, 49000, '00:00:01'),
('2022-07-16', 942, 13443, 12910, '00:18:15'),
('2022-07-17', 1475, 62030, 63075, '00:00:06'),
('2022-07-18', 430, 85645, 84290, '23:05:28'),
('2022-07-19', 1785, 11655, 11645, '00:00:02'),
('2022-07-20', 1795, -15, 345, '00:00:18'),
('2022-07-21', 1435, 14932.5, 17117.5, '00:00:15'),
('2022-07-22', -750, 61515, 56055, '00:00:23'),
('2022-07-23', 4710, 33985, 38630, '00:00:13'),
('2022-07-24', 65, 600, 0, '01:15:09'),
('2022-07-25', 665, 65, 0, '01:45:08'),
('2022-07-26', 730, 2992, 2000, '00:21:48'),
('2022-07-27', 1722, 43898, 45100, '00:31:34'),
('2022-07-28', 520, 537, 0, '00:48:46'),
('2022-08-01', 0, 28840, 27915, '00:53:12'),
('2022-08-02', 925, 0, 0, '00:00:07'),
('2022-08-03', 925, 75, 0, '00:00:06'),
('2022-08-28', 0, 0, 0, '17:48:03'),
('2022-08-29', 0, 0, 0, '21:48:15'),
('2022-08-31', 0, 0, 0, '12:45:28'),
('2022-09-01', 0, 0, 0, '11:57:31'),
('2022-09-02', 0, 0, 0, '17:24:43'),
('2022-09-09', 0, 0, 0, '17:40:59'),
('2022-09-13', 0, 0, 0, '11:45:06'),
('2022-09-14', 0, 60, 0, '12:39:26'),
('2022-09-15', 60, 0, 0, '15:33:23'),
('2022-09-16', 60, 0, 0, '00:00:13'),
('2022-09-17', 60, 0, 0, '00:00:04'),
('2022-09-18', 60, 0, 60, '17:38:50'),
('2022-09-20', 0, 0, 500, '11:22:16'),
('2022-09-21', -500, 11374, 0, '00:00:09');

-- --------------------------------------------------------

--
-- Table structure for table `imports`
--

CREATE TABLE `imports` (
  `id_import` int(11) NOT NULL,
  `date_imports` date NOT NULL DEFAULT curdate(),
  `wight_imports` double(10,2) NOT NULL,
  `caliber` int(11) NOT NULL,
  `price_imports` double(10,2) NOT NULL,
  `amount_imports` double(10,2) NOT NULL,
  `id_workgroup` int(11) NOT NULL,
  `image` mediumblob DEFAULT NULL,
  `path` varchar(2048) DEFAULT NULL,
  `isRelay` bit(1) DEFAULT b'0',
  `id_clear` int(11) DEFAULT NULL
) ENGINE=InnoDB DEFAULT CHARSET=utf8;

--
-- Dumping data for table `imports`
--

INSERT INTO `imports` (`id_import`, `date_imports`, `wight_imports`, `caliber`, `price_imports`, `amount_imports`, `id_workgroup`, `image`, `path`, `isRelay`, `id_clear`) VALUES
(1, '2022-09-21', 11.00, 819, 1034.00, 11374.00, 1, NULL, 'E:\\xampp\\htdocs\\masrawy\\uploads\\11.jpg', b'0', NULL);

-- --------------------------------------------------------

--
-- Table structure for table `items`
--

CREATE TABLE `items` (
  `id_items` bigint(255) NOT NULL,
  `name_items` varchar(255) DEFAULT NULL,
  `firstbalance` bigint(255) DEFAULT NULL,
  `id` bigint(255) DEFAULT NULL
) ENGINE=InnoDB DEFAULT CHARSET=utf8;

--
-- Dumping data for table `items`
--

INSERT INTO `items` (`id_items`, `name_items`, `firstbalance`, `id`) VALUES
(200009201938, 'Screen Glass Y9 2018', 2, 1),
(2000000020112, 'قطعة 2 مخرج Z-201', 7, 1),
(2000000110011, 'قطعة 1 مخرج Z-102', 13, 1),
(2000000200200, 'سلك دش 20 م', 4, 1),
(2000000200309, 'سلك دش 30 م', 1, 1),
(2000000520186, 'Screen HD Y5 2018', 13, 1),
(2000005201950, 'Screen Y5 2019', 2, 1),
(2000009201932, 'Screen 5D Y9 2018', 1, 1),
(2000100200308, 'POWER SUPPLY 1 FAN', 5, 1),
(2000200200307, 'POWER SUPPLY 2 FAN', 2, 1),
(2018014204206, 'كبل رجال الاعمال', 5, 1),
(2861118280108, 'شاشة فرز أول HP 19', 0, 1),
(2861118280115, 'Screen HD Y9 2019', 6, 1),
(2861811280023, 'Screen HD Y6 2019', 0, 1),
(2861811280030, 'Screen HD A20s', 0, 1),
(2861811280047, 'Screen HD A11', 0, 1),
(2861811280054, 'Screen HD X624', 0, 1),
(2861811280078, 'Screen HD Oppo Reno 5', 0, 1),
(2861811280085, 'Screen HD SM-530', 0, 1),
(2861811280092, 'Screen HD A21s', 0, 1),
(2920078818896, 'جراب SAM A11 - M11', 2, 1),
(4414136520176, 'سماعة شعبي D21', 11, 1),
(4416336520178, 'سماعة شعبي D21_2', 13, 1),
(4952605064023, 'شاحن شعبي FT N70', 3, 1),
(5692492560695, 'شاحن شعبي', 44, 1),
(6701811641683, 'AORAX 360 Cable', 3, 1),
(6720201641683, 'ZStore Cable ZA-83', 1, 1),
(6815648454269, 'شاحن شعبي TOP N70', 1, 1),
(6815648455426, 'شاحن شعبي TOP V8', 3, 1),
(6820110323219, 'شاحن سيارة شعبي', 10, 1),
(6841566322120, 'OTG Hight', 3, 1),
(6841685032054, 'كبل 1*1 ZERO', 95, 1),
(6875422190370, 'سماعة ستار - St 666', 1, 1),
(6901004416559, 'inKax usb cable', 4, 1),
(6905112458258, 'شاحن ستار ST-037', 27, 1),
(6921042107615, 'كبل ميكرو ikaku KSC-037', 9, 1),
(6921042111322, 'كبل ميكرو KaKu', 5, 1),
(6921042116389, 'شاحن Kaku', 0, 1),
(6922102387725, 'شاحن ريلمي X50 Pro', 4, 1),
(6922154678772, 'ST-031 شاحن ستار ', 17, 1),
(6922252566452, 'ST - 038 شاحن ستار ', 24, 1),
(6922564610003, 'جراب SAM A20 - A30', 6, 1),
(6923564616347, 'جراب SAM A02s', 8, 1),
(6925146923324, 'هاند فري YISON', 19, 1),
(6925154511551, 'OTG micro', 75, 1),
(6925632548123, 'سماعة ريلمي R50', 9, 1),
(6933138622018, 'شاحن ميكرو ليدنيو ', 43, 1),
(6933138690673, 'LDNIO QC3.0', 6, 1),
(6933138690680, 'LDNIO Car Charger', 4, 1),
(6941027608562, 'وصلة تايب سي FASTPRO', 0, 1),
(6944561153543, 'كبل ستار ميكرو A02', 19, 1),
(6949810502219, 'كبل ستار L21A', 4, 1),
(6949810504466, 'شاحن سيارة فاست', 25, 1),
(6949810510177, 'شاحن سيارة Smart 3.0', 8, 1),
(6949810520954, 'شاحن ستار ميكرو - 777', 20, 1),
(6949810520961, 'شاحن ستار تايب سي  - 777', 16, 1),
(6951202937189, 'ريدر ميكرو', 62, 1),
(6954384258790, 'SPEAKER ZR-35', 14, 1),
(6954851289500, 'REMAX تايب سي ', 0, 1),
(6956116774684, 'كبل Joyroom s-L352', 4, 1),
(6965468450061, 'سماعة JY-325', 11, 1),
(6966884625422, 'ريدر معدن', 36, 1),
(6970462516446, 'كبل ميكرو Foneng', 3, 1),
(6971410555944, 'شاحن Earldom 2.1', 5, 1),
(6971914080072, 'سماعة ريلمي كيس', 15, 1),
(6973224870053, 'كبل DenMen  تايب سي', 29, 1),
(6973224870305, 'شاحن DENMEN ميكرو', 0, 1),
(6973224870381, 'شاحن DENMEN تايب سي', 19, 1),
(6973224871319, 'كبل D15T تايب سي', 0, 1),
(6973423560014, 'SUB PLATINUM AH-3010', 1, 1),
(6973423564562, 'SUB PLATINUM AH-301', 1, 1),
(6973965931846, 'شاحن سيارة معدن ES-CC4', 0, 1),
(6975488921007, 'سماعة ستار - ST555', 7, 1),
(6987842188858, 'شاحن سيارة EMY', 1, 1),
(6988188700292, 'جراب SAM A20 -A30', 4, 1),
(6999881512181, 'سماعة سامسنج عضم ', 50, 1),
(7720190427021, 'سماعة ستار R4', 44, 1),
(8401204803817, 'سماعة H03', 12, 1),
(8434350001004, 'سماعة DP-H01', 20, 1),
(8434352101016, 'شاحن STRONG CS01', 3, 1),
(8435381010928, 'جراب SAM A21s', 5, 1),
(9988854278909, 'كبل ستار 015', 22, 1);

-- --------------------------------------------------------

--
-- Table structure for table `itemsonpurchaseinvoice`
--

CREATE TABLE `itemsonpurchaseinvoice` (
  `id` bigint(255) DEFAULT NULL,
  `id_items` bigint(255) DEFAULT NULL,
  `name_items` varchar(512) DEFAULT NULL,
  `qyt` double(10,2) DEFAULT NULL,
  `name_unit` varchar(512) DEFAULT NULL,
  `price` double(10,2) DEFAULT NULL,
  `discount` double(10,2) DEFAULT NULL,
  `Amount` double(10,2) DEFAULT NULL,
  `id_purchaseInvoice` bigint(255) DEFAULT NULL
) ENGINE=InnoDB DEFAULT CHARSET=utf8;

--
-- Dumping data for table `itemsonpurchaseinvoice`
--

INSERT INTO `itemsonpurchaseinvoice` (`id`, `id_items`, `name_items`, `qyt`, `name_unit`, `price`, `discount`, `Amount`, `id_purchaseInvoice`) VALUES
(1, 6954851289500, 'REMAX تايب سي ', 10.00, 'قطعة', 30.00, 0.00, 300.00, 1),
(2, 6973965931846, 'شاحن سيارة معدن ES-CC4', 10.00, 'قطعة', 55.00, 0.00, 550.00, 1),
(3, 6941027608562, 'وصلة تايب سي FASTPRO', 10.00, 'قطعة', 25.00, 0.00, 250.00, 1),
(1, 2861811280054, 'Screen HD X624', 8.00, 'قطعة', 10.50, 0.00, 84.00, 2),
(2, 2861811280030, 'Screen HD A20s', 9.00, 'قطعة', 10.50, 0.00, 94.50, 2),
(3, 2861811280092, 'Screen HD A21s', 5.00, 'قطعة', 10.50, 0.00, 52.50, 2),
(4, 2861811280023, 'Screen HD Y6 2019', 15.00, 'قطعة', 10.50, 0.00, 157.50, 2),
(5, 2861811280078, 'Screen HD Oppo Reno 5', 10.00, 'قطعة', 10.50, 0.00, 105.00, 2),
(6, 2861811280085, 'Screen HD SM-530', 10.00, 'قطعة', 10.50, 0.00, 105.00, 2),
(7, 2861811280030, 'Screen HD A20s', 13.00, 'قطعة', 10.50, 0.00, 136.50, 2),
(8, 2861811280047, 'Screen HD A11', 10.00, 'قطعة', 10.50, 0.00, 105.00, 2),
(1, 2861118280108, 'شاشة فرز أول HP 19', 10.00, 'قطعة', 625.00, 0.00, 6250.00, 3);

-- --------------------------------------------------------

--
-- Table structure for table `itemsonsalesinvoice`
--

CREATE TABLE `itemsonsalesinvoice` (
  `id` bigint(255) DEFAULT NULL,
  `id_items` bigint(255) DEFAULT NULL,
  `name_items` varchar(512) DEFAULT NULL,
  `qyt` double(10,2) DEFAULT NULL,
  `name_unit` varchar(512) DEFAULT NULL,
  `price` double(10,2) DEFAULT NULL,
  `discount` double(10,2) DEFAULT NULL,
  `Amount` double(10,2) DEFAULT NULL,
  `id_salesInvoic` bigint(255) DEFAULT NULL
) ENGINE=InnoDB DEFAULT CHARSET=utf8;

--
-- Dumping data for table `itemsonsalesinvoice`
--

INSERT INTO `itemsonsalesinvoice` (`id`, `id_items`, `name_items`, `qyt`, `name_unit`, `price`, `discount`, `Amount`, `id_salesInvoic`) VALUES
(1, 6922252566452, 'ST - 038 شاحن ستار ', 1.00, 'قطعة', 60.00, 0.00, 60.00, 1),
(1, 6973224870053, 'كبل DenMen  تايب سي', 1.00, 'قطعة', 40.00, 0.00, 40.00, 2),
(1, 6999881512181, 'سماعة سامسنج عضم ', 1.00, 'قطعة', 40.00, 0.00, 40.00, 3),
(1, 6949810520954, 'شاحن ستار ميكرو - 777', 1.00, 'قطعة', 70.00, 0.00, 70.00, 4),
(1, 6975488921007, 'سماعة ستار - ST555', 1.00, 'قطعة', 75.00, 0.00, 75.00, 5),
(1, 6922154678772, 'ST-031 شاحن ستار ', 1.00, 'قطعة', 70.00, 0.00, 70.00, 6),
(1, 6971410555944, 'شاحن Earldom 2.1', 1.00, 'قطعة', 65.00, 0.00, 65.00, 7),
(1, 7720190427021, 'سماعة ستار R4', 1.00, 'قطعة', 40.00, 0.00, 40.00, 8),
(1, 6949810502219, 'كبل ستار L21A', 1.00, 'قطعة', 25.00, 0.00, 25.00, 9),
(1, 4414136520176, 'سماعة شعبي D21', 1.00, 'قطعة', 30.00, 0.00, 30.00, 10),
(1, 4416336520178, 'سماعة شعبي D21_2', 1.00, 'قطعة', 25.00, 0.00, 25.00, 11),
(1, 6949810502219, 'كبل ستار L21A', 1.00, 'قطعة', 30.00, 0.00, 30.00, 12),
(1, 6949810504466, 'شاحن سيارة فاست', 1.00, 'قطعة', 50.00, 0.00, 50.00, 13),
(1, 5692492560695, 'شاحن شعبي', 1.00, 'قطعة', 35.00, 0.00, 35.00, 15),
(1, 6973224870053, 'كبل DenMen  تايب سي', 1.00, 'قطعة', 35.00, 0.00, 35.00, 16),
(1, 6971410555944, 'شاحن Earldom 2.1', 1.00, 'قطعة', 75.00, 0.00, 75.00, 17),
(1, 6875422190370, 'سماعة ستار - St 666', 1.00, 'قطعة', 85.00, 0.00, 85.00, 18),
(1, 9988854278909, 'كبل ستار 015', 1.00, 'قطعة', 35.00, 0.00, 35.00, 19),
(1, 4416336520178, 'سماعة شعبي D21_2', 1.00, 'قطعة', 30.00, 0.00, 30.00, 20),
(1, 6975488921007, 'سماعة ستار - ST555', 1.00, 'قطعة', 75.00, 0.00, 75.00, 21),
(1, 6944561153543, 'كبل ستار ميكرو A02', 1.00, 'قطعة', 40.00, 0.00, 40.00, 22),
(1, 6973965931846, 'شاحن سيارة معدن ES-CC4', 1.00, 'قطعة', 45.00, 0.00, 45.00, 23),
(1, 6815648454269, 'شاحن شعبي TOP N70', 1.00, 'قطعة', 25.00, 0.00, 25.00, 24),
(1, 9988854278909, 'كبل ستار 015', 1.00, 'قطعة', 50.00, 0.00, 50.00, 25),
(1, 6922252566452, 'ST - 038 شاحن ستار ', 1.00, 'قطعة', 65.00, 0.00, 65.00, 26),
(1, 6922252566452, 'ST - 038 شاحن ستار ', 2.00, 'قطعة', 65.00, 0.00, 130.00, 27),
(1, 6841685032054, 'كبل 1*1 ZERO', 1.00, 'قطعة', 15.00, 0.00, 15.00, 28),
(1, 6949810502219, 'كبل ستار L21A', 1.00, 'قطعة', 25.00, 0.00, 25.00, 30),
(1, 6841685032054, 'كبل 1*1 ZERO', 1.00, 'قطعة', 15.00, 0.00, 15.00, 31),
(1, 6941027608562, 'وصلة تايب سي FASTPRO', 1.00, 'قطعة', 40.00, 0.00, 40.00, 32),
(1, 5692492560695, 'شاحن شعبي', 1.00, 'قطعة', 35.00, 0.00, 35.00, 33),
(1, 6941027608562, 'وصلة تايب سي FASTPRO', 1.00, 'قطعة', 40.00, 0.00, 40.00, 35),
(1, 6973224870381, 'شاحن DENMEN تايب سي', 1.00, 'قطعة', 50.00, 0.00, 50.00, 36),
(1, 6841685032054, 'كبل 1*1 ZERO', 1.00, 'قطعة', 15.00, 0.00, 15.00, 37),
(1, 6966884625422, 'ريدر معدن', 1.00, 'قطعة', 10.00, 0.00, 10.00, 38),
(1, 6922252566452, 'ST - 038 شاحن ستار ', 1.00, 'قطعة', 65.00, 0.00, 65.00, 39),
(1, 6949810502219, 'كبل ستار L21A', 1.00, 'قطعة', 25.00, 0.00, 25.00, 40),
(1, 6973965931846, 'شاحن سيارة معدن ES-CC4', 1.00, 'قطعة', 85.00, 0.00, 85.00, 41),
(1, 6970462516446, 'كبل ميكرو Foneng', 2.00, 'قطعة', 25.00, 0.00, 50.00, 42),
(1, 6841685032054, 'كبل 1*1 ZERO', 1.00, 'قطعة', 15.00, 0.00, 15.00, 43),
(1, 6922252566452, 'ST - 038 شاحن ستار ', 1.00, 'قطعة', 65.00, 0.00, 65.00, 44),
(1, 6922252566452, 'ST - 038 شاحن ستار ', 1.00, 'قطعة', 65.00, 0.00, 65.00, 45),
(1, 6973965931846, 'شاحن سيارة معدن ES-CC4', 1.00, 'قطعة', 85.00, 0.00, 85.00, 46),
(1, 6956116774684, 'كبل Joyroom s-L352', 1.00, 'قطعة', 20.00, 0.00, 20.00, 47),
(1, 6841685032054, 'كبل 1*1 ZERO', 1.00, 'قطعة', 15.00, 0.00, 15.00, 48),
(1, 6922252566452, 'ST - 038 شاحن ستار ', 1.00, 'قطعة', 65.00, 0.00, 65.00, 49),
(1, 6921042111322, 'كبل ميكرو KaKu', 1.00, 'قطعة', 30.00, 0.00, 30.00, 50),
(1, 6956116774684, 'كبل Joyroom s-L352', 1.00, 'قطعة', 30.00, 0.00, 30.00, 51),
(1, 6925632548123, 'سماعة ريلمي R50', 1.00, 'قطعة', 20.00, 0.00, 20.00, 52),
(1, 6841685032054, 'كبل 1*1 ZERO', 1.00, 'قطعة', 15.00, 0.00, 15.00, 53),
(1, 9988854278909, 'كبل ستار 015', 1.00, 'قطعة', 50.00, 0.00, 50.00, 54),
(1, 6951202937189, 'ريدر ميكرو', 1.00, 'قطعة', 7.00, 0.00, 7.00, 55),
(1, 2861118280108, 'شاشة فرز أول HP 19', 1.00, 'قطعة', 800.00, 0.00, 800.00, 56),
(1, 6925146923324, 'هاند فري YISON', 1.00, 'قطعة', 30.00, 0.00, 30.00, 57),
(1, 6933138690680, 'LDNIO Car Charger', 1.00, 'قطعة', 130.00, 0.00, 130.00, 58),
(1, 6999881512181, 'سماعة سامسنج عضم ', 1.00, 'قطعة', 50.00, 0.00, 50.00, 59),
(1, 6971914080072, 'سماعة ريلمي كيس', 1.00, 'قطعة', 30.00, 30.00, 0.00, 60),
(1, 6973965931846, 'شاحن سيارة معدن ES-CC4', 1.00, 'قطعة', 80.00, 0.00, 80.00, 61),
(1, 6954851289500, 'REMAX تايب سي ', 1.00, 'قطعة', 45.00, 0.00, 45.00, 62),
(1, 8434352101016, 'شاحن STRONG CS01', 1.00, 'قطعة', 50.00, 0.00, 50.00, 63),
(1, 6973965931846, 'شاحن سيارة معدن ES-CC4', 1.00, 'قطعة', 80.00, 0.00, 80.00, 64),
(1, 6933138622018, 'شاحن ميكرو ليدنيو ', 1.00, 'قطعة', 40.00, 0.00, 40.00, 65),
(1, 6925632548123, 'سماعة ريلمي R50', 1.00, 'قطعة', 25.00, 0.00, 25.00, 66),
(1, 6925146923324, 'هاند فري YISON', 1.00, 'قطعة', 30.00, 0.00, 30.00, 67),
(1, 6841685032054, 'كبل 1*1 ZERO', 1.00, 'قطعة', 0.00, 0.00, 0.00, 68),
(1, 2861811280030, 'Screen HD A20s', 1.00, 'قطعة', 30.00, 0.00, 30.00, 69),
(1, 6973965931846, 'شاحن سيارة معدن ES-CC4', 1.00, 'قطعة', 85.00, 0.00, 85.00, 70),
(1, 6971914080072, 'سماعة ريلمي كيس', 1.00, 'قطعة', 30.00, 0.00, 30.00, 71),
(1, 6933138622018, 'شاحن ميكرو ليدنيو ', 1.00, 'قطعة', 40.00, 0.00, 40.00, 72),
(1, 6973965931846, 'شاحن سيارة معدن ES-CC4', 1.00, 'قطعة', 85.00, 0.00, 85.00, 73),
(1, 6973224870053, 'كبل DenMen  تايب سي', 1.00, 'قطعة', 35.00, 0.00, 35.00, 74),
(1, 6922252566452, 'ST - 038 شاحن ستار ', 1.00, 'قطعة', 65.00, 0.00, 65.00, 75),
(1, 7720190427021, 'سماعة ستار R4', 1.00, 'قطعة', 40.00, 0.00, 40.00, 76),
(1, 9988854278909, 'كبل ستار 015', 1.00, 'قطعة', 50.00, 0.00, 50.00, 77),
(1, 6949810504466, 'شاحن سيارة فاست', 1.00, 'قطعة', 50.00, 0.00, 50.00, 78),
(1, 6933138622018, 'شاحن ميكرو ليدنيو ', 1.00, 'قطعة', 40.00, 0.00, 40.00, 79),
(1, 6999881512181, 'سماعة سامسنج عضم ', 1.00, 'قطعة', 50.00, 0.00, 50.00, 80),
(1, 6954384258790, 'SPEAKER ZR-35', 1.00, 'قطعة', 65.00, 0.00, 65.00, 81),
(1, 6951202937189, 'ريدر ميكرو', 1.00, 'قطعة', 7.00, 0.00, 7.00, 82),
(1, 6933138622018, 'شاحن ميكرو ليدنيو ', 1.00, 'قطعة', 40.00, 0.00, 40.00, 83),
(1, 8401204803817, 'سماعة H03', 1.00, 'قطعة', 35.00, 0.00, 35.00, 84),
(1, 6941027608562, 'وصلة تايب سي FASTPRO', 1.00, 'قطعة', 40.00, 0.00, 40.00, 85),
(1, 6973224870053, 'كبل DenMen  تايب سي', 1.00, 'قطعة', 35.00, 0.00, 35.00, 86),
(1, 6966884625422, 'ريدر معدن', 1.00, 'قطعة', 10.00, 0.00, 10.00, 87),
(1, 6944561153543, 'كبل ستار ميكرو A02', 1.00, 'قطعة', 40.00, 0.00, 40.00, 88),
(1, 6944561153543, 'كبل ستار ميكرو A02', 1.00, 'قطعة', 40.00, 0.00, 40.00, 89),
(1, 6966884625422, 'ريدر معدن', 1.00, 'قطعة', 10.00, 0.00, 10.00, 90),
(1, 6841685032054, 'كبل 1*1 ZERO', 1.00, 'قطعة', 10.00, 0.00, 10.00, 91),
(1, 6973224870053, 'كبل DenMen  تايب سي', 1.00, 'قطعة', 35.00, 0.00, 35.00, 92),
(1, 6921042111322, 'كبل ميكرو KaKu', 1.00, 'قطعة', 30.00, 0.00, 30.00, 93),
(1, 7720190427021, 'سماعة ستار R4', 1.00, 'قطعة', 40.00, 0.00, 40.00, 94),
(2, 6975488921007, 'سماعة ستار - ST555', 1.00, 'قطعة', 85.00, 0.00, 85.00, 94),
(1, 6944561153543, 'كبل ستار ميكرو A02', 2.00, 'قطعة', 40.00, 0.00, 80.00, 95),
(1, 6933138622018, 'شاحن ميكرو ليدنيو ', 1.00, 'قطعة', 40.00, 0.00, 40.00, 96),
(1, 6951202937189, 'ريدر ميكرو', 1.00, 'قطعة', 7.00, 0.00, 7.00, 97),
(1, 6925154511551, 'OTG micro', 1.00, 'قطعة', 10.00, 0.00, 10.00, 98),
(1, 6841685032054, 'كبل 1*1 ZERO', 1.00, 'قطعة', 15.00, 0.00, 15.00, 99),
(1, 6921042111322, 'كبل ميكرو KaKu', 1.00, 'قطعة', 30.00, 0.00, 30.00, 100),
(1, 6922252566452, 'ST - 038 شاحن ستار ', 1.00, 'قطعة', 65.00, 0.00, 65.00, 101),
(1, 6949810510177, 'شاحن سيارة Smart 3.0', 1.00, 'قطعة', 100.00, 0.00, 100.00, 102),
(1, 6966884625422, 'ريدر معدن', 1.00, 'قطعة', 10.00, 0.00, 10.00, 103),
(1, 4952605064023, 'شاحن شعبي FT N70', 1.00, 'قطعة', 25.00, 0.00, 25.00, 104),
(1, 6999881512181, 'سماعة سامسنج عضم ', 1.00, 'قطعة', 50.00, 0.00, 50.00, 105),
(1, 6921042116389, 'شاحن Kaku', 1.00, 'قطعة', 60.00, 0.00, 60.00, 106);

-- --------------------------------------------------------

--
-- Table structure for table `masary_pay`
--

CREATE TABLE `masary_pay` (
  `id_masary_pay` int(11) NOT NULL,
  `date_masary_pay` date NOT NULL DEFAULT curdate(),
  `time_masary_pay` time DEFAULT curtime(),
  `id_utility_masary` int(11) DEFAULT NULL,
  `price_masary_pay` double(10,2) NOT NULL,
  `id_client` bigint(20) DEFAULT NULL,
  `discount_of_balance` double(10,2) DEFAULT NULL,
  `amount_masary_pay` double(10,2) DEFAULT NULL,
  `id_pos` int(11) NOT NULL DEFAULT 1,
  `balance` double NOT NULL,
  `phone` varchar(255) DEFAULT NULL
) ENGINE=InnoDB DEFAULT CHARSET=utf8;

--
-- Dumping data for table `masary_pay`
--

INSERT INTO `masary_pay` (`id_masary_pay`, `date_masary_pay`, `time_masary_pay`, `id_utility_masary`, `price_masary_pay`, `id_client`, `discount_of_balance`, `amount_masary_pay`, `id_pos`, `balance`, `phone`) VALUES
(2, '2022-07-11', '17:50:41', 79, 15.00, 1, 150.00, 150.00, 4, 411, 'كرت  _ 10'),
(10, '2022-07-11', '18:28:36', 91, 100.00, 1, 143.00, 150.00, 2, 3895, '01015768286'),
(11, '2022-07-11', '18:52:24', 73, 80.00, 1, 114.40, 120.00, 2, 3780.6, '01151018778'),
(12, '2022-07-11', '18:53:36', 73, 75.00, 1, 107.25, 112.50, 2, 3673.35, '01151450004'),
(14, '2022-07-11', '18:57:12', 93, 35.00, 1, 35.00, 35.00, 2, 3638.35, 'حكاية _ 35'),
(16, '2022-07-11', '19:21:23', 94, 25.00, 1, 25.00, 30.00, 2, 3503.35, 'حكاية _ 25'),
(17, '2022-07-11', '19:37:16', 78, 10.00, 1, 10.00, 10.00, 4, 401, 'كرت  _ 10'),
(18, '2022-07-11', '19:49:56', 78, 10.00, 1, 10.00, 10.00, 4, 391, 'كرت  _ 10'),
(19, '2022-07-11', '20:00:13', 78, 10.00, 1, 10.00, 10.00, 4, 381, 'كرت  _ 10'),
(20, '2022-07-11', '20:04:25', 78, 10.00, 1, 10.00, 10.00, 4, 371, 'كرت  _ 10'),
(21, '2022-07-11', '20:20:12', 76, 10.00, 1, 10.00, 10.00, 2, 3560.35, 'كرت  _ 10'),
(22, '2022-07-11', '20:28:10', 73, 140.00, 1, 200.20, 210.00, 4, 170.8, '011'),
(23, '2022-07-11', '22:11:00', 95, 242.90, 1, 242.90, 250.00, 2, 3317.45, '0974909057'),
(24, '2022-07-11', '22:15:03', 73, 133.00, 1, 190.00, 200.00, 2, 3127.45, '01105919500'),
(25, '2022-07-11', '22:15:31', 73, 50.00, 1, 71.50, 75.00, 2, 3055.95, '01137840272'),
(26, '2022-07-11', '22:17:36', 41, 8.00, 1, 120.00, 0.00, 1, 1909, '15'),
(27, '2022-07-11', '22:18:37', 39, 10.00, 1, 10.00, 10.00, 1, 1899, 'كرت  _ 10'),
(28, '2022-07-11', '22:19:17', 39, 10.00, 1, 10.00, 10.00, 1, 1889, 'كرت  _ 10'),
(29, '2022-07-11', '22:19:18', 39, 10.00, 1, 10.00, 10.00, 1, 1879, 'كرت  _ 10'),
(30, '2022-07-11', '22:19:32', 39, 10.00, 1, 10.00, 10.00, 1, 1869, 'كرت  _ 10'),
(31, '2022-07-11', '22:19:32', 39, 10.00, 1, 10.00, 10.00, 1, 1859, 'كرت  _ 10'),
(32, '2022-07-11', '22:19:33', 39, 10.00, 1, 10.00, 10.00, 1, 1849, 'كرت  _ 10'),
(33, '2022-07-11', '22:19:34', 39, 10.00, 1, 10.00, 10.00, 1, 1839, 'كرت  _ 10'),
(34, '2022-07-11', '22:19:34', 39, 10.00, 1, 10.00, 10.00, 1, 1829, 'كرت  _ 10'),
(35, '2022-07-11', '22:19:35', 39, 10.00, 1, 10.00, 10.00, 1, 1819, 'كرت  _ 10'),
(36, '2022-07-11', '22:19:36', 39, 10.00, 1, 10.00, 10.00, 1, 1809, 'كرت  _ 10'),
(37, '2022-07-11', '22:19:36', 39, 10.00, 1, 10.00, 10.00, 1, 1799, 'كرت  _ 10'),
(38, '2022-07-11', '22:19:37', 39, 10.00, 1, 10.00, 10.00, 1, 1789, 'كرت  _ 10'),
(39, '2022-07-11', '22:19:38', 39, 10.00, 1, 10.00, 10.00, 1, 1779, 'كرت  _ 10'),
(40, '2022-07-11', '22:20:55', 73, 185.00, 1, 264.55, 270.00, 1, 1514.45, '01145914130'),
(41, '2022-07-11', '22:22:57', 73, 85.00, 1, 121.55, 130.00, 1, 1392.9, '01103935385 '),
(42, '2022-07-11', '23:04:31', 78, 10.00, 1, 10.00, 10.00, 4, 160.8, 'كرت  _ 10'),
(43, '2022-07-11', '23:04:33', 78, 10.00, 1, 10.00, 10.00, 4, 150.8, 'كرت  _ 10'),
(44, '2022-07-11', '23:04:47', 78, 10.00, 1, 10.00, 10.00, 4, 140.8, 'كرت  _ 10'),
(45, '2022-07-11', '23:15:47', 78, 10.00, 1, 10.00, 10.00, 4, 130.8, 'كرت  _ 10'),
(46, '2022-07-11', '23:16:21', 73, 46.00, 1, 65.78, 70.00, 2, 2990.17, '01141845954'),
(47, '2022-07-11', '23:17:47', 96, 300.00, 1, 303.00, 300.00, 2, 2687.17, ''),
(48, '2022-07-11', '23:18:22', 76, 10.00, 1, 10.00, 10.00, 2, 2677.17, 'كرت  _ 10'),
(49, '2022-07-11', '23:22:46', 73, 10.00, 1, 14.30, 15.00, 2, 2662.87, '01105919500'),
(50, '2022-07-11', '23:31:31', 78, 10.00, 1, 10.00, 10.00, 4, 120.8, 'كرت  _ 10'),
(51, '2022-07-11', '23:36:06', 78, 10.00, 1, 10.00, 10.00, 4, 110.8, 'كرت  _ 10'),
(52, '2022-07-11', '23:40:50', 97, 1.00, 1, 15.00, 15.00, 4, 95.8, 'كرت 15'),
(53, '2022-07-11', '23:42:36', 95, 146.00, 1, 146.00, 150.00, 2, 2520.87, ''),
(54, '2022-07-11', '23:58:19', 78, 10.00, 1, 10.00, 10.00, 4, 85.8, 'كرت  _ 10'),
(55, '2022-07-11', '23:58:20', 78, 10.00, 1, 10.00, 10.00, 4, 75.8, 'كرت  _ 10'),
(56, '2022-07-11', '23:58:21', 78, 10.00, 1, 10.00, 10.00, 4, 65.8, 'كرت  _ 10'),
(57, '2022-07-12', '00:06:04', 78, 10.00, 1, 10.00, 10.00, 4, 55.8, 'كرت  _ 10'),
(58, '2022-07-12', '00:06:05', 78, 10.00, 1, 10.00, 10.00, 4, 45.8, 'كرت  _ 10'),
(59, '2022-07-12', '00:06:06', 78, 10.00, 1, 10.00, 10.00, 4, 35.8, 'كرت  _ 10'),
(60, '2022-07-12', '00:57:25', 73, 100.00, 1, 143.00, 150.00, 2, 2373.87, '01141156734'),
(61, '2022-07-12', '01:01:00', 78, 10.00, 1, 10.00, 10.00, 4, 25.8, 'كرت  _ 10'),
(62, '2022-07-12', '09:59:03', 78, 10.00, 1, 10.00, 10.00, 4, 15.8, 'كرت  _ 10'),
(63, '2022-07-12', '10:05:08', 91, 1000.00, 1, 1430.00, 1500.00, 2, 943.87, '01097484565'),
(64, '2022-07-12', '12:00:48', 78, 10.00, 1, 10.00, 10.00, 4, 5.8, 'كرت  _ 10'),
(65, '2022-07-12', '12:49:12', 90, 63.00, 1, 63.00, 70.00, 2, 880.87, '01553072625'),
(66, '2022-07-12', '12:50:10', 98, 50.00, 1, 50.00, 55.00, 2, 830.87, 'حكاية 50'),
(67, '2022-07-12', '13:14:40', 73, 72.00, 1, 102.96, 105.00, 2, 727.91, '01152837810'),
(69, '2022-07-12', '20:52:26', 83, 300.00, 1, 300.00, 0.00, 5, 600, 'ايداع فودافون كاش'),
(70, '2022-07-12', '21:18:47', 79, 10.00, 1, 10.00, 10.00, 5, 590, 'كرت  _ 10'),
(71, '2022-07-12', '21:18:48', 79, 10.00, 1, 10.00, 10.00, 5, 580, 'كرت  _ 10'),
(72, '2022-07-12', '21:18:49', 79, 10.00, 1, 10.00, 10.00, 5, 570, 'كرت  _ 10'),
(73, '2022-07-12', '21:18:49', 79, 10.00, 1, 10.00, 10.00, 5, 560, 'كرت  _ 10'),
(74, '2022-07-12', '21:18:50', 79, 10.00, 1, 10.00, 10.00, 5, 550, 'كرت  _ 10'),
(75, '2022-07-12', '21:19:21', 73, 25.00, 1, 35.75, 40.00, 5, 514.25, '011000'),
(76, '2022-07-12', '21:19:55', 91, 100.00, 1, 143.00, 150.00, 5, 371.25, '01030506916'),
(77, '2022-07-12', '21:38:22', 91, 150.00, 1, 214.50, 225.00, 1, 1178.4, '01007983995'),
(80, '2022-07-12', '22:12:51', 91, 165.00, 1, 235.95, 247.50, 1, 942.45, '01007983995 '),
(81, '2022-07-12', '22:24:42', 91, 20.00, 1, 28.60, 30.00, 1, 913.85, '01007983995 '),
(84, '2022-07-12', '22:40:30', 66, 1.00, 1, 60.00, 60.00, 1, 853.85, '60 كارت'),
(85, '2022-07-12', '22:41:14', 39, 10.00, 1, 10.00, 10.00, 1, 843.85, 'كرت  _ 10'),
(86, '2022-07-12', '22:41:29', 99, 1.00, 1, 65.00, 65.00, 1, 778.85, 'حكاية 65'),
(87, '2022-07-12', '22:42:10', 41, 1.00, 1, 15.00, 15.00, 1, 763.85, '15'),
(88, '2022-07-12', '22:45:49', 101, 1.00, 1, 146.50, 150.00, 1, 617.35, '0972297410'),
(89, '2022-07-12', '22:46:08', 73, 50.00, 1, 71.50, 75.00, 1, 545.85, '01153161690'),
(93, '2022-07-12', '22:55:00', 71, 1.00, 1, 25.00, 30.00, 1, 520.85, 'حكاية 25'),
(94, '2022-07-12', '22:55:19', 40, 1.00, 1, 13.50, 15.00, 1, 507.35, '13.5'),
(95, '2022-07-12', '22:55:59', 102, 1.00, 1, 50.00, 55.00, 1, 457.35, 'حكاية 50'),
(96, '2022-07-12', '22:57:32', 91, 121.00, 1, 173.09, 181.50, 1, 284.26, '01007983995 '),
(97, '2022-07-12', '23:00:08', 78, 10.00, 1, 10.00, 10.00, 4, 498.8, 'كرت  _ 10'),
(98, '2022-07-12', '23:06:32', 73, 5.00, 1, 7.15, 7.50, 2, 720.76, '01155483122'),
(99, '2022-07-12', '23:06:57', 75, 72.00, 1, 72.00, 75.00, 2, 648.76, '01556007359'),
(100, '2022-07-12', '23:07:52', 75, 19.50, 1, 19.50, 20.00, 2, 629.26, '01556007359'),
(101, '2022-07-12', '23:09:46', 103, 36.20, 1, 36.20, 40.00, 2, 593.06, '0972297223'),
(102, '2022-07-12', '23:10:10', 73, 13.00, 1, 18.59, 20.00, 2, 574.47, '01142783002'),
(103, '2022-07-12', '23:10:23', 76, 10.00, 1, 10.00, 10.00, 2, 564.47, 'كرت  _ 10'),
(104, '2022-07-12', '23:10:23', 76, 10.00, 1, 10.00, 10.00, 2, 554.47, 'كرت  _ 10'),
(105, '2022-07-12', '23:10:57', 78, 10.00, 1, 10.00, 10.00, 4, 488.8, 'كرت  _ 10'),
(106, '2022-07-12', '23:10:59', 78, 10.00, 1, 10.00, 10.00, 4, 478.8, 'كرت  _ 10'),
(107, '2022-07-12', '23:11:51', 78, 10.00, 1, 10.00, 10.00, 4, 468.8, 'كرت  _ 10'),
(108, '2022-07-12', '23:11:53', 78, 10.00, 1, 10.00, 10.00, 4, 458.8, 'كرت  _ 10'),
(109, '2022-07-12', '23:25:13', 105, 50.00, 1, 52.50, 55.00, 5, 318.75, 'شحن كروت الكهرباء'),
(110, '2022-07-12', '23:32:57', 78, 10.00, 1, 10.00, 10.00, 4, 448.8, 'كرت  _ 10'),
(111, '2022-07-12', '23:36:37', 79, 1.00, 1, 10.00, 10.00, 5, 308.75, 'كرت  _ 10'),
(112, '2022-07-12', '23:40:30', 106, 1.00, 1, 100.00, 105.00, 4, 348.8, 'كرت 100'),
(113, '2022-07-13', '00:05:07', 90, 61.00, 1, 61.00, 60.50, 4, 287.8, '01553072625 '),
(114, '2022-07-13', '00:07:56', 79, 10.00, 1, 10.00, 10.00, 5, 298.75, 'كرت  _ 10'),
(115, '2022-07-13', '00:07:57', 79, 10.00, 1, 10.00, 10.00, 5, 288.75, 'كرت  _ 10'),
(116, '2022-07-13', '00:08:10', 39, 10.00, 1, 10.00, 10.00, 1, 274.26, 'كرت  _ 10'),
(117, '2022-07-13', '00:08:15', 39, 10.00, 1, 10.00, 10.00, 1, 264.26, 'كرت  _ 10'),
(118, '2022-07-13', '00:08:19', 39, 10.00, 1, 10.00, 10.00, 1, 254.26, 'كرت  _ 10'),
(119, '2022-07-13', '00:08:37', 90, 6.00, 1, 6.00, 6.00, 1, 248.26, '01553072625 '),
(120, '2022-07-13', '02:24:07', 79, 5.00, 1, 50.00, 50.00, 4, 237.8, 'كرت  _ 10'),
(122, '2022-07-13', '14:22:28', 39, 10.00, 1, 10.00, 10.00, 1, 1238.26, 'كرت  _ 10'),
(123, '2022-07-13', '14:22:30', 39, 10.00, 1, 10.00, 10.00, 1, 1228.26, 'كرت  _ 10'),
(124, '2022-07-13', '14:22:31', 39, 10.00, 1, 10.00, 10.00, 1, 1218.26, 'كرت  _ 10'),
(125, '2022-07-13', '14:22:32', 39, 10.00, 1, 10.00, 10.00, 1, 1208.26, 'كرت  _ 10'),
(126, '2022-07-13', '14:22:35', 39, 10.00, 1, 10.00, 10.00, 1, 1198.26, 'كرت  _ 10'),
(127, '2022-07-13', '14:23:05', 90, 145.00, 1, 145.00, 150.00, 1, 1053.26, '01550344913'),
(128, '2022-07-13', '14:31:29', 90, 100.00, 1, 100.00, 100.00, 2, 454.47, '01557805712'),
(129, '2022-07-13', '15:33:51', 78, 10.00, 1, 10.00, 10.00, 4, 227.8, 'كرت  _ 10'),
(130, '2022-07-13', '17:49:52', 107, 1.00, 1, 5.00, 5.00, 4, 222.8, 'كرت 5'),
(131, '2022-07-13', '17:50:01', 79, 1.00, 1, 10.00, 11.00, 4, 212.8, 'كرت  _ 10'),
(132, '2022-07-13', '17:50:57', 108, 2.00, 1, 50.00, 60.00, 4, 162.8, 'حكاية 25'),
(133, '2022-07-13', '18:16:12', 79, 15.00, 1, 150.00, 150.00, 4, 12.8, 'كرت  _ 10'),
(134, '2022-07-13', '18:16:33', 107, 1.00, 1, 5.00, 5.00, 4, 7.8, 'كرت 5'),
(135, '2022-07-13', '18:17:11', 79, 10.00, 1, 100.00, 100.00, 1, 953.26, 'كرت  _ 10'),
(136, '2022-07-13', '20:20:46', 79, 10.00, 1, 100.00, 100.00, 1, 853.26, 'كرت  _ 10'),
(137, '2022-07-13', '20:20:59', 45, 1.00, 1, 100.00, 105.00, 1, 753.26, '100'),
(138, '2022-07-13', '20:21:17', 56, 1.00, 1, 100.00, 105.00, 1, 653.26, 'كارت 100'),
(139, '2022-07-13', '20:21:45', 51, 1.00, 1, 15.00, 15.00, 1, 638.26, 'فكة 15'),
(140, '2022-07-13', '20:22:07', 79, 2.00, 1, 20.00, 20.00, 1, 618.26, 'كرت  _ 10'),
(141, '2022-07-13', '20:23:07', 108, 1.00, 1, 25.00, 25.00, 1, 593.26, 'حكاية 25'),
(142, '2022-07-13', '20:24:46', 79, 1.00, 1, 10.00, 11.00, 5, 278.75, 'كرت  _ 10'),
(143, '2022-07-13', '20:26:32', 109, 2.00, 1, 20.00, 20.00, 5, 258.75, 'كرت 10'),
(144, '2022-07-13', '20:26:58', 110, 27.00, 1, 38.61, 40.00, 5, 220.14, ''),
(145, '2022-07-13', '20:28:12', 111, 1.00, 1, 30.00, 30.00, 5, 190.14, 'كرت 30'),
(146, '2022-07-13', '20:31:06', 75, 143.00, 1, 150.00, 143.00, 2, 304.47, '01552052710'),
(147, '2022-07-13', '20:31:50', 75, 108.00, 1, 108.00, 100.00, 2, 196.47, ''),
(148, '2022-07-13', '20:36:09', 39, 10.00, 1, 10.00, 10.00, 1, 583.26, 'كرت  _ 10'),
(149, '2022-07-13', '20:43:47', 112, 1.00, 1, 35.00, 45.00, 1, 548.26, 'حكاية 35'),
(150, '2022-07-13', '20:56:03', 110, 133.00, 1, 190.19, 200.00, 2, 6.28, '01140435388'),
(151, '2022-07-13', '21:37:58', 79, 10.00, 1, 10.00, 10.00, 5, 180.14, 'كرت  _ 10'),
(152, '2022-07-13', '21:38:09', 110, 30.00, 1, 42.90, 45.00, 5, 137.24, '011543'),
(153, '2022-07-13', '22:25:05', 79, 10.00, 1, 10.00, 10.00, 5, 2119.24, 'كرت  _ 10'),
(154, '2022-07-13', '22:25:06', 79, 10.00, 1, 10.00, 10.00, 5, 2109.24, 'كرت  _ 10'),
(155, '2022-07-13', '22:50:09', 79, 10.00, 1, 10.00, 10.00, 5, 2099.24, 'كرت  _ 10'),
(156, '2022-07-13', '22:50:10', 79, 10.00, 1, 10.00, 10.00, 5, 2089.24, 'كرت  _ 10'),
(157, '2022-07-13', '22:50:14', 79, 10.00, 1, 10.00, 10.00, 5, 2079.24, 'كرت  _ 10'),
(158, '2022-07-13', '22:50:15', 79, 10.00, 1, 10.00, 10.00, 5, 2069.24, 'كرت  _ 10'),
(159, '2022-07-14', '16:25:42', 91, 100.00, 1, 143.00, 150.00, 2, 1853.28, '01026996176'),
(160, '2022-07-14', '16:26:15', 110, 100.00, 1, 143.00, 150.00, 2, 1710.28, '01158423169'),
(161, '2022-07-14', '16:35:22', 113, 1.00, 1, 138.90, 140.00, 2, 1571.38, '01201925584'),
(162, '2022-07-14', '16:39:14', 79, 2.00, 1, 20.00, 22.00, 5, 2049.24, 'كرت  _ 10'),
(163, '2022-07-14', '16:41:01', 110, 35.00, 1, 50.05, 50.00, 5, 1999.19, '011000 '),
(164, '2022-07-14', '16:41:19', 89, 43.00, 1, 61.49, 65.00, 5, 1937.7, '012'),
(165, '2022-07-14', '16:41:36', 90, 29.00, 1, 29.00, 30.00, 5, 1908.7, '01553072625 '),
(166, '2022-07-14', '16:41:43', 79, 10.00, 1, 10.00, 10.00, 5, 1898.7, 'كرت  _ 10'),
(167, '2022-07-14', '16:41:44', 79, 10.00, 1, 10.00, 10.00, 5, 1888.7, 'كرت  _ 10'),
(168, '2022-07-14', '16:41:45', 79, 10.00, 1, 10.00, 10.00, 5, 1878.7, 'كرت  _ 10'),
(169, '2022-07-14', '16:42:00', 110, 70.00, 1, 100.10, 100.00, 5, 1778.6, '011000 '),
(170, '2022-07-14', '16:43:51', 110, 100.00, 1, 143.00, 150.00, 5, 1635.6, '011000 '),
(171, '2022-07-14', '16:52:40', 101, 142.00, 1, 140.80, 145.00, 1, 407.46, ''),
(172, '2022-07-14', '16:53:01', 91, 100.00, 1, 143.00, 150.00, 1, 264.46, '010'),
(173, '2022-07-14', '16:53:11', 39, 10.00, 1, 10.00, 10.00, 1, 254.46, 'كرت  _ 10'),
(174, '2022-07-14', '16:53:34', 39, 10.00, 1, 10.00, 10.00, 1, 244.46, 'كرت  _ 10'),
(175, '2022-07-14', '16:53:35', 39, 10.00, 1, 10.00, 10.00, 1, 234.46, 'كرت  _ 10'),
(176, '2022-07-14', '16:53:36', 39, 10.00, 1, 10.00, 10.00, 1, 224.46, 'كرت  _ 10'),
(177, '2022-07-14', '16:53:38', 39, 10.00, 1, 10.00, 10.00, 1, 214.46, 'كرت  _ 10'),
(178, '2022-07-14', '16:54:29', 37, 1.00, 1, 7.00, 10.00, 1, 207.46, '7'),
(179, '2022-07-14', '19:20:16', 110, 134.00, 1, 191.62, 200.00, 5, 1443.98, '011564125'),
(180, '2022-07-14', '19:21:36', 110, 134.00, 1, 191.62, 200.00, 5, 1252.36, '0115923210'),
(181, '2022-07-14', '19:22:34', 110, 75.00, 1, 107.25, 110.00, 5, 1145.11, '0112785021'),
(182, '2022-07-14', '19:23:17', 102, 1.00, 1, 50.00, 55.00, 2, 1521.38, 'حكاية 50'),
(183, '2022-07-14', '19:24:03', 39, 10.00, 1, 10.00, 10.00, 1, 197.46, 'كرت  _ 10'),
(184, '2022-07-14', '19:24:04', 39, 10.00, 1, 10.00, 10.00, 1, 187.46, 'كرت  _ 10'),
(185, '2022-07-14', '19:37:36', 76, 10.00, 1, 10.00, 10.00, 2, 1511.38, 'كرت  _ 10'),
(186, '2022-07-14', '21:03:36', 102, 1.00, 1, 50.00, 50.00, 2, 1461.38, 'حكاية 50'),
(187, '2022-07-14', '21:03:53', 110, 50.00, 1, 71.50, 75.00, 2, 1389.88, '01159691822'),
(188, '2022-07-14', '21:19:40', 110, 150.00, 1, 214.50, 225.00, 5, 930.61, '011'),
(189, '2022-07-14', '21:19:41', 79, 10.00, 1, 10.00, 10.00, 5, 920.61, 'كرت  _ 10'),
(190, '2022-07-14', '21:19:50', 110, 100.00, 1, 143.00, 150.00, 5, 777.61, '01103935385 '),
(191, '2022-07-14', '22:09:08', 114, 1.00, 1, 15.00, 16.00, 5, 762.61, 'كرت 15'),
(192, '2022-07-14', '22:10:07', 110, 84.00, 1, 120.83, 130.00, 5, 641.77, '011'),
(193, '2022-07-14', '22:12:29', 78, 10.00, 1, 10.00, 10.00, 4, 997.8, 'كرت  _ 10'),
(194, '2022-07-14', '22:16:45', 110, 50.00, 1, 71.50, 75.00, 2, 1318.38, ''),
(195, '2022-07-14', '22:32:38', 110, 50.00, 1, 71.50, 75.00, 2, 1246.88, '011'),
(196, '2022-07-14', '22:33:03', 110, 27.00, 1, 38.61, 43.00, 2, 1208.27, '01102'),
(199, '2022-07-14', '22:37:58', 110, 50.00, 1, 71.50, 75.00, 2, 1136.77, '01155997556'),
(200, '2022-07-14', '22:38:11', 110, 34.00, 1, 48.62, 50.00, 2, 1088.15, '01155997556'),
(201, '2022-07-14', '22:43:13', 110, 50.00, 1, 72.22, 75.00, 5, 569.56, '011555'),
(202, '2022-07-14', '23:49:38', 79, 5.00, 1, 50.00, 55.00, 4, 947.8, 'كرت  _ 10'),
(203, '2022-07-14', '23:52:57', 110, 100.00, 1, 143.00, 150.00, 5, 426.56, ''),
(204, '2022-07-14', '23:53:08', 79, 7.00, 1, 70.00, 77.00, 5, 356.56, 'كرت  _ 10'),
(205, '2022-07-14', '23:55:18', 96, 1535.00, 1, 1535.70, 1550.00, 2, 547.45, ''),
(206, '2022-07-14', '23:56:56', 78, 10.00, 1, 10.00, 10.00, 4, 937.8, 'كرت  _ 10'),
(207, '2022-07-14', '23:56:57', 78, 10.00, 1, 10.00, 10.00, 4, 927.8, 'كرت  _ 10'),
(208, '2022-07-14', '23:57:01', 78, 10.00, 1, 10.00, 10.00, 4, 917.8, 'كرت  _ 10'),
(209, '2022-07-14', '23:57:04', 78, 10.00, 1, 10.00, 10.00, 4, 907.8, 'كرت  _ 10'),
(210, '2022-07-14', '23:57:06', 78, 10.00, 1, 10.00, 10.00, 4, 897.8, 'كرت  _ 10'),
(211, '2022-07-14', '23:57:07', 78, 10.00, 1, 10.00, 10.00, 4, 887.8, 'كرت  _ 10'),
(212, '2022-07-15', '01:18:07', 79, 10.00, 1, 10.00, 10.00, 5, 346.56, 'كرت  _ 10'),
(213, '2022-07-15', '01:18:10', 79, 10.00, 1, 10.00, 10.00, 5, 336.56, 'كرت  _ 10'),
(214, '2022-07-15', '01:19:27', 110, 134.00, 1, 191.62, 200.00, 2, 355.83, '01112860121'),
(215, '2022-07-15', '03:24:44', 114, 2.00, 1, 30.00, 32.00, 5, 306.56, 'كرت 15'),
(216, '2022-07-15', '03:24:51', 79, 10.00, 1, 10.00, 10.00, 5, 296.56, 'كرت  _ 10'),
(217, '2022-07-15', '03:25:01', 79, 10.00, 1, 10.00, 10.00, 5, 286.56, 'كرت  _ 10'),
(218, '2022-07-15', '18:07:17', 110, 200.00, 1, 286.00, 300.00, 1, 1881.46, ''),
(219, '2022-07-15', '18:07:32', 110, 500.00, 1, 715.00, 750.00, 1, 1166.46, ''),
(220, '2022-07-15', '18:08:04', 110, 100.00, 1, 143.00, 150.00, 1, 1023.46, ''),
(221, '2022-07-15', '18:08:22', 110, 50.00, 1, 71.50, 75.00, 1, 951.96, ''),
(222, '2022-07-15', '18:09:26', 110, 19.00, 1, 27.17, 30.00, 1, 924.79, ''),
(223, '2022-07-15', '18:41:36', 110, 80.00, 1, 114.40, 120.00, 1, 810.39, ''),
(224, '2022-07-15', '18:42:03', 78, 10.00, 1, 10.00, 10.00, 4, 877.8, 'كرت  _ 10'),
(225, '2022-07-15', '18:42:03', 78, 10.00, 1, 10.00, 10.00, 4, 867.8, 'كرت  _ 10'),
(226, '2022-07-15', '18:42:04', 78, 10.00, 1, 10.00, 10.00, 4, 857.8, 'كرت  _ 10'),
(227, '2022-07-15', '18:46:14', 78, 10.00, 1, 10.00, 10.00, 4, 847.8, 'كرت  _ 10'),
(228, '2022-07-15', '18:49:13', 78, 10.00, 1, 10.00, 10.00, 4, 837.8, 'كرت  _ 10'),
(229, '2022-07-15', '18:56:47', 110, 200.00, 1, 286.00, 300.00, 2, 69.83, '01151728068'),
(230, '2022-07-15', '19:54:52', 78, 10.00, 1, 10.00, 10.00, 4, 827.8, 'كرت  _ 10'),
(231, '2022-07-15', '19:56:23', 115, 1.00, 1, 9.00, 10.00, 4, 818.8, 'كرت 9'),
(232, '2022-07-15', '20:00:15', 78, 10.00, 1, 10.00, 10.00, 4, 808.8, 'كرت  _ 10'),
(233, '2022-07-15', '20:00:40', 105, 30.00, 1, 32.50, 35.00, 5, 254.06, 'شحن كروت الكهرباء'),
(234, '2022-07-16', '00:32:49', 110, 100.00, 1, 143.00, 150.00, 4, 665.8, '011'),
(235, '2022-07-16', '00:48:09', 116, 80.00, 1, 80.00, 120.00, 4, 585.8, ''),
(236, '2022-07-16', '00:50:06', 79, 2.00, 17, 20.00, 22.00, 4, 565.8, 'كرت  _ 10'),
(237, '2022-07-16', '00:50:29', 116, 75.00, 18, 75.00, 110.00, 4, 490.8, ''),
(238, '2022-07-16', '00:51:52', 83, 623.00, 1, 623.00, 0.00, 1, 187.39, 'ايداع فودافون كاش'),
(239, '2022-07-16', '01:05:13', 116, 100.00, 1, 143.00, 150.00, 1, 44.39, '011'),
(240, '2022-07-16', '01:05:33', 116, 31.00, 1, 44.33, 46.50, 1, 0.06, '011000'),
(241, '2022-07-16', '01:05:51', 116, 200.00, 1, 286.00, 300.00, 4, 204.8, '011000'),
(242, '2022-07-16', '01:06:50', 116, 132.00, 1, 188.76, 198.50, 4, 16.04, '01100'),
(243, '2022-07-16', '01:07:18', 107, 1.00, 1, 5.00, 5.00, 4, 11.04, 'كرت 5'),
(244, '2022-07-16', '01:08:44', 116, 100.00, 1, 143.00, 150.00, 5, 1111.06, '01100'),
(245, '2022-07-16', '01:09:20', 116, 100.00, 1, 143.00, 150.00, 5, 968.06, '011000'),
(246, '2022-07-16', '01:09:25', 79, 10.00, 1, 10.00, 10.00, 5, 958.06, 'كرت  _ 10'),
(247, '2022-07-16', '01:10:18', 120, 1.00, 1, 7.00, 8.00, 5, 951.06, 'كرت 7'),
(248, '2022-07-16', '01:27:18', 116, 50.00, 9, 71.50, 75.00, 5, 879.56, '01125'),
(249, '2022-07-16', '02:11:33', 116, 36.00, 1, 51.48, 50.00, 2, 18.35, '01146795062'),
(250, '2022-07-16', '07:02:35', 121, 1.00, 20, 65.00, 65.00, 5, 814.56, ''),
(251, '2022-07-16', '11:18:25', 116, 200.00, 1, 286.00, 300.00, 5, 1528.56, '01100'),
(252, '2022-07-16', '11:18:31', 79, 10.00, 1, 10.00, 10.00, 5, 1518.56, 'كرت  _ 10'),
(253, '2022-07-16', '11:18:32', 79, 10.00, 1, 10.00, 10.00, 5, 1508.56, 'كرت  _ 10'),
(254, '2022-07-16', '11:18:53', 120, 1.00, 1, 8.00, 8.00, 5, 1500.56, 'كرت 7'),
(255, '2022-07-16', '16:01:14', 83, 1251.00, 1, 1251.00, 0.00, 5, 12249.56, 'ايداع فودافون كاش'),
(256, '2022-07-16', '16:08:47', 116, 200.00, 1, 286.00, 300.00, 5, 11963.56, ''),
(257, '2022-07-16', '16:09:03', 116, 150.00, 1, 214.50, 225.00, 5, 11749.06, ''),
(258, '2022-07-16', '16:10:45', 79, 5.00, 1, 50.00, 55.00, 5, 11699.06, 'كرت  _ 10'),
(259, '2022-07-16', '17:26:00', 116, 81.00, 1, 115.83, 122.00, 5, 11583.23, '011'),
(260, '2022-07-16', '19:23:39', 83, 120.00, 1, 120.00, 0.00, 5, 11463.23, 'ايداع فودافون كاش'),
(261, '2022-07-16', '19:24:14', 79, 10.00, 1, 10.00, 10.00, 5, 11453.23, 'كرت  _ 10'),
(262, '2022-07-16', '19:24:15', 79, 10.00, 1, 10.00, 10.00, 5, 11443.23, 'كرت  _ 10'),
(263, '2022-07-16', '19:24:32', 79, 10.00, 1, 100.00, 110.00, 5, 11343.23, 'كرت  _ 10'),
(264, '2022-07-16', '19:26:42', 116, 20.00, 1, 28.60, 30.00, 2, 1979.75, '01148355283'),
(265, '2022-07-16', '19:27:02', 118, 40.00, 1, 57.20, 60.00, 2, 1922.55, '01201286749'),
(266, '2022-07-16', '19:55:14', 116, 46.00, 1, 65.78, 70.00, 2, 1856.77, '01113721394'),
(267, '2022-07-16', '20:04:19', 83, 5000.00, 1, 5000.00, 0.00, 5, 6343.23, 'ايداع فودافون كاش'),
(268, '2022-07-16', '20:07:20', 76, 10.00, 1, 10.00, 10.00, 2, 1846.77, 'كرت  _ 10'),
(269, '2022-07-16', '20:08:14', 90, 7.00, 1, 7.00, 7.00, 2, 1839.77, '01553072625 '),
(270, '2022-07-16', '22:47:48', 122, 1.00, 1, 100.00, 105.00, 2, 1739.77, '01550622211'),
(271, '2022-07-16', '22:52:09', 119, 100.00, 22, 105.00, 100.00, 2, 1634.77, '01553072625 '),
(272, '2022-07-16', '22:52:56', 90, 29.00, 1, 29.00, 30.00, 2, 1605.77, '01550620061 '),
(273, '2022-07-16', '22:53:18', 90, 15.00, 1, 15.00, 15.00, 2, 1590.77, '01553072625 '),
(274, '2022-07-16', '22:54:08', 83, 5000.00, 1, 5000.00, 0.00, 5, 1343.23, 'ايداع فودافون كاش'),
(275, '2022-07-16', '22:55:40', 116, 80.00, 1, 114.40, 120.00, 2, 1476.37, '01110885192'),
(276, '2022-07-16', '22:55:57', 116, 100.00, 1, 143.00, 150.00, 5, 1200.23, '01103935385 '),
(277, '2022-07-16', '23:04:13', 78, 10.00, 1, 10.00, 10.00, 4, 1.04, 'كرت  _ 10'),
(278, '2022-07-16', '23:29:49', 79, 10.00, 1, 10.00, 10.00, 5, 1190.23, 'كرت  _ 10'),
(279, '2022-07-16', '23:29:53', 79, 10.00, 1, 10.00, 10.00, 5, 1180.23, 'كرت  _ 10'),
(280, '2022-07-16', '23:52:29', 114, 1.00, 9, 15.00, 16.00, 5, 1165.23, 'كرت 15'),
(281, '2022-07-16', '23:54:11', 105, 19.00, 1, 19.00, 20.00, 5, 1146.23, 'شحن كروت الكهرباء'),
(282, '2022-07-16', '23:54:43', 117, 100.00, 1, 143.00, 143.00, 2, 1333.37, '01552299638'),
(283, '2022-07-17', '18:02:07', 96, 2670.00, 1, 2670.00, 2675.00, 2, 1648.37, ''),
(284, '2022-07-17', '18:03:09', 116, 206.00, 1, 294.58, 310.00, 2, 1353.79, ''),
(285, '2022-07-17', '18:03:31', 76, 10.00, 1, 10.00, 10.00, 2, 1343.79, 'كرت  _ 10'),
(286, '2022-07-17', '18:03:32', 76, 10.00, 1, 10.00, 10.00, 2, 1333.79, 'كرت  _ 10'),
(287, '2022-07-17', '18:10:24', 83, 10112.00, 1, 10112.00, 0.00, 1, 9888.06, 'ايداع فودافون كاش'),
(288, '2022-07-17', '18:15:42', 116, 200.00, 1, 286.00, 300.00, 1, 9602.06, '011'),
(289, '2022-07-17', '18:16:00', 116, 500.00, 1, 715.00, 750.00, 1, 8887.06, '01103935385 '),
(290, '2022-07-17', '18:18:45', 116, 200.00, 1, 286.00, 300.00, 1, 8601.06, '01103935385 '),
(291, '2022-07-17', '18:19:34', 116, 200.00, 1, 286.00, 300.00, 1, 8315.06, '01103935385 '),
(292, '2022-07-17', '18:20:01', 83, 5000.00, 1, 5000.00, 0.00, 1, 3315.06, 'ايداع فودافون كاش'),
(293, '2022-07-17', '18:20:55', 116, 50.00, 1, 71.50, 75.00, 1, 3243.56, '01103935385 '),
(294, '2022-07-17', '18:21:14', 37, 1.00, 1, 7.00, 8.00, 1, 3236.56, ''),
(295, '2022-07-17', '18:22:39', 116, 320.00, 1, 457.60, 480.00, 2, 876.19, '01103935385 '),
(296, '2022-07-17', '18:38:23', 116, 100.00, 1, 143.00, 150.00, 5, 1003.23, '0111'),
(297, '2022-07-17', '18:38:44', 116, 20.00, 1, 28.60, 30.00, 5, 974.63, '0112'),
(298, '2022-07-17', '19:48:18', 83, 2575.00, 1, 2575.00, 0.00, 1, 661.56, 'ايداع فودافون كاش'),
(299, '2022-07-17', '20:07:56', 39, 10.00, 1, 10.00, 10.00, 1, 651.56, 'كرت  _ 10'),
(300, '2022-07-17', '20:07:57', 39, 10.00, 1, 10.00, 10.00, 1, 641.56, 'كرت  _ 10'),
(301, '2022-07-17', '20:08:19', 36, 1.00, 1, 5.00, 5.00, 1, 636.56, ''),
(302, '2022-07-17', '20:08:46', 116, 20.00, 15, 28.60, 30.00, 2, 847.59, '01114852006'),
(303, '2022-07-17', '20:14:01', 116, 200.00, 1, 286.00, 300.00, 2, 561.59, '200'),
(304, '2022-07-17', '20:14:30', 96, 270.00, 1, 270.00, 270.00, 2, 291.59, ''),
(305, '2022-07-17', '20:15:44', 39, 10.00, 1, 10.00, 10.00, 1, 626.56, 'كرت  _ 10'),
(306, '2022-07-17', '20:15:46', 39, 10.00, 1, 10.00, 10.00, 1, 616.56, 'كرت  _ 10'),
(307, '2022-07-17', '20:28:18', 116, 120.00, 1, 171.60, 180.00, 2, 119.99, '01150049813'),
(308, '2022-07-17', '20:47:28', 76, 10.00, 1, 10.00, 10.00, 2, 109.99, 'كرت  _ 10'),
(309, '2022-07-17', '20:47:30', 76, 10.00, 1, 10.00, 10.00, 2, 99.99, 'كرت  _ 10'),
(310, '2022-07-17', '20:47:32', 76, 10.00, 1, 10.00, 10.00, 2, 89.99, 'كرت  _ 10'),
(311, '2022-07-17', '20:48:18', 123, 1.00, 1, 5.00, 5.00, 2, 84.99, 'كرت 5'),
(312, '2022-07-17', '20:57:12', 39, 10.00, 1, 10.00, 10.00, 1, 606.56, 'كرت  _ 10'),
(313, '2022-07-17', '21:09:41', 83, 350.00, 1, 350.00, 0.00, 1, 256.56, 'ايداع فودافون كاش'),
(314, '2022-07-17', '21:10:23', 39, 10.00, 1, 10.00, 10.00, 1, 246.56, 'كرت  _ 10'),
(315, '2022-07-17', '21:10:24', 39, 10.00, 1, 10.00, 10.00, 1, 236.56, 'كرت  _ 10'),
(316, '2022-07-17', '21:10:25', 39, 10.00, 1, 10.00, 10.00, 1, 226.56, 'كرت  _ 10'),
(317, '2022-07-17', '21:10:25', 39, 10.00, 1, 10.00, 10.00, 1, 216.56, 'كرت  _ 10'),
(318, '2022-07-17', '21:10:26', 39, 10.00, 1, 10.00, 10.00, 1, 206.56, 'كرت  _ 10'),
(319, '2022-07-17', '21:10:27', 39, 10.00, 1, 10.00, 10.00, 1, 196.56, 'كرت  _ 10'),
(320, '2022-07-17', '21:10:30', 39, 10.00, 1, 10.00, 10.00, 1, 186.56, 'كرت  _ 10'),
(321, '2022-07-17', '21:10:32', 39, 10.00, 1, 10.00, 10.00, 1, 176.56, 'كرت  _ 10'),
(322, '2022-07-17', '21:44:44', 116, 45.00, 1, 64.35, 50.00, 2, 20.64, '011'),
(323, '2022-07-17', '23:22:54', 118, 70.00, 1, 100.10, 100.00, 5, 874.53, '012'),
(324, '2022-07-17', '23:23:45', 79, 10.00, 1, 10.00, 10.00, 5, 864.53, 'كرت  _ 10'),
(325, '2022-07-17', '23:23:46', 79, 10.00, 1, 10.00, 10.00, 5, 854.53, 'كرت  _ 10'),
(326, '2022-07-17', '23:23:46', 79, 10.00, 1, 10.00, 10.00, 5, 844.53, 'كرت  _ 10'),
(327, '2022-07-17', '23:23:47', 79, 10.00, 1, 10.00, 10.00, 5, 834.53, 'كرت  _ 10'),
(328, '2022-07-17', '23:23:48', 79, 10.00, 1, 10.00, 10.00, 5, 824.53, 'كرت  _ 10'),
(329, '2022-07-17', '23:23:49', 79, 10.00, 1, 10.00, 10.00, 5, 814.53, 'كرت  _ 10'),
(330, '2022-07-17', '23:23:51', 79, 10.00, 1, 10.00, 10.00, 5, 804.53, 'كرت  _ 10'),
(331, '2022-07-17', '23:24:20', 118, 73.00, 1, 104.39, 107.00, 5, 700.14, '012'),
(332, '2022-07-17', '23:28:53', 116, 20.00, 1, 28.60, 30.00, 5, 671.54, '01123'),
(333, '2022-07-18', '09:52:38', 105, 150.00, 1, 150.00, 160.00, 1, 5026.56, ''),
(334, '2022-07-18', '09:52:57', 38, 1.00, 1, 9.00, 10.00, 1, 5017.56, ''),
(335, '2022-07-18', '10:37:42', 83, 175.00, 1, 175.00, 0.00, 1, 4842.56, 'ايداع فودافون كاش'),
(336, '2022-07-18', '10:39:08', 124, 25.00, 1, 28.00, 30.00, 5, 643.54, ''),
(337, '2022-07-18', '10:39:30', 116, 6.50, 1, 9.29, 10.00, 1, 4833.27, ''),
(338, '2022-07-18', '10:39:43', 112, 1.00, 1, 35.00, 40.00, 1, 4798.27, ''),
(339, '2022-07-18', '10:39:50', 112, 1.00, 1, 35.00, 35.00, 1, 4763.27, ''),
(340, '2022-07-18', '10:40:22', 105, 150.00, 1, 150.00, 160.00, 1, 4613.27, ''),
(341, '2022-07-18', '10:40:41', 117, 200.00, 1, 286.00, 286.00, 1, 4327.27, ''),
(342, '2022-07-18', '10:54:42', 83, 5000.00, 1, 5000.00, 0.00, 1, 9327.27, 'ايداع فودافون كاش'),
(343, '2022-07-18', '12:24:24', 116, 150.00, 1, 214.50, 225.00, 1, 9112.77, '011'),
(344, '2022-07-18', '12:25:22', 116, 30.00, 1, 42.90, 45.00, 1, 9069.87, '01103935385 '),
(345, '2022-07-18', '12:25:26', 39, 10.00, 1, 10.00, 10.00, 1, 9059.87, 'كرت  _ 10'),
(346, '2022-07-18', '12:27:38', 79, 10.00, 1, 10.00, 10.00, 5, 633.54, 'كرت  _ 10'),
(347, '2022-07-18', '12:27:38', 79, 10.00, 1, 10.00, 10.00, 5, 623.54, 'كرت  _ 10'),
(348, '2022-07-18', '12:27:39', 79, 10.00, 1, 10.00, 10.00, 5, 613.54, 'كرت  _ 10'),
(349, '2022-07-18', '12:27:40', 79, 10.00, 1, 10.00, 10.00, 5, 603.54, 'كرت  _ 10'),
(350, '2022-07-18', '17:44:52', 83, 6950.00, 1, 6950.00, 0.00, 1, 2109.87, 'ايداع فودافون كاش'),
(351, '2022-07-18', '17:47:01', 105, 500.00, 1, 500.00, 525.00, 1, 1609.87, ''),
(352, '2022-07-18', '17:47:13', 116, 100.00, 1, 143.00, 150.00, 1, 1466.87, ''),
(353, '2022-07-18', '17:48:53', 121, 1.00, 25, 65.00, 70.00, 1, 1401.87, ''),
(354, '2022-07-18', '17:49:53', 116, 200.00, 1, 286.00, 300.00, 1, 1115.87, ''),
(355, '2022-07-18', '17:50:22', 79, 10.00, 1, 100.00, 100.00, 1, 1015.87, ''),
(356, '2022-07-18', '17:50:31', 108, 1.00, 1, 25.00, 30.00, 1, 990.87, ''),
(357, '2022-07-18', '17:50:50', 116, 20.00, 1, 28.60, 30.00, 1, 962.27, ''),
(358, '2022-07-18', '17:53:34', 116, 100.00, 1, 143.00, 150.00, 2, 8832.64, '01007983995 '),
(359, '2022-07-18', '17:53:46', 116, 68.00, 1, 97.24, 100.00, 2, 8735.4, '01103935385 '),
(360, '2022-07-18', '17:57:01', 116, 40.00, 1, 57.20, 60.00, 2, 8678.2, ''),
(361, '2022-07-18', '18:02:38', 79, 10.00, 1, 10.00, 10.00, 5, 593.54, 'كرت  _ 10'),
(362, '2022-07-18', '18:02:41', 79, 10.00, 1, 10.00, 10.00, 5, 583.54, 'كرت  _ 10'),
(363, '2022-07-18', '18:02:44', 79, 10.00, 1, 10.00, 10.00, 5, 573.54, 'كرت  _ 10'),
(364, '2022-07-18', '18:03:17', 116, 4.00, 1, 5.00, 5.00, 5, 568.53, '01007983995 '),
(365, '2022-07-18', '18:28:27', 116, 200.00, 1, 286.00, 300.00, 1, 676.27, '011'),
(366, '2022-07-18', '18:29:38', 90, 111.00, 1, 111.00, 110.00, 1, 565.27, '01553072625 '),
(367, '2022-07-18', '21:17:49', 83, 5830.00, 1, 5830.00, 0.00, 2, 2848.2, 'ايداع فودافون كاش'),
(368, '2022-07-18', '21:19:09', 83, 2700.00, 1, 2700.00, 0.00, 2, 148.2, 'ايداع فودافون كاش'),
(369, '2022-07-18', '21:22:45', 116, 103.00, 1, 147.29, 154.00, 2, 0.91, '011'),
(370, '2022-07-18', '22:22:01', 83, 140.00, 1, 140.00, 0.00, 2, 358.41, 'ايداع فودافون كاش'),
(371, '2022-07-18', '22:24:52', 116, 200.00, 1, 286.00, 300.00, 1, 279.27, '011'),
(372, '2022-07-18', '22:24:58', 116, 100.00, 1, 143.00, 150.00, 1, 136.27, '01103935385 '),
(373, '2022-07-18', '22:25:04', 116, 70.00, 1, 100.10, 105.00, 1, 36.17, '01100'),
(374, '2022-07-18', '22:25:07', 39, 10.00, 1, 10.00, 10.00, 1, 26.17, 'كرت  _ 10'),
(375, '2022-07-18', '22:25:10', 39, 10.00, 1, 10.00, 10.00, 1, 16.17, 'كرت  _ 10'),
(376, '2022-07-18', '22:25:57', 116, 100.00, 1, 143.00, 150.00, 5, 425.54, '01007983995 '),
(377, '2022-07-18', '22:25:59', 79, 10.00, 1, 10.00, 10.00, 5, 415.54, 'كرت  _ 10'),
(378, '2022-07-18', '22:26:01', 79, 10.00, 1, 10.00, 10.00, 5, 405.54, 'كرت  _ 10'),
(379, '2022-07-18', '22:26:01', 79, 10.00, 1, 10.00, 10.00, 5, 395.54, 'كرت  _ 10'),
(380, '2022-07-18', '22:26:01', 79, 10.00, 1, 10.00, 10.00, 5, 395.54, 'كرت  _ 10'),
(381, '2022-07-18', '22:26:02', 79, 10.00, 1, 10.00, 10.00, 5, 375.54, 'كرت  _ 10'),
(382, '2022-07-18', '22:26:02', 79, 10.00, 1, 10.00, 10.00, 5, 365.54, 'كرت  _ 10'),
(383, '2022-07-18', '22:26:02', 79, 10.00, 1, 10.00, 10.00, 5, 355.54, 'كرت  _ 10'),
(384, '2022-07-18', '22:26:03', 79, 10.00, 1, 10.00, 10.00, 5, 345.54, 'كرت  _ 10'),
(385, '2022-07-18', '22:26:04', 79, 10.00, 1, 10.00, 10.00, 5, 335.54, 'كرت  _ 10'),
(386, '2022-07-18', '22:26:04', 79, 10.00, 1, 10.00, 10.00, 5, 325.54, 'كرت  _ 10'),
(387, '2022-07-18', '22:26:13', 116, 200.00, 1, 286.00, 300.00, 5, 39.54, '01103935385 '),
(388, '2022-07-18', '22:26:14', 79, 10.00, 1, 10.00, 10.00, 5, 29.54, 'كرت  _ 10'),
(389, '2022-07-18', '22:26:17', 79, 10.00, 1, 10.00, 10.00, 5, 19.54, 'كرت  _ 10'),
(390, '2022-07-18', '22:26:20', 79, 10.00, 1, 10.00, 10.00, 5, 9.54, 'كرت  _ 10'),
(391, '2022-07-18', '23:11:41', 116, 37.00, 1, 52.91, 55.00, 2, 305.5, '01113163346'),
(392, '2022-07-19', '00:42:09', 83, 200.00, 1, 200.00, 0.00, 1, 1816.17, 'ايداع فودافون كاش'),
(393, '2022-07-19', '00:42:55', 47, 3.00, 1, 15.00, 18.00, 1, 1801.17, ''),
(394, '2022-07-19', '00:52:05', 39, 10.00, 1, 10.00, 10.00, 1, 1791.17, 'كرت  _ 10'),
(395, '2022-07-19', '00:52:06', 39, 10.00, 1, 10.00, 10.00, 1, 1781.17, 'كرت  _ 10'),
(396, '2022-07-19', '21:15:49', 116, 70.00, 26, 100.10, 100.00, 1, 1681.07, ''),
(397, '2022-07-19', '21:16:57', 116, 70.00, 28, 100.10, 105.00, 1, 1580.97, ''),
(398, '2022-07-19', '21:19:33', 39, 10.00, 1, 10.00, 10.00, 1, 1570.97, 'كرت  _ 10'),
(399, '2022-07-19', '21:19:33', 39, 10.00, 1, 10.00, 10.00, 1, 1560.97, 'كرت  _ 10'),
(400, '2022-07-19', '21:19:34', 39, 10.00, 1, 10.00, 10.00, 1, 1550.97, 'كرت  _ 10'),
(401, '2022-07-19', '21:19:34', 39, 10.00, 1, 10.00, 10.00, 1, 1540.97, 'كرت  _ 10'),
(402, '2022-07-19', '21:19:34', 39, 10.00, 1, 10.00, 10.00, 1, 1530.97, 'كرت  _ 10'),
(403, '2022-07-19', '21:19:34', 39, 10.00, 1, 10.00, 10.00, 1, 1520.97, 'كرت  _ 10'),
(404, '2022-07-19', '21:19:34', 39, 10.00, 1, 10.00, 10.00, 1, 1510.97, 'كرت  _ 10'),
(405, '2022-07-19', '21:19:38', 116, 100.00, 1, 143.00, 150.00, 1, 1367.97, '011'),
(406, '2022-07-19', '21:19:40', 39, 10.00, 1, 10.00, 10.00, 1, 1357.97, 'كرت  _ 10'),
(407, '2022-07-19', '21:19:41', 39, 10.00, 1, 10.00, 10.00, 1, 1347.97, 'كرت  _ 10'),
(408, '2022-07-19', '21:19:41', 39, 10.00, 1, 10.00, 10.00, 1, 1337.97, 'كرت  _ 10'),
(409, '2022-07-19', '21:19:41', 39, 10.00, 1, 10.00, 10.00, 1, 1327.97, 'كرت  _ 10'),
(410, '2022-07-19', '21:19:41', 39, 10.00, 1, 10.00, 10.00, 1, 1317.97, 'كرت  _ 10'),
(411, '2022-07-19', '21:19:42', 39, 10.00, 1, 10.00, 10.00, 1, 1307.97, 'كرت  _ 10'),
(412, '2022-07-19', '21:19:42', 39, 10.00, 1, 10.00, 10.00, 1, 1307.97, 'كرت  _ 10'),
(413, '2022-07-19', '21:19:42', 39, 10.00, 1, 10.00, 10.00, 1, 1287.97, 'كرت  _ 10'),
(414, '2022-07-19', '21:19:50', 116, 110.00, 1, 157.30, 165.00, 1, 1130.67, '01103935385 '),
(415, '2022-07-19', '21:19:56', 116, 10.00, 1, 14.30, 15.00, 1, 1116.37, '01103935385 '),
(416, '2022-07-19', '21:19:57', 39, 10.00, 1, 10.00, 10.00, 1, 1106.37, 'كرت  _ 10'),
(417, '2022-07-19', '21:20:02', 39, 10.00, 1, 10.00, 10.00, 1, 1096.37, 'كرت  _ 10'),
(418, '2022-07-19', '21:20:02', 39, 10.00, 1, 10.00, 10.00, 1, 1086.37, 'كرت  _ 10'),
(419, '2022-07-19', '21:20:19', 116, 11.00, 1, 15.73, 17.00, 1, 1070.64, '01103935385 '),
(420, '2022-07-19', '21:20:22', 39, 10.00, 1, 10.00, 10.00, 1, 1060.64, 'كرت  _ 10'),
(421, '2022-07-19', '21:48:13', 76, 10.00, 1, 10.00, 10.00, 2, 295.5, 'كرت  _ 10'),
(422, '2022-07-19', '21:48:14', 76, 10.00, 1, 10.00, 10.00, 2, 285.5, 'كرت  _ 10'),
(423, '2022-07-19', '21:48:30', 93, 35.00, 1, 35.00, 35.00, 2, 250.5, ''),
(424, '2022-07-19', '21:49:15', 94, 25.00, 1, 25.00, 25.00, 2, 225.5, ''),
(425, '2022-07-19', '23:19:21', 83, 300.00, 1, 300.00, 0.00, 1, 760.64, 'ايداع فودافون كاش'),
(426, '2022-07-21', '01:07:43', 124, 13350.00, 1, 13350.00, 13250.00, 5, 159.54, ''),
(427, '2022-07-21', '01:08:02', 79, 1.00, 1, 10.00, 11.00, 5, 149.54, 'كرت  _ 10'),
(428, '2022-07-21', '01:08:45', 119, 560.00, 1, 560.00, 560.00, 4, 441.04, ''),
(429, '2022-07-21', '01:09:00', 79, 1.00, 1, 10.00, 11.00, 4, 431.04, 'كرت  _ 10'),
(430, '2022-07-21', '01:10:37', 90, 693.00, 1, 693.00, 700.00, 1, 67.64, ''),
(431, '2022-07-21', '01:13:07', 116, 157.00, 1, 224.51, 235.50, 2, 0.99, '011'),
(432, '2022-07-21', '22:06:18', 117, 40.00, 1, 57.20, 60.00, 1, 10.44, '01015807655'),
(433, '2022-07-21', '22:07:16', 117, 7.00, 1, 10.01, 10.00, 1, 0.43, '01015807655 '),
(434, '2022-07-22', '18:48:55', 117, 100.00, 7, 143.00, 150.00, 2, -142.01, '01097754624'),
(435, '2022-07-22', '18:59:19', 83, 30000.00, 1, 30000.00, 0.00, 1, 2000.43, 'ايداع فودافون كاش'),
(436, '2022-07-22', '19:09:36', 117, 150.00, 29, 214.50, 225.00, 1, 1785.93, '01019661687'),
(437, '2022-07-22', '19:10:59', 116, 900.00, 1, 1287.00, 1350.00, 1, 498.93, '01015807655 '),
(438, '2022-07-22', '19:12:56', 105, 129.00, 1, 129.00, 135.00, 1, 369.93, ''),
(439, '2022-07-22', '19:15:02', 113, 1223.00, 1, 1223.00, 1225.00, 2, 129.99, ''),
(440, '2022-07-22', '20:08:54', 79, 3.00, 30, 30.00, 33.00, 4, 1401.04, 'كرت  _ 10'),
(441, '2022-07-22', '20:09:09', 79, 2.00, 17, 20.00, 22.00, 4, 1381.04, 'كرت  _ 10'),
(442, '2022-07-22', '20:09:41', 119, 1303.00, 1, 1303.00, 1307.00, 4, 78.04, ''),
(443, '2022-07-22', '20:34:16', 114, 1.00, 1, 15.00, 16.00, 4, 63.04, 'كرت 15'),
(444, '2022-07-22', '20:35:28', 78, 10.00, 1, 10.00, 10.00, 4, 53.04, 'كرت  _ 10'),
(445, '2022-07-22', '20:35:29', 78, 10.00, 1, 10.00, 10.00, 4, 43.04, 'كرت  _ 10'),
(446, '2022-07-22', '20:35:29', 78, 10.00, 1, 10.00, 10.00, 4, 33.04, 'كرت  _ 10'),
(447, '2022-07-22', '20:36:48', 116, 73.00, 1, 104.39, 110.00, 1, 1265.54, '011'),
(448, '2022-07-22', '21:47:55', 116, 130.00, 32, 185.90, 200.00, 1, 1079.64, ''),
(449, '2022-07-22', '22:23:44', 116, 83.00, 1, 118.69, 125.00, 1, 960.95, '011'),
(450, '2022-07-22', '23:21:19', 116, 50.00, 1, 71.50, 75.00, 2, 58.49, '01144272638'),
(451, '2022-07-23', '22:59:45', 116, 300.00, 1, 429.00, 450.00, 1, 531.95, '011'),
(452, '2022-07-23', '22:59:52', 116, 250.00, 1, 357.50, 375.00, 1, 174.45, '01103935385 '),
(453, '2022-07-23', '22:59:55', 39, 10.00, 1, 10.00, 10.00, 1, 164.45, 'كرت  _ 10'),
(454, '2022-07-23', '22:59:55', 39, 10.00, 1, 10.00, 10.00, 1, 154.45, 'كرت  _ 10'),
(455, '2022-07-23', '22:59:55', 39, 10.00, 1, 10.00, 10.00, 1, 144.45, 'كرت  _ 10'),
(456, '2022-07-23', '22:59:55', 39, 10.00, 1, 10.00, 10.00, 1, 134.45, 'كرت  _ 10'),
(457, '2022-07-23', '22:59:55', 39, 10.00, 1, 10.00, 10.00, 1, 124.45, 'كرت  _ 10'),
(458, '2022-07-23', '22:59:56', 39, 10.00, 1, 10.00, 10.00, 1, 114.45, 'كرت  _ 10'),
(459, '2022-07-23', '22:59:56', 39, 10.00, 1, 10.00, 10.00, 1, 104.45, 'كرت  _ 10'),
(460, '2022-07-23', '22:59:56', 39, 10.00, 1, 10.00, 10.00, 1, 94.45, 'كرت  _ 10'),
(461, '2022-07-23', '22:59:56', 39, 10.00, 1, 10.00, 10.00, 1, 84.45, 'كرت  _ 10'),
(462, '2022-07-23', '22:59:56', 39, 10.00, 1, 10.00, 10.00, 1, 84.45, 'كرت  _ 10'),
(463, '2022-07-23', '22:59:57', 39, 10.00, 1, 10.00, 10.00, 1, 64.45, 'كرت  _ 10'),
(464, '2022-07-23', '22:59:58', 39, 10.00, 1, 10.00, 10.00, 1, 54.45, 'كرت  _ 10'),
(465, '2022-07-23', '22:59:58', 39, 10.00, 1, 10.00, 10.00, 1, 44.45, 'كرت  _ 10'),
(466, '2022-07-23', '22:59:59', 39, 10.00, 1, 10.00, 10.00, 1, 34.45, 'كرت  _ 10'),
(467, '2022-07-23', '22:59:59', 39, 10.00, 1, 10.00, 10.00, 1, 24.45, 'كرت  _ 10'),
(468, '2022-07-23', '22:59:59', 39, 10.00, 1, 10.00, 10.00, 1, 14.45, 'كرت  _ 10'),
(469, '2022-07-23', '23:00:06', 76, 10.00, 1, 10.00, 10.00, 2, 48.49, 'كرت  _ 10'),
(470, '2022-07-23', '23:00:07', 76, 10.00, 1, 10.00, 10.00, 2, 38.49, 'كرت  _ 10'),
(471, '2022-07-23', '23:00:07', 76, 10.00, 1, 10.00, 10.00, 2, 28.49, 'كرت  _ 10'),
(472, '2022-07-23', '23:00:09', 76, 10.00, 1, 10.00, 10.00, 2, 18.49, 'كرت  _ 10'),
(473, '2022-07-23', '23:00:10', 76, 10.00, 1, 10.00, 10.00, 2, 8.49, 'كرت  _ 10'),
(474, '2022-07-23', '23:00:17', 78, 10.00, 1, 10.00, 10.00, 4, 23.04, 'كرت  _ 10'),
(475, '2022-07-23', '23:00:18', 78, 10.00, 1, 10.00, 10.00, 4, 13.04, 'كرت  _ 10'),
(476, '2022-07-23', '23:03:06', 83, 11149.00, 1, 11149.00, 0.00, 5, 0.54, 'ايداع فودافون كاش'),
(477, '2022-07-26', '13:28:30', 116, 300.00, 1, 429.00, 450.00, 1, 10585.45, '011'),
(478, '2022-07-27', '15:21:18', 116, 130.00, 32, 185.90, 200.00, 1, 24399.55, ''),
(479, '2022-07-27', '15:21:55', 90, 23400.00, 1, 23400.00, 23400.00, 1, 999.55, ''),
(480, '2022-07-27', '15:22:24', 83, 4000.00, 1, 4000.00, 0.00, 5, 0.54, 'ايداع فودافون كاش'),
(481, '2022-07-27', '15:24:41', 119, 500.00, 1, 500.00, 500.00, 4, 13.04, ''),
(482, '2022-07-27', '15:31:28', 39, 10.00, 1, 10.00, 10.00, 1, 989.55, 'كرت  _ 10'),
(483, '2022-07-27', '15:31:28', 39, 10.00, 1, 10.00, 10.00, 1, 979.55, 'كرت  _ 10'),
(484, '2022-07-27', '15:31:29', 39, 10.00, 1, 10.00, 10.00, 1, 969.55, 'كرت  _ 10'),
(485, '2022-07-27', '15:31:30', 39, 10.00, 1, 10.00, 10.00, 1, 959.55, 'كرت  _ 10'),
(486, '2022-07-27', '15:31:31', 39, 10.00, 1, 10.00, 10.00, 1, 949.55, 'كرت  _ 10'),
(487, '2022-07-27', '15:31:33', 39, 10.00, 1, 10.00, 10.00, 1, 939.55, 'كرت  _ 10'),
(488, '2022-07-27', '16:47:23', 39, 10.00, 1, 10.00, 10.00, 1, 929.55, 'كرت  _ 10'),
(489, '2022-07-27', '16:48:55', 39, 10.00, 1, 10.00, 10.00, 1, 919.55, 'كرت  _ 10'),
(490, '2022-07-27', '16:48:57', 39, 10.00, 1, 10.00, 10.00, 1, 909.55, 'كرت  _ 10'),
(491, '2022-07-27', '18:06:48', 83, 7820.00, 1, 7820.00, 0.00, 2, 148.49, 'ايداع فودافون كاش'),
(492, '2022-07-27', '19:47:31', 118, 27.00, 35, 38.61, 40.00, 1, 870.94, ''),
(493, '2022-07-27', '20:06:20', 116, 300.00, 1, 429.00, 450.00, 1, 941.94, ''),
(494, '2022-07-27', '20:06:54', 79, 9.00, 1, 90.00, 100.00, 1, 851.94, ''),
(495, '2022-07-27', '20:07:17', 35, 1.00, 1, 2.50, 3.00, 1, 849.44, ''),
(496, '2022-07-27', '20:09:12', 78, 10.00, 1, 10.00, 10.00, 4, 3.04, 'كرت  _ 10'),
(497, '2022-08-01', '01:03:26', 116, 200.00, 36, 286.00, 300.00, 4, 717.04, ''),
(498, '2022-08-01', '01:04:07', 119, 210.00, 1, 210.00, 210.00, 4, 507.04, ''),
(499, '2022-08-01', '01:06:44', 83, 2600.00, 1, 2600.00, 0.00, 1, 749.44, 'ايداع فودافون كاش'),
(500, '2022-08-01', '01:12:07', 90, 327.00, 1, 327.00, 330.00, 1, 422.44, ''),
(501, '2022-08-01', '01:35:51', 76, 10.00, 1, 10.00, 10.00, 2, 138.49, 'كرت  _ 10'),
(502, '2022-08-01', '01:35:51', 76, 10.00, 1, 10.00, 10.00, 2, 128.49, 'كرت  _ 10'),
(503, '2022-08-01', '01:35:51', 76, 10.00, 1, 10.00, 10.00, 2, 118.49, 'كرت  _ 10'),
(504, '2022-08-01', '01:35:51', 76, 10.00, 1, 10.00, 10.00, 2, 108.49, 'كرت  _ 10'),
(505, '2022-08-01', '01:35:51', 76, 10.00, 1, 10.00, 10.00, 2, 98.49, 'كرت  _ 10'),
(506, '2022-08-01', '01:35:51', 76, 10.00, 1, 10.00, 10.00, 2, 88.49, 'كرت  _ 10'),
(507, '2022-08-01', '01:35:52', 76, 10.00, 1, 10.00, 10.00, 2, 78.49, 'كرت  _ 10'),
(508, '2022-08-01', '01:35:52', 76, 10.00, 1, 10.00, 10.00, 2, 68.49, 'كرت  _ 10'),
(509, '2022-08-01', '01:35:52', 76, 10.00, 1, 10.00, 10.00, 2, 58.49, 'كرت  _ 10'),
(510, '2022-08-01', '01:35:53', 76, 10.00, 1, 10.00, 10.00, 2, 48.49, 'كرت  _ 10'),
(511, '2022-08-01', '01:35:53', 76, 10.00, 1, 10.00, 10.00, 2, 38.49, 'كرت  _ 10'),
(512, '2022-08-01', '01:35:54', 76, 10.00, 1, 10.00, 10.00, 2, 28.49, 'كرت  _ 10'),
(513, '2022-08-01', '01:35:54', 76, 10.00, 1, 10.00, 10.00, 2, 18.49, 'كرت  _ 10'),
(514, '2022-08-01', '01:35:55', 76, 10.00, 1, 10.00, 10.00, 2, 8.49, 'كرت  _ 10'),
(515, '2022-08-01', '01:35:56', 76, 10.00, 1, 10.00, 10.00, 2, -1.51, 'كرت  _ 10');

-- --------------------------------------------------------

--
-- Table structure for table `masary_sell`
--

CREATE TABLE `masary_sell` (
  `id_masary_sell` int(11) NOT NULL,
  `date_masary_sell` date DEFAULT curdate(),
  `time_masary_sell` time DEFAULT curtime(),
  `value_masary_sell` double(10,2) DEFAULT 0.00,
  `amount_masary_sell` double(10,2) DEFAULT NULL,
  `id_recharge_type` int(11) DEFAULT NULL,
  `id_Suppliers` bigint(20) DEFAULT NULL,
  `id_VF_cash` int(11) DEFAULT NULL,
  `id_pos` int(11) NOT NULL DEFAULT 1
) ENGINE=InnoDB DEFAULT CHARSET=utf8;

--
-- Dumping data for table `masary_sell`
--

INSERT INTO `masary_sell` (`id_masary_sell`, `date_masary_sell`, `time_masary_sell`, `value_masary_sell`, `amount_masary_sell`, `id_recharge_type`, `id_Suppliers`, `id_VF_cash`, `id_pos`) VALUES
(1, '2022-07-11', '17:27:41', 3995.00, 3000.00, 2, 4, NULL, 2),
(2, '2022-07-11', '17:31:23', 561.00, 2000.00, 2, 5, NULL, 4),
(3, '2022-07-11', '19:11:57', 2029.00, 24000.00, 2, 3, NULL, 1),
(4, '2022-07-12', '12:01:25', 503.00, 500.00, 2, 5, NULL, 4),
(5, '2022-07-12', '20:35:21', 900.00, 1000.00, 2, 7, NULL, 5),
(6, '2022-07-13', '14:18:53', 1000.00, 1000.00, 2, 3, NULL, 1),
(7, '2022-07-13', '21:49:49', 1992.00, 2000.00, 2, 7, NULL, 5),
(8, '2022-07-14', '16:25:02', 1990.00, 2000.00, 2, 4, NULL, 2),
(9, '2022-07-14', '21:19:01', 1000.00, 1000.00, 2, 5, NULL, 4),
(10, '2022-07-14', '23:54:06', 995.00, 1000.00, 2, 4, NULL, 2),
(11, '2022-07-15', '18:05:46', 1980.00, 1999.80, 3, 1, NULL, 1),
(12, '2022-07-16', '01:08:31', 1000.00, 1000.00, 2, 7, NULL, 5),
(13, '2022-07-16', '11:17:55', 1000.00, 1000.00, 2, 7, NULL, 5),
(14, '2022-07-16', '16:00:25', 12000.00, 12000.00, 2, 7, NULL, 5),
(15, '2022-07-16', '17:44:57', 1990.00, 2000.00, 2, 4, NULL, 2),
(16, '2022-07-17', '17:59:47', 2985.00, 3000.00, 2, 4, NULL, 2),
(17, '2022-07-17', '18:04:08', 20000.00, 20000.00, 2, 3, NULL, 1),
(18, '2022-07-18', '06:17:55', 5000.00, 5000.00, 2, 3, NULL, 1),
(19, '2022-07-18', '10:54:24', 10000.00, 10000.00, 2, 3, NULL, 1),
(20, '2022-07-18', '17:53:13', 8955.00, 9000.00, 2, 4, NULL, 2),
(21, '2022-07-18', '22:21:14', 497.50, 500.00, 2, 4, NULL, 2),
(22, '2022-07-19', '00:41:50', 2000.00, 2000.00, 2, 3, NULL, 1),
(23, '2022-07-21', '01:04:06', 1000.00, 1000.00, 1, 1, NULL, 4),
(24, '2022-07-21', '01:04:46', 13500.00, 13500.00, 2, 7, NULL, 5),
(25, '2022-07-21', '01:09:14', 1000.00, 1000.00, 2, 5, NULL, 4),
(26, '2022-07-22', '18:49:43', 1495.00, 1500.00, 2, 4, NULL, 2),
(27, '2022-07-22', '18:58:44', 32000.00, 32000.00, 2, 3, NULL, 1),
(28, '2022-07-22', '19:21:53', 1000.00, 1000.00, 2, 3, NULL, 1),
(29, '2022-07-23', '23:02:20', 11000.00, 11000.00, 2, 7, NULL, 5),
(30, '2022-07-26', '13:24:46', 10000.00, 10000.00, 2, 3, NULL, 1),
(31, '2022-07-26', '13:28:17', 1000.00, 1000.00, 2, 3, NULL, 1),
(32, '2022-07-27', '15:14:39', 14000.00, 14000.00, 2, 3, NULL, 1),
(33, '2022-07-27', '15:15:27', 4000.00, 4000.00, 2, 7, NULL, 5),
(34, '2022-07-27', '15:24:22', 500.00, 500.00, 2, 5, NULL, 4),
(35, '2022-07-27', '18:06:12', 7960.00, 8000.00, 2, 4, NULL, 2),
(36, '2022-07-27', '20:05:38', 500.00, 500.00, 2, 3, NULL, 1),
(37, '2022-07-31', '00:56:27', 2500.00, 2500.00, 2, 3, NULL, 1),
(38, '2022-08-01', '01:03:00', 1000.00, 1000.00, 2, 5, NULL, 4);

--
-- Triggers `masary_sell`
--
DELIMITER $$
CREATE TRIGGER `upDate_balance` AFTER INSERT ON `masary_sell` FOR EACH ROW BEGIN
    DECLARE
        oldbalance DOUBLE ; DECLARE newbalance DOUBLE ;
        -- set old balance
    SELECT
        masary_pay.balance
    INTO @oldbalance
FROM
    masary_pay
WHERE
    masary_pay.id_masary_pay = (SELECT MAX(mpay.id_masary_pay) FROM masary_pay AS mpay)  ;
    -- set new balance
    IF @oldbalance != NULL THEN
UPDATE
    masary_pay
SET
    masary_pay.balance = @oldbalance +(
    SELECT
        masary_sell.value_masary_sell
    FROM
        masary_sell AS sell
    WHERE
        sell.id_masary_sell = (SELECT MAX(sell2.id_masary_sell) FROM masary_sell AS sell2)
) ;
END IF ;
END
$$
DELIMITER ;

-- --------------------------------------------------------

--
-- Table structure for table `notifcation`
--

CREATE TABLE `notifcation` (
  `id_notifcation` int(11) NOT NULL,
  `date_notifcation` date DEFAULT NULL,
  `note` varchar(512) DEFAULT NULL,
  `isRead` tinyint(1) NOT NULL DEFAULT 0,
  `id_Solf` int(11) NOT NULL
) ENGINE=InnoDB DEFAULT CHARSET=utf8;

--
-- Dumping data for table `notifcation`
--

INSERT INTO `notifcation` (`id_notifcation`, `date_notifcation`, `note`, `isRead`, `id_Solf`) VALUES
(4, '2022-07-16', 'موعد استحقاق مبلغ  -700.00 موقع سوق امازون', 0, 4),
(6, '2022-07-23', 'موعد سداد مبلغ 4200.0 محمد كميرات', 0, 6),
(9, '2022-07-24', 'موعد سداد مبلغ 160.0 شغل الجبل', 0, 5),
(16, '2022-07-27', 'موعد استحقاق مبلغ  2000.00 احمد شفر', 0, 15),
(17, '2022-08-01', 'موعد سداد مبلغ 1450.0 شعبان ع الحميد', 0, 16),
(19, '2022-08-01', 'موعد استحقاق مبلغ  11000.00 البيت 2', 0, 18),
(20, '2022-08-02', 'موعد استحقاق مبلغ  12000.00 جابر الشغبي', 0, 19),
(21, '2022-08-01', 'موعد استحقاق مبلغ  5000.00 علي عبد الواحد', 0, 20);

-- --------------------------------------------------------

--
-- Table structure for table `ohda`
--

CREATE TABLE `ohda` (
  `id_ohda` int(11) NOT NULL,
  `date_ohda` date DEFAULT curdate(),
  `time_ohda` time DEFAULT curtime(),
  `date_filtter` date DEFAULT NULL,
  `amount_ohda` double(10,2) NOT NULL,
  `name_recipient` varchar(255) NOT NULL,
  `note_ohda` varchar(512) DEFAULT NULL,
  `isActive` tinyint(1) DEFAULT 1
) ENGINE=InnoDB DEFAULT CHARSET=utf8;

-- --------------------------------------------------------

--
-- Table structure for table `paydebt`
--

CREATE TABLE `paydebt` (
  `id_paydebt` int(11) NOT NULL,
  `date_paydebt` date DEFAULT curdate(),
  `time_paydebt` time DEFAULT curtime(),
  `id_Solf` int(11) NOT NULL,
  `amount` double(10,2) NOT NULL,
  `datePay_Solf` date NOT NULL
) ENGINE=InnoDB DEFAULT CHARSET=utf8;

--
-- Dumping data for table `paydebt`
--

INSERT INTO `paydebt` (`id_paydebt`, `date_paydebt`, `time_paydebt`, `id_Solf`, `amount`, `datePay_Solf`) VALUES
(7, '2022-07-14', '16:23:45', 1, 3000.00, '2022-07-14'),
(8, '2022-07-14', '17:06:20', 1, 15000.00, '2022-07-14'),
(9, '2022-07-16', '16:01:38', 2, 1250.00, '2022-07-16'),
(10, '2022-07-16', '17:22:22', 3, 500.00, '2022-07-16'),
(11, '2022-07-16', '19:31:24', 2, 450.00, '2022-07-16'),
(12, '2022-07-16', '23:22:54', 2, 100.00, '2022-07-16'),
(13, '2022-07-17', '21:04:21', 7, 2000.00, '2022-07-17'),
(14, '2022-07-18', '10:53:06', 5, 600.00, '2022-07-18'),
(22, '2022-07-18', '20:38:08', 5, -5840.00, '2022-07-19'),
(23, '2022-07-18', '22:34:11', 9, 20000.00, '2022-07-18'),
(24, '2022-07-18', '22:38:32', 5, 2030.00, '2022-07-18'),
(25, '2022-07-19', '21:13:28', 5, 500.00, '2022-07-21'),
(26, '2022-07-22', '19:05:05', 10, 10800.00, '2022-07-22'),
(27, '2022-07-22', '20:07:55', 5, 200.00, '2022-07-23'),
(28, '2022-07-22', '22:19:49', 6, -1700.00, '2022-07-23'),
(29, '2022-07-23', '23:08:39', 5, 300.00, '2022-07-24'),
(30, '2022-07-27', '15:25:19', 11, 2000.00, '2022-07-28'),
(31, '2022-07-27', '15:28:32', 5, 2950.00, '2022-07-28'),
(32, '2022-08-01', '01:09:20', 11, 1000.00, '2022-08-01'),
(33, '2022-08-01', '01:09:32', 13, 1010.00, '2022-08-01'),
(34, '2022-08-01', '01:09:44', 14, 1010.00, '2022-08-01'),
(35, '2022-08-01', '01:10:02', 12, 3000.00, '2022-08-01'),
(36, '2022-08-01', '01:10:24', 17, 1000.00, '2022-08-01'),
(37, '2022-08-01', '01:11:29', 16, -450.00, '2022-08-01');

-- --------------------------------------------------------

--
-- Table structure for table `paymentreceipt`
--

CREATE TABLE `paymentreceipt` (
  `id_PaymentReceipt` bigint(255) NOT NULL,
  `date_PaymentReceipt` date DEFAULT NULL,
  `amount` double(10,2) DEFAULT NULL,
  `id_Suppliers` bigint(255) DEFAULT NULL,
  `isActive` tinyint(1) NOT NULL DEFAULT 1
) ENGINE=InnoDB DEFAULT CHARSET=utf8;

--
-- Dumping data for table `paymentreceipt`
--

INSERT INTO `paymentreceipt` (`id_PaymentReceipt`, `date_PaymentReceipt`, `amount`, `id_Suppliers`, `isActive`) VALUES
(1, '2022-07-11', 2000.00, 5, 1),
(2, '2022-07-12', 30300.00, 8, 1),
(3, '2022-07-13', 500.00, 5, 1),
(4, '2022-07-14', 520.00, 2, 1),
(5, '2022-07-14', 1000.00, 7, 1),
(6, '2022-07-15', 20000.00, 3, 1),
(7, '2022-07-15', 8000.00, 7, 1),
(8, '2022-07-16', 4500.00, 4, 1),
(9, '2022-07-16', 5000.00, 3, 1),
(10, '2022-07-17', 10000.00, 7, 1),
(11, '2022-07-17', 20000.00, 3, 1),
(12, '2022-07-18', 5500.00, 4, 1),
(13, '2022-07-18', 15000.00, 3, 1),
(14, '2022-07-18', 30300.00, 8, 1),
(15, '2022-07-18', 1000.00, 5, 1),
(16, '2022-07-19', 8000.00, 7, 1),
(17, '2022-07-19', 500.00, 9, 1),
(18, '2022-07-19', 2000.00, 3, 1),
(19, '2022-07-21', 13000.00, 9, 1),
(20, '2022-07-21', 1500.00, 9, 1),
(21, '2022-07-22', 1100.00, 2, 1),
(22, '2022-07-22', 500.00, 9, 1),
(23, '2022-07-22', 13500.00, 7, 1),
(24, '2022-07-22', 30300.00, 8, 1),
(25, '2022-07-23', 2000.00, 4, 1),
(26, '2022-07-23', 33000.00, 3, 1),
(27, '2022-07-23', 1000.00, 5, 1),
(28, '2022-07-23', 1000.00, 9, 1),
(29, '2022-07-27', 6000.00, 4, 1),
(30, '2022-07-27', 8500.00, 10, 1),
(31, '2022-07-27', 2000.00, 4, 1),
(32, '2022-07-27', 500.00, 5, 1),
(33, '2022-07-27', 18000.00, 3, 1),
(34, '2022-07-31', 840.00, 2, 1),
(35, '2022-07-31', 10100.00, 8, 1);

-- --------------------------------------------------------

--
-- Table structure for table `phone_numbers`
--

CREATE TABLE `phone_numbers` (
  `id_phone_number` int(11) NOT NULL,
  `numbers` varchar(14) DEFAULT NULL,
  `name` varchar(255) DEFAULT NULL
) ENGINE=InnoDB DEFAULT CHARSET=utf8;

--
-- Dumping data for table `phone_numbers`
--

INSERT INTO `phone_numbers` (`id_phone_number`, `numbers`, `name`) VALUES
(1, '01151018778', NULL),
(2, '01027724864', NULL),
(4, '01145914130', NULL),
(5, '01103935385', NULL),
(6, '01141845954', NULL),
(7, '01105919500', NULL),
(8, '01141156734', NULL),
(9, '01553072625', NULL),
(10, '01152837810', NULL),
(12, '01030506916', NULL),
(13, '01007983995', NULL),
(18, '0972297410', NULL),
(19, '01153161690', NULL),
(23, '01015807655', NULL),
(25, '01019661687', NULL),
(27, '011', NULL),
(28, '01144272638', NULL);

-- --------------------------------------------------------

--
-- Table structure for table `pos`
--

CREATE TABLE `pos` (
  `id_pos` int(11) NOT NULL,
  `name_pos` varchar(255) DEFAULT NULL
) ENGINE=InnoDB DEFAULT CHARSET=utf8;

--
-- Dumping data for table `pos`
--

INSERT INTO `pos` (`id_pos`, `name_pos`) VALUES
(1, 'مصاري'),
(2, 'Bee'),
(3, 'Fawry'),
(4, 'OPay'),
(5, 'أمان');

-- --------------------------------------------------------

--
-- Table structure for table `priselist`
--

CREATE TABLE `priselist` (
  `id_priceList` bigint(255) NOT NULL,
  `last_edit` date DEFAULT NULL,
  `purchase_price_low` double(10,2) DEFAULT NULL,
  `purchase_price_high` double(10,2) DEFAULT NULL,
  `sale_price_low` double(10,2) DEFAULT NULL,
  `sale_price_high` double(10,2) DEFAULT NULL,
  `id_items` bigint(255) DEFAULT NULL
) ENGINE=InnoDB DEFAULT CHARSET=utf8;

--
-- Dumping data for table `priselist`
--

INSERT INTO `priselist` (`id_priceList`, `last_edit`, `purchase_price_low`, `purchase_price_high`, `sale_price_low`, `sale_price_high`, `id_items`) VALUES
(2, '2022-06-19', 30.00, 30.00, 75.00, 75.00, 6975488921007),
(3, '2022-06-19', 38.00, 38.00, 80.00, 80.00, 6875422190370),
(4, '2022-06-19', 39.00, 39.00, 80.00, 80.00, 6949810520961),
(5, '2022-06-19', 37.00, 37.00, 75.00, 75.00, 6949810520954),
(7, '2022-06-19', 25.00, 25.00, 50.00, 50.00, 6949810504466),
(8, '2022-06-19', 18.00, 18.00, 35.00, 35.00, 6973224871319),
(9, '2022-06-19', 18.00, 18.00, 35.00, 35.00, 6973224870053),
(10, '2022-06-19', 17.00, 17.00, 30.00, 30.00, 6956116774684),
(11, '2022-06-19', 22.00, 22.00, 40.00, 40.00, 2018014204206),
(12, '2022-06-19', 11.00, 11.00, 25.00, 25.00, 6949810502219),
(13, '2022-06-19', 15.00, 15.00, 30.00, 30.00, 6970462516446),
(14, '2022-06-19', 20.00, 20.00, 40.00, 40.00, 6921042107615),
(15, '2022-06-19', 12.00, 12.00, 30.00, 30.00, 6921042111322),
(16, '2022-06-19', 19.00, 19.00, 40.00, 40.00, 6944561153543),
(17, '2022-06-19', 17.00, 17.00, 35.00, 35.00, 9988854278909),
(18, '2022-06-19', 30.00, 30.00, 65.00, 65.00, 6922252566452),
(19, '2022-06-19', 35.00, 35.00, 70.00, 70.00, 6922154678772),
(20, '2022-06-19', 35.00, 35.00, 75.00, 75.00, 6905112458258),
(21, '2022-06-19', 22.00, 22.00, 50.00, 50.00, 6973224870381),
(22, '2022-06-19', 22.00, 22.00, 45.00, 45.00, 6973224870305),
(23, '2022-06-19', 15.00, 15.00, 40.00, 40.00, 6933138622018),
(24, '2022-06-19', 15.00, 15.00, 30.00, 30.00, 6965468450061),
(25, '2022-06-19', 18.00, 18.00, 45.00, 45.00, 6999881512181),
(26, '2022-06-19', 14.00, 14.00, 35.00, 35.00, 8434350001004),
(27, '2022-06-19', 21.50, 21.50, 40.00, 40.00, 7720190427021),
(28, '2022-06-19', 11.00, 11.00, 30.00, 30.00, 4414136520176),
(29, '2022-06-19', 11.00, 11.00, 30.00, 30.00, 4416336520178),
(30, '2022-06-19', 40.00, 40.00, 75.00, 75.00, 6971410555944),
(31, '2022-06-19', 50.00, 50.00, 100.00, 100.00, 6949810510177),
(32, '2022-07-13', 20.00, 20.00, 35.00, 35.00, 5692492560695),
(33, '2022-07-14', 55.00, 55.00, 85.00, 85.00, 6973965931846),
(34, '2022-07-14', 30.00, 30.00, 45.00, 45.00, 6954851289500),
(35, '2022-07-14', 25.00, 25.00, 40.00, 40.00, 6941027608562),
(36, '2022-07-15', 15.00, 15.00, 25.00, 25.00, 6815648454269),
(37, '2022-07-15', 20.00, 20.00, 35.00, 35.00, 6815648455426),
(38, '2022-07-15', 15.00, 15.00, 25.00, 25.00, 4952605064023),
(39, '2022-07-15', 17.00, 17.00, 50.00, 50.00, 9988854278909),
(40, '2022-07-16', 4.00, 4.00, 7.00, 7.00, 6951202937189),
(41, '2022-07-16', 3.00, 3.00, 10.00, 10.00, 6925154511551),
(42, '2022-07-16', 4.00, 4.00, 10.00, 10.00, 6966884625422),
(43, '2022-07-16', 17.00, 17.00, 35.00, 35.00, 6820110323219),
(44, '2022-07-16', 80.00, 80.00, 130.00, 130.00, 6933138690680),
(45, '2022-07-16', 55.00, 55.00, 90.00, 90.00, 6933138690673),
(46, '2022-07-16', 30.00, 30.00, 60.00, 60.00, 6987842188858),
(47, '2022-07-16', 20.00, 20.00, 30.00, 30.00, 6841566322120),
(48, '2022-07-16', 5.50, 5.50, 15.00, 15.00, 6841685032054),
(49, '2022-07-20', 55.00, 55.00, 100.00, 100.00, 6922102387725),
(50, '2022-07-22', 10.00, 10.00, 35.00, 35.00, 6901004416559),
(51, '2022-07-22', 17.00, 17.00, 40.00, 40.00, 6720201641683),
(52, '2022-07-22', 20.00, 20.00, 40.00, 40.00, 6701811641683),
(53, '2022-07-22', 10.50, 10.50, 30.00, 30.00, 2861811280023),
(54, '2022-07-22', 10.50, 10.50, 30.00, 30.00, 2861811280030),
(55, '2022-07-22', 10.50, 10.50, 30.00, 30.00, 2861811280047),
(56, '2022-07-22', 10.50, 10.50, 30.00, 30.00, 2861811280054),
(57, '2022-07-22', 10.50, 10.50, 30.00, 30.00, 2861811280078),
(58, '2022-07-22', 10.50, 10.50, 30.00, 30.00, 2861811280085),
(59, '2022-07-22', 10.50, 10.50, 30.00, 30.00, 2861811280092),
(60, '2022-07-22', 12.00, 12.00, 30.00, 30.00, 6925146923324),
(61, '2022-07-22', 15.00, 15.00, 40.00, 40.00, 6965468450061),
(62, '2022-07-22', 13.00, 13.00, 30.00, 30.00, 6971914080072),
(63, '2022-07-22', 12.00, 12.00, 25.00, 25.00, 6925632548123),
(64, '2022-07-22', 625.00, 625.00, 850.00, 850.00, 2861118280108),
(65, '2022-07-22', 18.00, 18.00, 50.00, 50.00, 6999881512181),
(66, '2022-07-22', 20.00, 20.00, 50.00, 50.00, 8434352101016),
(68, '2022-07-23', 10.50, 10.50, 30.00, 30.00, 2861118280115),
(69, '2022-07-23', 10.50, 10.50, 30.00, 30.00, 2000005201950),
(70, '2022-07-24', 275.00, 275.00, 450.00, 450.00, 6973423560014),
(71, '2022-07-24', 220.00, 220.00, 275.00, 275.00, 6973423564562),
(72, '2022-07-24', 30.00, 30.00, 65.00, 65.00, 6954384258790),
(73, '2022-07-24', 40.00, 40.00, 85.00, 85.00, 2000000020112),
(74, '2022-07-24', 20.00, 20.00, 35.00, 35.00, 2000000110011),
(75, '2022-07-24', 10.00, 10.00, 25.00, 25.00, 2000000200200),
(76, '2022-07-24', 15.00, 15.00, 35.00, 35.00, 2000000200309),
(77, '2022-07-24', 50.00, 50.00, 90.00, 90.00, 2000100200308),
(78, '2022-07-24', 80.00, 80.00, 150.00, 150.00, 2000200200307),
(79, '2022-07-26', 17.50, 17.50, 35.00, 35.00, 8401204803817),
(80, '2022-07-27', 20.00, 20.00, 40.00, 40.00, 8435381010928),
(81, '2022-07-27', 15.00, 15.00, 30.00, 30.00, 2920078818896),
(82, '2022-07-27', 12.00, 12.00, 35.00, 35.00, 6923564616347),
(83, '2022-07-27', 20.00, 20.00, 45.00, 45.00, 6988188700292),
(84, '2022-09-14', 40.00, 40.00, 60.00, 60.00, 6921042116389);

-- --------------------------------------------------------

--
-- Table structure for table `purchaseinvoice`
--

CREATE TABLE `purchaseinvoice` (
  `id_purchaseInvoice` bigint(255) NOT NULL,
  `date_purchaseInvoice` date DEFAULT NULL,
  `type_purchaseInvoic` varchar(512) DEFAULT NULL,
  `id_Suppliers` bigint(255) DEFAULT NULL,
  `totalAmount` double(10,2) DEFAULT NULL,
  `discount` double(10,2) DEFAULT NULL,
  `amountCash` double(10,2) DEFAULT NULL,
  `amountLater` double(10,2) DEFAULT NULL,
  `note` text DEFAULT NULL,
  `isActive` tinyint(1) DEFAULT 1
) ENGINE=InnoDB DEFAULT CHARSET=utf8;

--
-- Dumping data for table `purchaseinvoice`
--

INSERT INTO `purchaseinvoice` (`id_purchaseInvoice`, `date_purchaseInvoice`, `type_purchaseInvoic`, `id_Suppliers`, `totalAmount`, `discount`, `amountCash`, `amountLater`, `note`, `isActive`) VALUES
(1, '2022-07-14', 'آجل', 2, 1100.00, 0.00, 0.00, 1100.00, 'فاتورة مشتريات رقم  1', 1),
(2, '2022-07-22', 'آجل', 2, 840.00, 0.00, 0.00, 840.00, 'فاتورة مشتريات رقم  2', 1),
(3, '2022-07-22', 'آجل', 11, 6250.00, 0.00, 0.00, 6250.00, 'فاتورة مشتريات رقم  3', 1);

-- --------------------------------------------------------

--
-- Table structure for table `receipt`
--

CREATE TABLE `receipt` (
  `id_Receipt` bigint(255) NOT NULL,
  `date_Receipt` date DEFAULT NULL,
  `amount` double(10,2) DEFAULT NULL,
  `id_client` bigint(255) DEFAULT NULL,
  `isActive` tinyint(1) NOT NULL DEFAULT 1
) ENGINE=InnoDB DEFAULT CHARSET=utf8;

--
-- Dumping data for table `receipt`
--

INSERT INTO `receipt` (`id_Receipt`, `date_Receipt`, `amount`, `id_client`, `isActive`) VALUES
(1, '2022-07-11', 100.00, 2, 1),
(2, '2022-07-11', 335.00, 5, 1),
(3, '2022-07-12', 1500.00, 8, 1),
(4, '2022-07-13', 150.00, 6, 1),
(5, '2022-07-13', 35.00, 4, 1),
(6, '2022-07-14', -200.00, 14, 1),
(7, '2022-07-15', -100.00, 14, 1),
(8, '2022-07-16', -1000.00, 19, 1),
(9, '2022-07-16', -50.00, 21, 1),
(10, '2022-07-16', 50.00, 21, 1),
(11, '2022-07-17', -100.00, 23, 1),
(12, '2022-07-18', 100.00, 22, 1),
(13, '2022-07-18', -200.00, 14, 1),
(14, '2022-07-18', 100.00, 23, 1),
(15, '2022-07-18', -200.00, 23, 1),
(16, '2022-07-19', -300.00, 27, 1),
(17, '2022-07-19', -600.00, 14, 1),
(18, '2022-07-20', -200.00, 14, 1),
(19, '2022-07-21', -75.00, 12, 1),
(20, '2022-07-21', 75.00, 12, 1),
(21, '2022-07-22', 750.00, 8, 1),
(22, '2022-07-23', -125.00, 22, 1),
(23, '2022-07-23', 200.00, 9, 1),
(24, '2022-07-23', -100.00, 14, 1),
(25, '2022-07-24', 120.00, 22, 1),
(26, '2022-07-24', 175.00, 31, 1),
(27, '2022-07-27', -2950.00, 33, 1),
(28, '2022-07-27', -175.00, 8, 1),
(29, '2022-07-27', -100.00, 14, 1),
(30, '2022-07-27', -3500.00, 33, 1),
(31, '2022-07-27', -125.00, 34, 1),
(32, '2022-07-27', -150.00, 26, 1),
(33, '2022-07-28', 300.00, 8, 1),
(34, '2022-08-01', 125.00, 34, 1),
(35, '2022-08-01', -1900.00, 37, 1),
(36, '2022-08-01', -800.00, 33, 1),
(37, '2022-08-01', -1700.00, 33, 1),
(39, '2022-07-31', -3800.00, 33, 1),
(40, '2022-08-01', -2000.00, 33, 1),
(41, '2022-08-01', 225.00, 29, 1);

-- --------------------------------------------------------

--
-- Table structure for table `recharge_type`
--

CREATE TABLE `recharge_type` (
  `id_recharge_type` int(11) NOT NULL,
  `name_recharge_type` varchar(255) DEFAULT NULL
) ENGINE=InnoDB DEFAULT CHARSET=utf8;

--
-- Dumping data for table `recharge_type`
--

INSERT INTO `recharge_type` (`id_recharge_type`, `name_recharge_type`) VALUES
(1, 'نقدي'),
(2, 'مندوب'),
(3, 'خط كاش');

-- --------------------------------------------------------

--
-- Table structure for table `salesinvoic`
--

CREATE TABLE `salesinvoic` (
  `id_salesInvoic` bigint(255) NOT NULL,
  `date_salesInvoic` date DEFAULT NULL,
  `type_salesInvoic` varchar(512) DEFAULT NULL,
  `id_client` bigint(255) DEFAULT NULL,
  `totalAmount` double(10,2) DEFAULT NULL,
  `discount` double(10,2) DEFAULT NULL,
  `amountCash` double(10,2) DEFAULT NULL,
  `amountLater` double(10,2) DEFAULT NULL,
  `note` text DEFAULT NULL,
  `isActive` tinyint(1) NOT NULL DEFAULT 1
) ENGINE=InnoDB DEFAULT CHARSET=utf8;

--
-- Dumping data for table `salesinvoic`
--

INSERT INTO `salesinvoic` (`id_salesInvoic`, `date_salesInvoic`, `type_salesInvoic`, `id_client`, `totalAmount`, `discount`, `amountCash`, `amountLater`, `note`, `isActive`) VALUES
(1, '2022-07-12', 'كاش', 1, 60.00, 0.00, 60.00, 0.00, 'فاتورة مبيعات نقدية1', 1),
(2, '2022-07-12', 'كاش', 1, 40.00, 0.00, 40.00, 0.00, 'فاتورة مبيعات نقدية2', 1),
(3, '2022-07-12', 'كاش', 1, 40.00, 0.00, 40.00, 0.00, 'فاتورة مبيعات نقدية3', 1),
(4, '2022-07-12', 'كاش', 1, 70.00, 0.00, 70.00, 0.00, 'فاتورة مبيعات نقدية4', 1),
(5, '2022-07-12', 'كاش', 1, 75.00, 0.00, 75.00, 0.00, 'فاتورة مبيعات نقدية5', 1),
(6, '2022-07-12', 'كاش', 1, 70.00, 0.00, 70.00, 0.00, 'فاتورة مبيعات نقدية6', 1),
(7, '2022-07-13', 'كاش', 1, 65.00, 0.00, 65.00, 0.00, 'فاتورة مبيعات نقدية7', 1),
(8, '2022-07-13', 'كاش', 1, 40.00, 0.00, 40.00, 0.00, 'فاتورة مبيعات نقدية8', 1),
(9, '2022-07-13', 'كاش', 1, 25.00, 0.00, 25.00, 0.00, 'فاتورة مبيعات نقدية9', 1),
(10, '2022-07-13', 'كاش', 1, 30.00, 0.00, 30.00, 0.00, 'فاتورة مبيعات نقدية10', 1),
(11, '2022-07-13', 'كاش', 1, 25.00, 0.00, 25.00, 0.00, 'فاتورة مبيعات نقدية11', 1),
(12, '2022-07-13', 'كاش', 1, 30.00, 0.00, 30.00, 0.00, 'فاتورة مبيعات نقدية12', 1),
(13, '2022-07-13', 'كاش', 1, 50.00, 0.00, 50.00, 0.00, 'فاتورة مبيعات نقدية13', 1),
(15, '2022-07-13', 'كاش', 1, 35.00, 0.00, 35.00, 0.00, 'فاتورة مبيعات نقدية15', 1),
(16, '2022-07-14', 'كاش', 1, 35.00, 0.00, 35.00, 0.00, 'فاتورة مبيعات نقدية16', 1),
(17, '2022-07-14', 'كاش', 1, 75.00, 0.00, 75.00, 0.00, 'فاتورة مبيعات نقدية17', 1),
(18, '2022-07-14', 'كاش', 1, 85.00, 0.00, 85.00, 0.00, 'فاتورة مبيعات نقدية18', 1),
(19, '2022-07-14', 'كاش', 1, 35.00, 0.00, 35.00, 0.00, 'فاتورة مبيعات نقدية19', 1),
(20, '2022-07-14', 'كاش', 1, 30.00, 0.00, 30.00, 0.00, 'فاتورة مبيعات نقدية20', 1),
(21, '2022-07-14', 'كاش', 1, 75.00, 0.00, 75.00, 0.00, 'فاتورة مبيعات نقدية21', 1),
(22, '2022-07-15', 'كاش', 1, 40.00, 0.00, 40.00, 0.00, 'فاتورة مبيعات نقدية22', 1),
(23, '2022-07-15', 'كاش', 1, 45.00, 0.00, 45.00, 0.00, 'فاتورة مبيعات نقدية23', 1),
(24, '2022-07-15', 'كاش', 1, 25.00, 0.00, 25.00, 0.00, 'فاتورة مبيعات نقدية24', 1),
(25, '2022-07-15', 'كاش', 1, 50.00, 0.00, 50.00, 0.00, 'فاتورة مبيعات نقدية25', 1),
(26, '2022-07-16', 'كاش', 1, 65.00, 0.00, 65.00, 0.00, 'فاتورة مبيعات نقدية26', 1),
(27, '2022-07-16', 'كاش', 1, 130.00, 0.00, 130.00, 0.00, 'فاتورة مبيعات نقدية27', 1),
(28, '2022-07-16', 'كاش', 1, 15.00, 0.00, 15.00, 0.00, 'فاتورة مبيعات نقدية28', 1),
(30, '2022-07-16', 'كاش', 1, 25.00, 0.00, 25.00, 0.00, 'فاتورة مبيعات نقدية30', 1),
(31, '2022-07-16', 'كاش', 1, 15.00, 0.00, 15.00, 0.00, 'فاتورة مبيعات نقدية31', 1),
(32, '2022-07-16', 'كاش', 1, 40.00, 0.00, 40.00, 0.00, 'فاتورة مبيعات نقدية32', 1),
(33, '2022-07-16', 'كاش', 1, 35.00, 0.00, 35.00, 0.00, 'فاتورة مبيعات نقدية33', 1),
(35, '2022-07-17', 'كاش', 1, 40.00, 0.00, 40.00, 0.00, 'فاتورة مبيعات نقدية35', 1),
(36, '2022-07-17', 'كاش', 1, 50.00, 0.00, 50.00, 0.00, 'فاتورة مبيعات نقدية36', 1),
(37, '2022-07-17', 'كاش', 1, 15.00, 0.00, 15.00, 0.00, 'فاتورة مبيعات نقدية37', 1),
(38, '2022-07-17', 'كاش', 1, 10.00, 0.00, 10.00, 0.00, 'فاتورة مبيعات نقدية38', 1),
(39, '2022-07-17', 'كاش', 1, 65.00, 0.00, 65.00, 0.00, 'فاتورة مبيعات نقدية39', 1),
(40, '2022-07-18', 'كاش', 1, 25.00, 0.00, 25.00, 0.00, 'فاتورة مبيعات نقدية40', 1),
(41, '2022-07-18', 'كاش', 1, 85.00, 0.00, 85.00, 0.00, 'فاتورة مبيعات نقدية41', 1),
(42, '2022-07-18', 'كاش', 1, 50.00, 0.00, 50.00, 0.00, 'فاتورة مبيعات نقدية42', 1),
(43, '2022-07-19', 'كاش', 1, 15.00, 0.00, 15.00, 0.00, 'فاتورة مبيعات نقدية43', 1),
(44, '2022-07-19', 'كاش', 1, 65.00, 0.00, 65.00, 0.00, 'فاتورة مبيعات نقدية44', 1),
(45, '2022-07-20', 'كاش', 1, 65.00, 0.00, 65.00, 0.00, 'فاتورة مبيعات نقدية45', 1),
(46, '2022-07-20', 'كاش', 1, 85.00, 0.00, 85.00, 0.00, 'فاتورة مبيعات نقدية46', 1),
(47, '2022-07-20', 'كاش', 1, 20.00, 0.00, 20.00, 0.00, 'فاتورة مبيعات نقدية47', 1),
(48, '2022-07-20', 'كاش', 1, 15.00, 0.00, 15.00, 0.00, 'فاتورة مبيعات نقدية48', 1),
(49, '2022-07-21', 'كاش', 1, 65.00, 0.00, 65.00, 0.00, 'فاتورة مبيعات نقدية49', 1),
(50, '2022-07-21', 'كاش', 1, 30.00, 0.00, 30.00, 0.00, 'فاتورة مبيعات نقدية50', 1),
(51, '2022-07-22', 'كاش', 1, 30.00, 0.00, 30.00, 0.00, 'فاتورة مبيعات نقدية51', 1),
(52, '2022-07-22', 'كاش', 1, 20.00, 0.00, 20.00, 0.00, 'فاتورة مبيعات نقدية52', 1),
(53, '2022-07-22', 'كاش', 1, 15.00, 0.00, 15.00, 0.00, 'فاتورة مبيعات نقدية53', 1),
(54, '2022-07-22', 'كاش', 1, 50.00, 0.00, 50.00, 0.00, 'فاتورة مبيعات نقدية54', 1),
(55, '2022-07-22', 'كاش', 1, 7.00, 0.00, 7.00, 0.00, 'فاتورة مبيعات نقدية55', 1),
(56, '2022-07-22', 'كاش', 1, 800.00, 0.00, 800.00, 0.00, 'فاتورة مبيعات نقدية56', 1),
(57, '2022-07-22', 'كاش', 1, 30.00, 0.00, 30.00, 0.00, 'فاتورة مبيعات نقدية57', 1),
(58, '2022-07-22', 'آجل', 31, 130.00, 0.00, 0.00, 130.00, 'فاتورة مبيعات رقم  58', 1),
(59, '2022-07-22', 'كاش', 1, 50.00, 0.00, 50.00, 0.00, 'فاتورة مبيعات نقدية59', 1),
(60, '2022-07-22', 'كاش', 1, 0.00, 0.00, 0.00, 0.00, 'فاتورة مبيعات رقم  60 هدية', 1),
(61, '2022-07-22', 'كاش', 1, 80.00, 0.00, 80.00, 0.00, 'فاتورة مبيعات نقدية61', 1),
(62, '2022-07-22', 'آجل', 31, 45.00, 0.00, 0.00, 45.00, 'فاتورة مبيعات رقم  62', 1),
(63, '2022-07-22', 'كاش', 1, 50.00, 0.00, 50.00, 0.00, 'فاتورة مبيعات نقدية63', 1),
(64, '2022-07-23', 'كاش', 1, 80.00, 0.00, 80.00, 0.00, 'فاتورة مبيعات نقدية64', 1),
(65, '2022-07-23', 'كاش', 1, 40.00, 0.00, 40.00, 0.00, 'فاتورة مبيعات نقدية65', 1),
(66, '2022-07-23', 'كاش', 1, 25.00, 0.00, 25.00, 0.00, 'فاتورة مبيعات نقدية66', 1),
(67, '2022-07-23', 'كاش', 1, 30.00, 0.00, 30.00, 0.00, 'فاتورة مبيعات نقدية67', 1),
(68, '2022-07-23', 'كاش', 1, 0.00, 0.00, 0.00, 0.00, 'فاتورة مبيعات نقدية68', 1),
(69, '2022-07-24', 'كاش', 1, 30.00, 0.00, 30.00, 0.00, 'فاتورة مبيعات نقدية69', 1),
(70, '2022-07-24', 'كاش', 1, 85.00, 0.00, 85.00, 0.00, 'فاتورة مبيعات نقدية70', 1),
(71, '2022-07-24', 'كاش', 1, 30.00, 0.00, 30.00, 0.00, 'فاتورة مبيعات نقدية71', 1),
(72, '2022-07-24', 'كاش', 1, 40.00, 0.00, 40.00, 0.00, 'فاتورة مبيعات نقدية72', 1),
(73, '2022-07-24', 'كاش', 1, 85.00, 0.00, 85.00, 0.00, 'فاتورة مبيعات نقدية73', 1),
(74, '2022-07-24', 'كاش', 1, 35.00, 0.00, 35.00, 0.00, 'فاتورة مبيعات نقدية74', 1),
(75, '2022-07-25', 'كاش', 1, 65.00, 0.00, 65.00, 0.00, 'فاتورة مبيعات نقدية75', 1),
(76, '2022-07-26', 'كاش', 1, 40.00, 0.00, 40.00, 0.00, 'فاتورة مبيعات نقدية76', 1),
(77, '2022-07-26', 'كاش', 1, 50.00, 0.00, 50.00, 0.00, 'فاتورة مبيعات نقدية77', 1),
(78, '2022-07-26', 'كاش', 1, 50.00, 0.00, 50.00, 0.00, 'فاتورة مبيعات نقدية78', 1),
(79, '2022-07-26', 'كاش', 1, 40.00, 0.00, 40.00, 0.00, 'فاتورة مبيعات نقدية79', 1),
(80, '2022-07-26', 'كاش', 1, 50.00, 0.00, 50.00, 0.00, 'فاتورة مبيعات نقدية80', 1),
(81, '2022-07-26', 'كاش', 1, 65.00, 0.00, 65.00, 0.00, 'فاتورة مبيعات نقدية81', 1),
(82, '2022-07-26', 'كاش', 1, 7.00, 0.00, 7.00, 0.00, 'فاتورة مبيعات نقدية82', 1),
(83, '2022-07-26', 'كاش', 1, 40.00, 0.00, 40.00, 0.00, 'فاتورة مبيعات نقدية83', 1),
(84, '2022-07-26', 'كاش', 1, 35.00, 0.00, 35.00, 0.00, 'فاتورة مبيعات نقدية84', 1),
(85, '2022-07-26', 'كاش', 1, 40.00, 0.00, 40.00, 0.00, 'فاتورة مبيعات نقدية85', 1),
(86, '2022-07-26', 'كاش', 1, 35.00, 0.00, 35.00, 0.00, 'فاتورة مبيعات نقدية86', 1),
(87, '2022-07-26', 'كاش', 1, 10.00, 0.00, 10.00, 0.00, 'فاتورة مبيعات نقدية87', 1),
(88, '2022-07-26', 'كاش', 1, 40.00, 0.00, 40.00, 0.00, 'فاتورة مبيعات نقدية88', 1),
(89, '2022-07-26', 'كاش', 1, 40.00, 0.00, 40.00, 0.00, 'فاتورة مبيعات نقدية89', 1),
(90, '2022-07-27', 'كاش', 1, 10.00, 0.00, 10.00, 0.00, 'فاتورة مبيعات نقدية90', 1),
(91, '2022-07-27', 'كاش', 1, 10.00, 0.00, 10.00, 0.00, 'فاتورة مبيعات نقدية91', 1),
(92, '2022-07-27', 'كاش', 1, 35.00, 0.00, 35.00, 0.00, 'فاتورة مبيعات نقدية92', 1),
(93, '2022-07-27', 'كاش', 1, 30.00, 0.00, 30.00, 0.00, 'فاتورة مبيعات نقدية93', 1),
(94, '2022-07-27', 'آجل', 8, 125.00, 0.00, 0.00, 125.00, 'فاتورة مبيعات رقم  94', 1),
(95, '2022-07-27', 'كاش', 1, 80.00, 0.00, 80.00, 0.00, 'فاتورة مبيعات نقدية95', 1),
(96, '2022-07-27', 'كاش', 1, 40.00, 0.00, 40.00, 0.00, 'فاتورة مبيعات نقدية96', 1),
(97, '2022-07-28', 'كاش', 1, 7.00, 0.00, 7.00, 0.00, 'فاتورة مبيعات نقدية97', 1),
(98, '2022-07-28', 'كاش', 1, 10.00, 0.00, 10.00, 0.00, 'فاتورة مبيعات نقدية98', 1),
(99, '2022-07-28', 'كاش', 1, 15.00, 0.00, 15.00, 0.00, 'فاتورة مبيعات نقدية99', 1),
(100, '2022-07-28', 'كاش', 1, 30.00, 0.00, 30.00, 0.00, 'فاتورة مبيعات نقدية100', 1),
(101, '2022-07-28', 'كاش', 1, 65.00, 0.00, 65.00, 0.00, 'فاتورة مبيعات نقدية101', 1),
(102, '2022-07-28', 'كاش', 1, 100.00, 0.00, 100.00, 0.00, 'فاتورة مبيعات نقدية102', 1),
(103, '2022-07-28', 'كاش', 1, 10.00, 0.00, 10.00, 0.00, 'فاتورة مبيعات نقدية103', 1),
(104, '2022-08-03', 'كاش', 1, 25.00, 0.00, 25.00, 0.00, 'فاتورة مبيعات نقدية104', 1),
(105, '2022-08-03', 'كاش', 1, 50.00, 0.00, 50.00, 0.00, 'فاتورة مبيعات نقدية105', 1),
(106, '2022-09-14', 'كاش', 1, 60.00, 0.00, 60.00, 0.00, 'فاتورة مبيعات نقدية106', 1);

-- --------------------------------------------------------

--
-- Table structure for table `send_receive`
--

CREATE TABLE `send_receive` (
  `id_Send_Receive` int(11) NOT NULL,
  `date_Send_Receive` date NOT NULL DEFAULT curdate(),
  `time_Send_Receive` time NOT NULL DEFAULT curtime(),
  `type_Send_Receive` enum('Send','Receive') DEFAULT NULL,
  `value_Send_Receive` double(10,2) NOT NULL,
  `amount_Send_Receive` double(10,2) NOT NULL,
  `id_VF_cash` int(11) DEFAULT NULL,
  `Number_client` varchar(512) DEFAULT NULL,
  `id_client` bigint(255) DEFAULT 1,
  `id_Suppliers` bigint(255) DEFAULT 1,
  `take_money` tinyint(1) DEFAULT 1
) ENGINE=InnoDB DEFAULT CHARSET=utf8;

--
-- Dumping data for table `send_receive`
--

INSERT INTO `send_receive` (`id_Send_Receive`, `date_Send_Receive`, `time_Send_Receive`, `type_Send_Receive`, `value_Send_Receive`, `amount_Send_Receive`, `id_VF_cash`, `Number_client`, `id_client`, `id_Suppliers`, `take_money`) VALUES
(2, '2022-07-12', '20:24:27', 'Receive', 500.00, 490.00, 2, '', 1, 1, 1),
(3, '2022-07-12', '20:55:23', 'Send', 800.00, 810.00, 2, '01050054125', 1, 1, 1),
(4, '2022-07-13', '20:16:18', 'Receive', 30000.00, 30300.00, 3, NULL, 1, 8, 1),
(5, '2022-07-13', '20:17:43', 'Send', 2821.00, 2850.00, 3, '01032509970', 1, 1, 1),
(6, '2022-07-13', '20:18:42', 'Send', 5010.00, 5050.00, 3, '01226758330', 1, 1, 1),
(7, '2022-07-13', '20:54:40', 'Send', 4001.00, 4000.00, 3, '010', 1, 1, 1),
(8, '2022-07-13', '22:49:14', 'Receive', 1020.00, 1000.00, 2, '', 1, 1, 1),
(9, '2022-07-14', '00:10:22', 'Send', 3001.00, 3000.00, 3, '0100720', 1, 1, 1),
(11, '2022-07-14', '16:47:24', 'Send', 501.00, 505.00, 3, '01005652354', 1, 1, 1),
(12, '2022-07-14', '16:48:59', 'Send', 2801.00, 2830.00, 3, '01007179435', 1, 1, 1),
(13, '2022-07-14', '16:49:56', 'Send', 201.00, 200.00, 3, '010', 1, 1, 1),
(14, '2022-07-14', '17:00:18', 'Receive', 250.00, 245.00, 2, '', 1, 1, 1),
(15, '2022-07-14', '17:00:49', 'Send', 502.50, 510.00, 2, '01127751968', 1, 1, 1),
(18, '2022-07-14', '19:01:14', 'Send', 1001.00, 1010.00, 3, '01033905970', 1, 1, 1),
(19, '2022-07-14', '19:01:41', 'Send', 301.00, 305.00, 3, '01094953800', 1, 1, 1),
(20, '2022-07-14', '19:03:14', 'Send', 1981.00, 2000.00, 3, '01018284576', 1, 1, 1),
(21, '2022-07-14', '21:04:32', 'Send', 2001.00, 2020.00, 3, '01007983995 ', 1, 1, 1),
(22, '2022-07-14', '21:07:08', 'Receive', 10000.00, 10000.00, 3, NULL, 1, 7, 1),
(23, '2022-07-14', '22:02:51', 'Send', 767.00, 750.00, 2, '01007983995 ', 1, 1, 1),
(24, '2022-07-14', '22:22:38', 'Send', 9401.00, 9450.00, 3, '01027699087', 1, 1, 1),
(25, '2022-07-15', '18:42:54', 'Send', 1501.00, 1515.00, 3, '01019913370', 1, 1, 1),
(26, '2022-07-15', '18:43:46', 'Send', 2510.00, 2530.00, 3, '01143627655', 1, 1, 1),
(27, '2022-07-15', '18:45:40', 'Send', 590.94, 600.00, 3, '01227647519', 1, 1, 1),
(28, '2022-07-16', '01:27:55', 'Send', 1000.00, 1010.00, 3, '0100', 1, 1, 1),
(29, '2022-07-16', '16:02:17', 'Send', 1251.00, 1250.00, 2, '01030716084', 1, 1, 1),
(30, '2022-07-16', '19:23:59', 'Send', 120.00, 120.00, 2, '01007983995 ', 1, 1, 1),
(31, '2022-07-16', '20:05:27', 'Send', 5000.00, 5000.00, 2, '01200', 1, 1, 1),
(32, '2022-07-16', '22:57:11', 'Send', 991.00, 1000.00, 2, '01095330183', 1, 1, 1),
(33, '2022-07-16', '22:57:41', 'Send', 2001.00, 2020.00, 2, '01001611751', 1, 1, 1),
(34, '2022-07-16', '22:58:07', 'Receive', 500.00, 490.00, 2, '', 1, 1, 1),
(35, '2022-07-17', '18:12:24', 'Send', 12620.00, 12500.00, 2, '010', 1, 1, 1),
(36, '2022-07-17', '19:49:04', 'Send', 6410.00, 6470.00, 1, '012', 1, 1, 1),
(37, '2022-07-17', '20:04:44', 'Send', 1111.00, 1100.00, 1, '010', 1, 1, 1),
(38, '2022-07-17', '21:09:58', 'Send', 401.00, 405.00, 1, '01000', 1, 1, 1),
(39, '2022-07-17', '22:26:30', 'Receive', 400.00, 390.00, 4, '', 1, 1, 1),
(40, '2022-07-18', '10:38:17', 'Send', 572.85, 580.00, 4, '011', 1, 1, 1),
(41, '2022-07-18', '10:55:08', 'Send', 5001.00, 5050.00, 4, '010', 1, 1, 1),
(42, '2022-07-18', '17:45:40', 'Send', 5941.00, 6000.00, 4, '0101027790', 1, 1, 1),
(43, '2022-07-18', '17:46:15', 'Send', 1001.00, 1010.00, 4, '01029078607', 1, 1, 1),
(44, '2022-07-18', '21:14:42', 'Receive', 15000.00, 14700.00, 5, NULL, 1, 9, 1),
(45, '2022-07-18', '22:19:17', 'Send', 15150.00, 15000.00, 5, '010', 1, 1, 1),
(46, '2022-07-18', '22:19:53', 'Send', 8080.00, 8000.00, 5, '010', 1, 1, 1),
(47, '2022-07-18', '22:22:50', 'Send', 402.00, 410.00, 5, '011', 1, 1, 1),
(48, '2022-07-18', '22:28:37', 'Receive', 30000.00, 30300.00, 6, NULL, 1, 8, 1),
(49, '2022-07-18', '22:30:02', 'Send', 20201.00, 20000.00, 6, '01007983995 ', 1, 1, 1),
(50, '2022-07-18', '22:38:01', 'Send', 9799.00, 9830.00, 6, '0101', 1, 1, 1),
(51, '2022-07-19', '00:42:31', 'Send', 201.00, 205.00, 5, '010', 1, 1, 1),
(52, '2022-07-19', '21:22:43', 'Receive', 509.00, 500.00, 6, '', 1, 1, 1),
(53, '2022-07-19', '22:17:23', 'Send', 506.00, 510.00, 6, '010', 1, 1, 1),
(54, '2022-07-19', '23:26:27', 'Send', 301.00, 305.00, 6, '010', 1, 1, 1),
(55, '2022-07-21', '22:23:29', 'Receive', 5000.00, 4900.00, 6, NULL, 1, 9, 1),
(56, '2022-07-22', '18:33:53', 'Receive', 8509.00, 8500.00, 4, NULL, 1, 10, 1),
(57, '2022-07-22', '18:52:12', 'Send', 4000.00, 4000.00, 6, '010', 1, 1, 1),
(58, '2022-07-22', '18:52:52', 'Send', 8518.00, 8500.00, 4, '010', 1, 1, 1),
(59, '2022-07-22', '19:03:21', 'Send', 30000.00, 29700.00, 4, '010', 1, 1, 1),
(60, '2022-07-22', '19:04:37', 'Receive', 30000.00, 30300.00, 5, NULL, 1, 8, 1),
(61, '2022-07-22', '19:08:10', 'Send', 12269.00, 12000.00, 5, '010', 1, 1, 1),
(62, '2022-07-22', '20:05:26', 'Receive', 1020.00, 1000.00, 6, '', 1, 1, 1),
(63, '2022-07-22', '22:19:12', 'Send', 1051.00, 1060.00, 6, '01060900215', 1, 1, 1),
(64, '2022-07-23', '00:14:11', 'Send', 971.00, 980.00, 6, '010', 1, 1, 1),
(65, '2022-07-23', '23:04:16', 'Send', 11149.00, 11000.00, 4, '01007983995 ', 1, 1, 1),
(66, '2022-07-23', '23:05:37', 'Send', 17768.00, 17800.00, 5, '010', 1, 1, 1),
(67, '2022-07-27', '15:26:23', 'Receive', 4000.00, 4000.00, 4, '', 1, 1, 1),
(68, '2022-07-27', '18:08:01', 'Send', 15810.00, 15950.00, 4, '011', 1, 1, 1),
(69, '2022-08-01', '01:08:35', 'Receive', 7500.00, 7500.00, 7, '', 1, 1, 1),
(70, '2022-08-01', '01:18:21', 'Send', 10100.00, 10000.00, 7, '010', 1, 1, 1);

-- --------------------------------------------------------

--
-- Table structure for table `solf`
--

CREATE TABLE `solf` (
  `id_Solf` int(11) NOT NULL,
  `date_Solf` date DEFAULT curdate(),
  `time_Solf` time DEFAULT curtime(),
  `datePay_Solf` date NOT NULL,
  `amount_Solf` double(10,2) NOT NULL,
  `name_Solf` varchar(255) NOT NULL,
  `note_Solf` varchar(512) DEFAULT NULL,
  `isActive` tinyint(1) NOT NULL DEFAULT 1
) ENGINE=InnoDB DEFAULT CHARSET=utf8;

--
-- Dumping data for table `solf`
--

INSERT INTO `solf` (`id_Solf`, `date_Solf`, `time_Solf`, `datePay_Solf`, `amount_Solf`, `name_Solf`, `note_Solf`, `isActive`) VALUES
(1, '2022-07-12', '22:26:51', '2022-07-13', 0.00, 'الشيخ علاء', 'سداد احمد بكري', 0),
(2, '2022-07-16', '10:53:11', '2022-07-16', 0.00, 'm maher', 'remon', 0),
(3, '2022-07-16', '16:04:14', '2022-07-16', 0.00, 'gmal byome', 'amazon', 0),
(4, '2022-07-16', '17:24:38', '2022-07-16', -700.00, 'موقع سوق امازون', 'حمادة عابدين', 1),
(5, '2022-07-16', '20:06:36', '2022-07-16', 160.00, 'شغل الجبل', 'جاز و زيت', 1),
(6, '2022-07-17', '18:15:18', '2022-07-18', 4200.00, 'محمد كميرات', 'سداد', 1),
(7, '2022-07-17', '18:18:24', '2022-07-17', 0.00, 'حسين بكر', 'test', 0),
(9, '2022-07-11', '00:00:00', '2022-07-18', 0.00, 'حسن محمود', 'س', 0),
(10, '2022-07-19', '21:06:06', '2022-07-20', 0.00, 'شريف فتحي', 'تحويلات كاش', 0),
(11, '2022-07-23', '23:03:37', '2022-07-23', 0.00, 'حسين بكر', 'سداد مصاري', 0),
(12, '2022-07-27', '15:18:25', '2022-07-27', 0.00, 'البيت', '', 0),
(13, '2022-07-27', '15:20:10', '2022-07-27', 0.00, 'تحويلة كاش عربية الماية', ' عربية الماية', 0),
(14, '2022-07-27', '15:23:24', '2022-07-27', 0.00, 'عيد ابو حويو', 'تحويل كاش', 0),
(15, '2022-07-27', '15:36:14', '2022-07-27', 2000.00, 'احمد شفر', '', 1),
(16, '2022-07-27', '15:54:45', '2022-07-27', 1450.00, 'شعبان ع الحميد', '', 1),
(17, '2022-07-27', '20:08:52', '2022-07-27', 0.00, 'الرشيدي', 'كاش', 0),
(18, '2022-08-01', '01:10:58', '2022-08-01', 11000.00, 'البيت 2', '', 1),
(19, '2022-08-01', '01:37:01', '2022-08-02', 12000.00, 'جابر الشغبي', 'تحويل كاش', 1),
(20, '2022-08-01', '01:37:21', '2022-08-01', 5000.00, 'علي عبد الواحد', 'تحويل كاش', 1);

--
-- Triggers `solf`
--
DELIMITER $$
CREATE TRIGGER `addNotifcationSolfa` AFTER INSERT ON `solf` FOR EACH ROW INSERT INTO `notifcation` ( `date_notifcation`, `note` , `id_Solf`) VALUES (
NEW.datePay_Solf , CONCAT( 'موعد استحقاق مبلغ' ,'  ', NEW.amount_Solf , ' ' , NEW.name_Solf 
), NEW.id_Solf)
$$
DELIMITER ;

-- --------------------------------------------------------

--
-- Table structure for table `suppliers`
--

CREATE TABLE `suppliers` (
  `id_Suppliers` bigint(255) NOT NULL,
  `name_Suppliers` varchar(512) NOT NULL,
  `phone` varchar(11) DEFAULT NULL,
  `address` varchar(512) DEFAULT NULL,
  `idNational` varchar(14) DEFAULT NULL,
  `firstBalance` double(10,2) DEFAULT NULL,
  `id_supplier_type` int(11) NOT NULL,
  `isActive` tinyint(1) NOT NULL DEFAULT 1
) ENGINE=InnoDB DEFAULT CHARSET=utf8;

--
-- Dumping data for table `suppliers`
--

INSERT INTO `suppliers` (`id_Suppliers`, `name_Suppliers`, `phone`, `address`, `idNational`, `firstBalance`, `id_supplier_type`, `isActive`) VALUES
(1, 'مورد نقدي', NULL, NULL, NULL, NULL, 0, 1),
(2, 'صالح - هاي كوليتي', '01114040701', 'دراو', '', 520.00, 1, 1),
(3, 'نور العزالي', '01128331345', 'ادفو', '', 0.00, 4, 1),
(4, 'ريمون', '01211158058', 'كوم امبو', NULL, 0.00, 5, 1),
(5, 'عاصم', '01141182640', 'ادفو', NULL, 0.00, 6, 1),
(6, 'محمد كرار', '01146212212', 'ادفو', '', 0.00, 3, 1),
(7, 'ياسر عطيتو', '0117919095', '', '', 0.00, 2, 1),
(8, 'احمد بكري', '', '', '', 30300.00, 8, 1),
(9, 'عميل فودافون كاش', '', '', '', 0.00, 8, 1),
(10, 'حسين شلطم', '', '', '', 0.00, 8, 1),
(11, 'احمد عيسي', '', '', '', 0.00, 1, 1);

-- --------------------------------------------------------

--
-- Table structure for table `suppliersaccount`
--

CREATE TABLE `suppliersaccount` (
  `id_supplliersAccount` bigint(255) NOT NULL,
  `date_suppliersAccount` date DEFAULT curdate(),
  `Debit` double(10,2) DEFAULT NULL,
  `Creditor` double(10,2) DEFAULT NULL,
  `id_Suppliers` bigint(255) DEFAULT NULL,
  `id_purchaseInvoice` bigint(255) DEFAULT NULL,
  `id_paymentReceipt` bigint(255) DEFAULT NULL,
  `id_masary_sell` int(11) DEFAULT NULL,
  `id_Send_Receive` int(11) DEFAULT NULL,
  `id_exports` int(11) DEFAULT NULL,
  `id_expens` int(11) DEFAULT NULL,
  `note` text DEFAULT NULL,
  `isActive` tinyint(1) DEFAULT 1
) ENGINE=InnoDB DEFAULT CHARSET=utf8;

--
-- Dumping data for table `suppliersaccount`
--

INSERT INTO `suppliersaccount` (`id_supplliersAccount`, `date_suppliersAccount`, `Debit`, `Creditor`, `id_Suppliers`, `id_purchaseInvoice`, `id_paymentReceipt`, `id_masary_sell`, `id_Send_Receive`, `id_exports`, `id_expens`, `note`, `isActive`) VALUES
(1, NULL, NULL, 3000.00, 4, NULL, NULL, 1, NULL, NULL, 0, 'شحن ماكينةBee', 1),
(2, NULL, NULL, 2000.00, 5, NULL, NULL, 2, NULL, NULL, 0, 'شحن ماكينةأمان', 1),
(3, NULL, NULL, 24000.00, 3, NULL, NULL, 3, NULL, NULL, 0, 'شحن ماكينةمصاري', 1),
(6, '2022-07-11', 2000.00, NULL, 5, NULL, 1, NULL, NULL, NULL, 0, 'ايصال دفع رقم 1', 1),
(7, NULL, NULL, 500.00, 5, NULL, NULL, 4, NULL, NULL, 0, 'شحن ماكينةOPay', 1),
(8, NULL, NULL, 1000.00, 7, NULL, NULL, 5, NULL, NULL, 0, 'شحن ماكينةأمان', 1),
(10, '2022-07-12', 30300.00, NULL, 8, NULL, 2, NULL, NULL, NULL, 0, 'ايصال دفع رقم 2', 1),
(11, NULL, NULL, 1000.00, 3, NULL, NULL, 6, NULL, NULL, 0, 'شحن ماكينةمصاري', 1),
(12, '2022-07-13', 500.00, NULL, 5, NULL, 3, NULL, NULL, NULL, 0, 'ايصال دفع رقم 3', 1),
(13, '2022-07-13', NULL, 30300.00, 8, NULL, NULL, NULL, 4, NULL, 0, 'شحن محفظة 010-91527705', 1),
(14, '2022-07-13', NULL, 2000.00, 7, NULL, NULL, 7, NULL, NULL, 0, 'شحن ماكينةأمان', 1),
(15, '2022-07-14', NULL, 2000.00, 4, NULL, NULL, 8, NULL, NULL, 0, 'شحن ماكينةBee', 1),
(16, '2022-07-14', NULL, 10000.00, 7, NULL, NULL, NULL, 22, NULL, 0, 'شحن محفظة 010-91527705', 1),
(17, '2022-07-14', 520.00, NULL, 2, NULL, 4, NULL, NULL, NULL, 0, 'ايصال دفع رقم 4', 1),
(18, '2022-07-14', NULL, 1100.00, 2, 1, NULL, NULL, NULL, NULL, 0, 'فاتورة مشتريات رقم  1', 1),
(19, '2022-07-14', NULL, 1000.00, 5, NULL, NULL, 9, NULL, NULL, 0, 'شحن ماكينةOPay', 1),
(20, '2022-07-14', 1000.00, NULL, 7, NULL, 5, NULL, NULL, NULL, 0, 'ايصال دفع رقم 5 _ تحويل كاش 21', 1),
(21, '2022-07-14', NULL, 1000.00, 4, NULL, NULL, 10, NULL, NULL, 0, 'شحن ماكينةBee', 1),
(22, '2022-07-15', 20000.00, NULL, 3, NULL, 6, NULL, NULL, NULL, 0, 'ايصال دفع رقم 6', 1),
(23, '2022-07-15', 8000.00, NULL, 7, NULL, 7, NULL, NULL, NULL, 0, 'ايصال دفع رقم 7', 1),
(24, '2022-07-16', NULL, 1000.00, 7, NULL, NULL, 12, NULL, NULL, 0, 'شحن ماكينةأمان', 1),
(25, '2022-07-16', 4500.00, NULL, 4, NULL, 8, NULL, NULL, NULL, 0, 'ايصال دفع رقم 8', 1),
(26, '2022-07-16', NULL, 1000.00, 7, NULL, NULL, 13, NULL, NULL, 0, 'شحن ماكينةأمان', 1),
(27, '2022-07-16', NULL, 12000.00, 7, NULL, NULL, 14, NULL, NULL, 0, 'شحن ماكينةأمان', 1),
(28, '2022-07-16', NULL, 2000.00, 4, NULL, NULL, 15, NULL, NULL, 0, 'شحن ماكينةBee', 1),
(29, '2022-07-16', 5000.00, NULL, 3, NULL, 9, NULL, NULL, NULL, 0, 'ايصال دفع رقم 9', 1),
(30, '2022-07-17', NULL, 3000.00, 4, NULL, NULL, 16, NULL, NULL, 0, 'شحن ماكينةBee', 1),
(31, '2022-07-17', NULL, 20000.00, 3, NULL, NULL, 17, NULL, NULL, 0, 'شحن ماكينةمصاري', 1),
(32, '2022-07-17', 10000.00, NULL, 7, NULL, 10, NULL, NULL, NULL, 0, 'ايصال دفع رقم 10', 1),
(33, '2022-07-17', 20000.00, NULL, 3, NULL, 11, NULL, NULL, NULL, 0, 'ايصال دفع رقم 11', 1),
(34, '2022-07-18', NULL, 5000.00, 3, NULL, NULL, 18, NULL, NULL, 0, 'شحن ماكينةمصاري', 1),
(35, '2022-07-18', NULL, 10000.00, 3, NULL, NULL, 19, NULL, NULL, 0, 'شحن ماكينةمصاري', 1),
(36, '2022-07-18', 5500.00, NULL, 4, NULL, 12, NULL, NULL, NULL, 0, 'ايصال دفع رقم 12', 1),
(37, '2022-07-18', NULL, 9000.00, 4, NULL, NULL, 20, NULL, NULL, 0, 'شحن ماكينةBee', 1),
(38, '2022-07-18', NULL, 14700.00, 9, NULL, NULL, NULL, 44, NULL, 0, 'شحن محفظة 010-15807655', 1),
(39, '2022-07-18', NULL, 500.00, 4, NULL, NULL, 21, NULL, NULL, 0, 'شحن ماكينةBee', 1),
(40, '2022-07-18', 15000.00, NULL, 3, NULL, 13, NULL, NULL, NULL, 0, 'ايصال دفع رقم 13', 1),
(41, '2022-07-18', 30300.00, NULL, 8, NULL, 14, NULL, NULL, NULL, 0, 'ايصال دفع رقم 14', 1),
(42, '2022-07-18', NULL, 30300.00, 8, NULL, NULL, NULL, 48, NULL, 0, 'شحن محفظة 010-98562781', 1),
(43, '2022-07-18', 1000.00, NULL, 5, NULL, 15, NULL, NULL, NULL, 0, 'ايصال دفع رقم 15', 1),
(44, '2022-07-19', NULL, 2000.00, 3, NULL, NULL, 22, NULL, NULL, 0, 'شحن ماكينةمصاري', 1),
(45, '2022-07-19', 8000.00, NULL, 7, NULL, 16, NULL, NULL, NULL, 0, 'ايصال دفع رقم 16', 1),
(46, '2022-07-19', 500.00, NULL, 9, NULL, 17, NULL, NULL, NULL, 0, 'ايصال دفع رقم 17', 1),
(47, '2022-07-19', 2000.00, NULL, 3, NULL, 18, NULL, NULL, NULL, 0, 'ايصال دفع رقم 18', 1),
(48, '2022-07-21', 13000.00, NULL, 9, NULL, 19, NULL, NULL, NULL, 0, 'ايصال دفع رقم 19', 1),
(49, '2022-07-21', NULL, 13500.00, 7, NULL, NULL, 24, NULL, NULL, 0, 'شحن ماكينةأمان', 1),
(50, '2022-07-21', NULL, 1000.00, 5, NULL, NULL, 25, NULL, NULL, 0, 'شحن ماكينةOPay', 1),
(51, '2022-07-21', NULL, 4900.00, 9, NULL, NULL, NULL, 55, NULL, 0, 'شحن محفظة 010-98562781', 1),
(52, '2022-07-21', 1500.00, NULL, 9, NULL, 20, NULL, NULL, NULL, 0, 'ايصال دفع رقم 20', 1),
(53, '2022-07-22', 1100.00, NULL, 2, NULL, 21, NULL, NULL, NULL, 0, 'ايصال دفع رقم 21', 1),
(54, '2022-07-22', NULL, 840.00, 2, 2, NULL, NULL, NULL, NULL, 0, 'فاتورة مشتريات رقم  2', 1),
(55, '2022-07-22', 500.00, NULL, 9, NULL, 22, NULL, NULL, NULL, 0, 'ايصال دفع رقم 22', 1),
(56, '2022-07-22', NULL, 8500.00, 10, NULL, NULL, NULL, 56, NULL, 0, 'شحن محفظة 010-14265096', 1),
(57, '2022-07-22', NULL, 1500.00, 4, NULL, NULL, 26, NULL, NULL, 0, 'شحن ماكينةBee', 1),
(58, '2022-07-22', 13500.00, NULL, 7, NULL, 23, NULL, NULL, NULL, 0, 'ايصال دفع رقم 23', 1),
(59, '2022-07-22', NULL, 32000.00, 3, NULL, NULL, 27, NULL, NULL, 0, 'شحن ماكينةمصاري', 1),
(60, '2022-07-22', 30300.00, NULL, 8, NULL, 24, NULL, NULL, NULL, 0, 'ايصال دفع رقم 24', 1),
(61, '2022-07-22', NULL, 30300.00, 8, NULL, NULL, NULL, 60, NULL, 0, 'شحن محفظة 010-15807655', 1),
(62, '2022-07-22', NULL, 1000.00, 3, NULL, NULL, 28, NULL, NULL, 0, 'شحن ماكينةمصاري', 1),
(63, '2022-07-22', NULL, 6250.00, 11, 3, NULL, NULL, NULL, NULL, 0, 'فاتورة مشتريات رقم  3', 1),
(64, '2022-07-23', 2000.00, NULL, 4, NULL, 25, NULL, NULL, NULL, 0, 'ايصال دفع رقم 25', 1),
(65, '2022-07-23', 33000.00, NULL, 3, NULL, 26, NULL, NULL, NULL, 0, 'ايصال دفع رقم 26', 1),
(66, '2022-07-23', 1000.00, NULL, 5, NULL, 27, NULL, NULL, NULL, 0, 'ايصال دفع رقم 27', 1),
(67, '2022-07-23', 1000.00, NULL, 9, NULL, 28, NULL, NULL, NULL, 0, 'ايصال دفع رقم 28', 1),
(68, '2022-07-23', NULL, 11000.00, 7, NULL, NULL, 29, NULL, NULL, 0, 'شحن ماكينةأمان', 1),
(69, '2022-07-26', NULL, 10000.00, 3, NULL, NULL, 30, NULL, NULL, 0, 'شحن ماكينةمصاري', 1),
(70, '2022-07-26', NULL, 1000.00, 3, NULL, NULL, 31, NULL, NULL, 0, 'شحن ماكينةمصاري', 1),
(71, '2022-07-27', NULL, 14000.00, 3, NULL, NULL, 32, NULL, NULL, 0, 'شحن ماكينةمصاري', 1),
(72, '2022-07-27', NULL, 4000.00, 7, NULL, NULL, 33, NULL, NULL, 0, 'شحن ماكينةأمان', 1),
(73, '2022-07-27', 6000.00, NULL, 4, NULL, 29, NULL, NULL, NULL, 0, 'ايصال دفع رقم 29', 1),
(74, '2022-07-27', 8500.00, NULL, 10, NULL, 30, NULL, NULL, NULL, 0, 'ايصال دفع رقم 30', 1),
(75, '2022-07-27', NULL, 500.00, 5, NULL, NULL, 34, NULL, NULL, 0, 'شحن ماكينةOPay', 1),
(76, '2022-07-27', 2000.00, NULL, 4, NULL, 31, NULL, NULL, NULL, 0, 'ايصال دفع رقم 31', 1),
(77, '2022-07-27', 500.00, NULL, 5, NULL, 32, NULL, NULL, NULL, 0, 'ايصال دفع رقم 32', 1),
(78, '2022-07-27', NULL, 8000.00, 4, NULL, NULL, 35, NULL, NULL, 0, 'شحن ماكينةBee', 1),
(79, '2022-07-27', NULL, 500.00, 3, NULL, NULL, 36, NULL, NULL, 0, 'شحن ماكينةمصاري', 1),
(80, '2022-07-27', 18000.00, NULL, 3, NULL, 33, NULL, NULL, NULL, 0, 'ايصال دفع رقم 33', 1),
(81, '2022-07-31', 840.00, NULL, 2, NULL, 34, NULL, NULL, NULL, 0, 'ايصال دفع رقم 34', 1),
(82, '2022-07-31', 10100.00, NULL, 8, NULL, 35, NULL, NULL, NULL, 0, 'ايصال دفع رقم 35', 1),
(83, '2022-07-31', NULL, 2500.00, 3, NULL, NULL, 37, NULL, NULL, 0, 'شحن ماكينةمصاري', 1),
(84, '2022-08-01', NULL, 1000.00, 5, NULL, NULL, 38, NULL, NULL, 0, 'شحن ماكينةOPay', 1);

-- --------------------------------------------------------

--
-- Table structure for table `supplier_type`
--

CREATE TABLE `supplier_type` (
  `id_supplier_type` int(11) NOT NULL,
  `name_supplier_type` varchar(255) DEFAULT NULL
) ENGINE=InnoDB DEFAULT CHARSET=utf8;

--
-- Dumping data for table `supplier_type`
--

INSERT INTO `supplier_type` (`id_supplier_type`, `name_supplier_type`) VALUES
(0, NULL),
(1, 'بضائع'),
(8, 'فودافون كاش'),
(5, 'مندوب Bee'),
(6, 'مندوب Opay'),
(2, 'مندوب امان'),
(3, 'مندوب فوري'),
(4, 'مندوب مصاري');

-- --------------------------------------------------------

--
-- Stand-in structure for view `totalcash`
-- (See below for the actual view)
--
CREATE TABLE `totalcash` (
`id` int(11)
,`Number` varchar(12)
,`FirstBalance` double(10,2)
,`deposit` double(19,2)
,`Withdraw` double(19,2)
,`Send` double(19,2)
,`Receive` double(19,2)
,`NowBalance` double(19,2)
);

-- --------------------------------------------------------

--
-- Table structure for table `type`
--

CREATE TABLE `type` (
  `id_type` int(11) NOT NULL,
  `name_type` varchar(512) NOT NULL
) ENGINE=InnoDB DEFAULT CHARSET=utf8;

--
-- Dumping data for table `type`
--

INSERT INTO `type` (`id_type`, `name_type`) VALUES
(1, 'عامل');

-- --------------------------------------------------------

--
-- Table structure for table `unit`
--

CREATE TABLE `unit` (
  `id` bigint(255) NOT NULL,
  `low` varchar(512) DEFAULT NULL,
  `high` varchar(512) DEFAULT NULL,
  `val` int(11) NOT NULL DEFAULT 1
) ENGINE=InnoDB DEFAULT CHARSET=utf8;

--
-- Dumping data for table `unit`
--

INSERT INTO `unit` (`id`, `low`, `high`, `val`) VALUES
(1, 'قطعة', 'قطعة', 1);

-- --------------------------------------------------------

--
-- Stand-in structure for view `unititems`
-- (See below for the actual view)
--
CREATE TABLE `unititems` (
`id_items` bigint(255)
,`name_items` varchar(255)
,`firstbalance` bigint(255)
,`low` varchar(512)
,`high` varchar(512)
,`val` int(11)
);

-- --------------------------------------------------------

--
-- Table structure for table `users`
--

CREATE TABLE `users` (
  `id_users` int(11) NOT NULL,
  `username` varchar(255) NOT NULL,
  `passwod` bigint(255) NOT NULL
) ENGINE=InnoDB DEFAULT CHARSET=utf8;

--
-- Dumping data for table `users`
--

INSERT INTO `users` (`id_users`, `username`, `passwod`) VALUES
(0, 'applecationProgramer', 1127333021),
(2, '0', 0);

-- --------------------------------------------------------

--
-- Table structure for table `utility_masary`
--

CREATE TABLE `utility_masary` (
  `id_utility_masary` int(11) NOT NULL,
  `name_utility_masary` varchar(512) DEFAULT NULL,
  `note_utility` varchar(512) DEFAULT NULL,
  `cost_by_perse` double(10,2) DEFAULT NULL,
  `price` double NOT NULL,
  `id_pos` int(11) NOT NULL DEFAULT 1
) ENGINE=InnoDB DEFAULT CHARSET=utf8;

--
-- Dumping data for table `utility_masary`
--

INSERT INTO `utility_masary` (`id_utility_masary`, `name_utility_masary`, `note_utility`, `cost_by_perse`, `price`, `id_pos`) VALUES
(20, 'كروت اورنج', 'LE 2.50', 2.50, 3, 1),
(21, 'كروت اورنج', 'LE 5', 5.00, 6, 1),
(22, 'كروت اورنج', 'LE 7', 7.00, 8, 1),
(23, 'كروت اورنج', 'LE 9', 9.00, 10, 1),
(24, 'كروت اورنج', 'LE 10', 10.00, 11, 1),
(25, 'كروت اورنج', 'LE 13.5', 13.50, 15, 1),
(26, 'كروت اورنج', 'LE 15', 15.00, 16, 1),
(27, 'كروت اورنج', 'LE 18.5', 18.50, 20, 1),
(28, 'كروت اورنج', 'LE 20', 20.00, 22, 1),
(29, 'كروت اورنج', 'LE 25', 25.00, 26, 1),
(30, 'كروت اورنج', 'LE 28', 28.00, 30, 1),
(31, 'كروت اورنج', 'LE 35', 35.00, 37, 1),
(32, 'كروت اورنج', 'LE 42', 42.00, 45, 1),
(33, 'كروت اورنج', 'LE 50', 50.00, 52, 1),
(34, 'كروت اورنج', 'LE 100', 100.00, 105, 1),
(35, 'كروت اتصالات', '2.5', 2.50, 3, 1),
(36, 'كروت اتصالات', '5', 5.00, 6, 1),
(37, 'كروت اتصالات', '7', 7.00, 8, 1),
(38, 'كروت اتصالات', '9', 9.00, 10, 1),
(39, 'كروت اتصالات', 'كرت  _ 10', 10.00, 11, 1),
(40, 'كروت اتصالات', '13.5', 13.50, 15, 1),
(41, 'كروت اتصالات', '15', 15.00, 16, 1),
(42, 'كروت اتصالات', '25', 25.00, 26, 1),
(43, 'كروت اتصالات', '30', 30.00, 32, 1),
(44, 'كروت اتصالات', '50', 50.00, 52, 1),
(45, 'كروت اتصالات', '100', 100.00, 105, 1),
(46, 'كروت فودافون', 'فكة 2.5', 2.50, 3, 1),
(47, 'كروت فودافون', 'فكة5', 5.00, 6, 1),
(48, 'كروت فودافون', 'فكة 9', 9.00, 10, 1),
(49, 'كروت فودافون', 'فكة 10', 10.00, 11, 1),
(50, 'كروت فودافون', 'فكة 13.5', 13.50, 15, 1),
(51, 'كروت فودافون', 'فكة 15', 15.00, 16, 1),
(52, 'كروت فودافون', 'كارت 10', 10.00, 11, 1),
(53, 'كروت فودافون', 'كارت 15', 15.00, 16, 1),
(54, 'كروت فودافون', 'كارت 25', 25.00, 26, 1),
(55, 'كروت فودافون', 'كارت 50', 50.00, 52, 1),
(56, 'كروت فودافون', 'كارت 100', 100.00, 105, 1),
(57, 'كروت WE', '5 كارت', 5.00, 6, 1),
(58, 'كروت WE', '7 كارت', 7.00, 8, 1),
(59, 'كروت WE', '9 كارت', 9.00, 10, 1),
(60, 'كروت WE', '10 كارت', 10.00, 11, 1),
(61, 'كروت WE', '15 كارت', 15.00, 16, 1),
(62, 'كروت WE', '25 كارت', 25.00, 26, 1),
(63, 'كروت WE', '30 كارت', 30.00, 32, 1),
(64, 'كروت WE', '40 كارت', 40.00, 42, 1),
(65, 'كروت WE', '50 كارت', 50.00, 52, 1),
(66, 'كروت WE', '60 كارت', 60.00, 65, 1),
(67, 'كروت WE', '75 كارت', 75.00, 80, 1),
(69, 'كروت WE', '100 كارت', 100.00, 105, 1),
(70, 'كروت WE', '150 كارت', 150.00, 155, 1),
(71, 'اتصالات حكاية', 'حكاية 25', 25.00, 30, 1),
(72, 'شحن', 'شحن اتصالات', 1.43, 1.5, 1),
(73, 'شحن', 'شحن اتصالات', 1.43, 1.5, 2),
(74, 'شحن', 'شحن اورنج', 1.43, 1.5, 2),
(75, 'شحن', 'شحن وي', 1.00, 1, 2),
(76, 'كروت اتصالات', 'كرت  _ 10', 10.00, 11, 2),
(77, 'كروت اتصالات', 'كرت  _ 10', 10.00, 11, 3),
(78, 'كروت اتصالات', 'كرت  _ 10', 10.00, 11, 4),
(79, 'كروت اتصالات', 'كرت  _ 10', 10.00, 11, 5),
(80, 'فودافون كاش', 'ايداع', 1.00, 1, 1),
(81, 'فودافون كاش', 'ايداع', 1.00, 1, 2),
(82, 'فودافون كاش', 'ايداع', 1.00, 1, 3),
(83, 'فودافون كاش', 'ايداع', 1.00, 1, 5),
(84, 'فودافون كاش', 'سحب', 1.00, 0.01, 1),
(85, 'فودافون كاش', 'سحب', 1.00, 0.01, 2),
(86, 'فودافون كاش', 'سحب', 1.00, 0.01, 3),
(87, 'فودافون كاش', 'سحب', 1.00, 0.01, 5),
(88, 'شحن', 'شحن فودافون', 1.43, 1.5, 1),
(89, 'شحن', 'شحن اورنج', 1.43, 1.5, 1),
(90, 'شحن', 'شحن WE', 1.00, 1, 1),
(91, 'شحن', 'شحن فودافون', 1.43, 1.5, 2),
(93, 'اتصالات حكاية', 'حكاية _ 35', 1.00, 1, 2),
(94, 'اتصالات حكاية', 'حكاية _ 25', 1.00, 1, 2),
(95, 'شحن', 'وي انترنت منزلي', 1.00, 1, 2),
(96, 'سداد قروض', 'قرض تمويلي', 1.00, 1, 2),
(97, 'كروت WE', 'كرت 15', 15.00, 15, 4),
(98, 'اتصالات حكاية', 'حكاية 50', 1.00, 1, 2),
(99, 'اتصالات حكاية', 'حكاية 65', 65.00, 65, 1),
(101, 'فواتير النت و الارضي', 'فاتورة TEDATA', 0.00, 0, 1),
(102, 'اتصالات حكاية', 'حكاية 50', 50.00, 55, 1),
(103, 'فواتير النت و الارضي', 'فاتورة النت وي', 0.00, 0, 2),
(104, 'مرافق عامة', 'شحن كروت الكهرباء', 1.00, 1.05, 1),
(105, 'مرافق عامة', 'شحن كروت الكهرباء', 1.00, 1.05, 5),
(106, 'كروت اتصالات', 'كرت 100', 100.00, 105, 4),
(107, 'كروت اتصالات', 'كرت 5', 5.00, 5, 4),
(108, 'اتصالات حكاية', 'حكاية 25', 25.00, 30, 4),
(109, 'كروت فودافون', 'كرت 10', 10.00, 10, 5),
(110, 'شحن', 'شحن اتصالات', 1.43, 1.5, 5),
(111, 'كروت WE', 'كرت 30', 30.00, 30, 5),
(112, 'اتصالات حكاية', 'حكاية 35', 35.00, 40, 1),
(113, 'فواتير', 'فواتير اورنج', 0.00, 0, 2),
(114, 'كروت اتصالات', 'كرت 15', 15.00, 16, 5),
(115, 'كروت اتصالات', 'كرت 9', 9.00, 10, 4),
(116, 'شحن', 'شحن اتصالات', 1.43, 1.5, 4),
(117, 'شحن', 'شحن فودافون', 1.43, 1.43, 4),
(118, 'شحن', 'شحن اورنج', 1.43, 1.5, 4),
(119, 'شحن', 'شحن وي', 1.00, 1, 4),
(120, 'كروت اتصالات', 'كرت 7', 7.00, 8, 5),
(121, 'اتصالات حكاية', 'حكاية 65', 65.00, 70, 5),
(122, 'اتصالات حكاية', 'حكاية 100', 100.00, 105, 2),
(123, 'كروت اتصالات', 'كرت 5', 5.00, 5, 2),
(124, 'فواتير', 'امان اكسبت', 0.00, 0, 5);

-- --------------------------------------------------------

--
-- Table structure for table `vf_cash`
--

CREATE TABLE `vf_cash` (
  `id_VF_cash` int(11) NOT NULL,
  `number_VF_cash` varchar(12) DEFAULT NULL,
  `name_owner` varchar(255) NOT NULL,
  `id_international` varchar(14) NOT NULL,
  `sim` varchar(22) DEFAULT NULL,
  `balance` double(10,2) DEFAULT 0.00
) ENGINE=InnoDB DEFAULT CHARSET=utf8;

--
-- Dumping data for table `vf_cash`
--

INSERT INTO `vf_cash` (`id_VF_cash`, `number_VF_cash`, `name_owner`, `id_international`, `sim`, `balance`) VALUES
(1, '010-14864061', 'احمد بغدادي جاد عثمان', '29804222800197', '89200-22022-89364-0978', 0.00),
(2, '010-32064920', 'اشرف محمد احمد محمد', '28710022800194', '89200-22022-81925-1975', 0.00),
(3, '010-91527705', '', '              ', '89200-     -     -    ', 0.00),
(4, '010-14265096', '', '              ', '89200-     -     -    ', 0.00),
(5, '010-15807655', '', '              ', '89200-     -     -    ', 0.00),
(6, '010-98562781', '', '              ', '89200-     -     -    ', 0.00),
(7, '010-63734635', '', '              ', '89200-     -     -    ', 0.00);

-- --------------------------------------------------------

--
-- Table structure for table `vf_transaction_po`
--

CREATE TABLE `vf_transaction_po` (
  `id_transaction` int(11) NOT NULL,
  `date_transaction` date DEFAULT curdate(),
  `time_transaction` time DEFAULT curtime(),
  `type_transaction` enum('Deposit','Withdraw') DEFAULT NULL,
  `id_VF_cash` int(11) DEFAULT NULL,
  `id_pos` int(11) DEFAULT NULL,
  `price` double(10,2) DEFAULT NULL,
  `id_masary_pay` int(11) DEFAULT NULL,
  `id_masary_sell` int(11) DEFAULT NULL
) ENGINE=InnoDB DEFAULT CHARSET=utf8;

--
-- Dumping data for table `vf_transaction_po`
--

INSERT INTO `vf_transaction_po` (`id_transaction`, `date_transaction`, `time_transaction`, `type_transaction`, `id_VF_cash`, `id_pos`, `price`, `id_masary_pay`, `id_masary_sell`) VALUES
(2, '2022-07-12', '20:52:26', 'Deposit', 2, 5, 300.00, 69, NULL),
(3, '2022-07-15', '18:05:47', 'Withdraw', 3, 1, 1999.80, NULL, 11),
(4, '2022-07-16', '00:51:52', 'Deposit', 3, 1, 623.00, 238, NULL),
(5, '2022-07-16', '16:01:14', 'Deposit', 2, 5, 1251.00, 255, NULL),
(6, '2022-07-16', '19:23:39', 'Deposit', 2, 5, 120.00, 260, NULL),
(7, '2022-07-16', '20:04:20', 'Deposit', 2, 5, 5000.00, 267, NULL),
(8, '2022-07-16', '22:54:08', 'Deposit', 2, 5, 5000.00, 274, NULL),
(9, '2022-07-17', '18:10:25', 'Deposit', 2, 1, 10112.00, 287, NULL),
(10, '2022-07-17', '18:20:01', 'Deposit', 1, 1, 5000.00, 292, NULL),
(11, '2022-07-17', '19:48:18', 'Deposit', 1, 1, 2575.00, 298, NULL),
(12, '2022-07-17', '21:09:41', 'Deposit', 1, 1, 350.00, 313, NULL),
(13, '2022-07-18', '10:37:42', 'Deposit', 4, 1, 175.00, 335, NULL),
(14, '2022-07-18', '10:54:42', 'Deposit', 4, 1, 5000.00, 342, NULL),
(15, '2022-07-18', '17:44:52', 'Deposit', 4, 1, 6950.00, 350, NULL),
(16, '2022-07-18', '21:17:49', 'Deposit', 5, 2, 5830.00, 367, NULL),
(17, '2022-07-18', '21:19:09', 'Deposit', 5, 2, 2700.00, 368, NULL),
(18, '2022-07-18', '22:22:01', 'Deposit', 5, 2, 140.00, 370, NULL),
(19, '2022-07-19', '00:42:09', 'Deposit', 5, 1, 200.00, 392, NULL),
(20, '2022-07-19', '23:19:21', 'Deposit', 6, 1, 300.00, 425, NULL),
(21, '2022-07-22', '18:59:19', 'Deposit', 4, 1, 30000.00, 435, NULL),
(22, '2022-07-23', '23:03:06', 'Deposit', 4, 5, 11149.00, 476, NULL),
(23, '2022-07-27', '15:22:24', 'Deposit', 4, 5, 4000.00, 480, NULL),
(24, '2022-07-27', '18:06:48', 'Deposit', 4, 2, 7820.00, 491, NULL),
(25, '2022-08-01', '01:06:44', 'Deposit', 7, 1, 2600.00, 499, NULL);

-- --------------------------------------------------------

--
-- Table structure for table `workgroup`
--

CREATE TABLE `workgroup` (
  `id_workgroup` int(11) NOT NULL,
  `name_workgroup` varchar(255) NOT NULL,
  `id_deal` int(11) DEFAULT NULL,
  `isActive` bit(1) NOT NULL DEFAULT b'0'
) ENGINE=InnoDB DEFAULT CHARSET=utf8;

--
-- Dumping data for table `workgroup`
--

INSERT INTO `workgroup` (`id_workgroup`, `name_workgroup`, `id_deal`, `isActive`) VALUES
(1, 'شغل محمد الغربال القديم', 1, b'0');

-- --------------------------------------------------------

--
-- Structure for view `calcbalanceitems`
--
DROP TABLE IF EXISTS `calcbalanceitems`;

CREATE ALGORITHM=UNDEFINED DEFINER=`root`@`localhost` SQL SECURITY DEFINER VIEW `calcbalanceitems`  AS  select (select coalesce(sum(`sales`.`qyt`),0) from `itemsonsalesinvoice` `sales` where `sales`.`id_items` = `i`.`id_items`) AS `sales`,(select coalesce(sum(`purchase`.`qyt`),0) from `itemsonpurchaseinvoice` `purchase` where `purchase`.`id_items` = `i`.`id_items`) AS `purchase`,`i`.`firstbalance` AS `firstbalance`,(select `i`.`firstbalance` + `purchase` - `sales`) AS `balance`,`i`.`name_items` AS `name_items`,`i`.`id_items` AS `id_items` from `items` `i` ;

-- --------------------------------------------------------

--
-- Structure for view `calcbalance_purchase`
--
DROP TABLE IF EXISTS `calcbalance_purchase`;

CREATE ALGORITHM=UNDEFINED DEFINER=`root`@`localhost` SQL SECURITY DEFINER VIEW `calcbalance_purchase`  AS  select `items`.`id_items` AS `id`,`items`.`name_items` AS `name_items`,sum(case when `p`.`name_items` = (select `un`.`low` from `unititems` `un` where `un`.`id_items` = `p`.`id_items`) then `p`.`qyt` / (select `un`.`val` from `unititems` `un` where `un`.`id_items` = `p`.`id_items`) else `p`.`qyt` end) AS `qyt_pursh`,`items`.`firstbalance` AS `firstbalance` from (`items` join `itemsonpurchaseinvoice` `p` on(`p`.`id_items` = `items`.`id_items`)) group by `items`.`id_items` order by `items`.`id_items` ;

-- --------------------------------------------------------

--
-- Structure for view `calcbalance_sales`
--
DROP TABLE IF EXISTS `calcbalance_sales`;

CREATE ALGORITHM=UNDEFINED DEFINER=`root`@`localhost` SQL SECURITY DEFINER VIEW `calcbalance_sales`  AS  select `items`.`id_items` AS `id`,`items`.`name_items` AS `name_items`,sum(case when `i`.`name_unit` = (select `un`.`low` from `unititems` `un` where `un`.`id_items` = `i`.`id_items`) then `i`.`qyt` / (select `u`.`val` from `unititems` `u` where `u`.`id_items` = `i`.`id_items`) else `i`.`qyt` end) AS `qyt_sales`,`items`.`firstbalance` AS `firstbalance` from (`items` join `itemsonsalesinvoice` `i` on(`i`.`id_items` = `items`.`id_items`)) group by `items`.`id_items` order by `items`.`id_items` ;

-- --------------------------------------------------------

--
-- Structure for view `cashertwobalance`
--
DROP TABLE IF EXISTS `cashertwobalance`;

CREATE ALGORITHM=UNDEFINED DEFINER=`root`@`localhost` SQL SECURITY DEFINER VIEW `cashertwobalance`  AS  select sum(`c`.`Debit`) - sum(`c`.`Creditor`) AS `Balance` from `cashertwo` `c` ;

-- --------------------------------------------------------

--
-- Structure for view `debitandcreditorclient`
--
DROP TABLE IF EXISTS `debitandcreditorclient`;

CREATE ALGORITHM=UNDEFINED DEFINER=`root`@`localhost` SQL SECURITY DEFINER VIEW `debitandcreditorclient`  AS  select `ac`.`date_ClientAccount` AS `date_ClientAccount`,`ac`.`Debit` AS `Debit`,`ac`.`Creditor` AS `Creditor`,`ac`.`id_client` AS `id_client`,`c`.`name_client` AS `name_client`,`ac`.`id_salesInvoic` AS `id_salesInvoic`,`ac`.`id_Receipt` AS `id_Receipt`,`ac`.`note` AS `note` from (`clientaccount` `ac` join `client` `c` on(`ac`.`id_client` = `c`.`id_client`)) where `ac`.`isActive` = 1 ;

-- --------------------------------------------------------

--
-- Structure for view `debitandcreditorsupplier`
--
DROP TABLE IF EXISTS `debitandcreditorsupplier`;

CREATE ALGORITHM=UNDEFINED DEFINER=`root`@`localhost` SQL SECURITY DEFINER VIEW `debitandcreditorsupplier`  AS  select `ac`.`date_suppliersAccount` AS `date_suppliersAccount`,`ac`.`Debit` AS `Debit`,`ac`.`Creditor` AS `Creditor`,`ac`.`id_Suppliers` AS `id_Suppliers`,`sup`.`name_Suppliers` AS `name_Suppliers`,`ac`.`id_purchaseInvoice` AS `id_purchaseInvoice`,`ac`.`id_paymentReceipt` AS `id_paymentReceipt`,`ac`.`note` AS `note` from (`suppliersaccount` `ac` join `suppliers` `sup` on(`ac`.`id_Suppliers` = `sup`.`id_Suppliers`)) where `ac`.`isActive` = 1 ;

-- --------------------------------------------------------

--
-- Structure for view `totalcash`
--
DROP TABLE IF EXISTS `totalcash`;

CREATE ALGORITHM=UNDEFINED DEFINER=`root`@`localhost` SQL SECURITY DEFINER VIEW `totalcash`  AS  select `v`.`id_VF_cash` AS `id`,`v`.`number_VF_cash` AS `Number`,`v`.`balance` AS `FirstBalance`,(select ifnull(sum(`trans1`.`price`),0) from `vf_transaction_po` `trans1` where `v`.`id_VF_cash` = `trans1`.`id_VF_cash` and `trans1`.`type_transaction` = 'Deposit') AS `deposit`,(select ifnull(sum(`trans2`.`price`),0) from `vf_transaction_po` `trans2` where `v`.`id_VF_cash` = `trans2`.`id_VF_cash` and `trans2`.`type_transaction` = 'Withdraw') AS `Withdraw`,(select ifnull(sum(`sr1`.`value_Send_Receive`),0) from `send_receive` `sr1` where `v`.`id_VF_cash` = `sr1`.`id_VF_cash` and `sr1`.`type_Send_Receive` = 'Send') AS `Send`,(select ifnull(sum(`sr2`.`value_Send_Receive`),0) from `send_receive` `sr2` where `v`.`id_VF_cash` = `sr2`.`id_VF_cash` and `sr2`.`type_Send_Receive` = 'Receive') AS `Receive`,(select `v`.`balance` + `deposit` - `Withdraw` + `Receive` - `Send`) AS `NowBalance` from ((`vf_cash` `v` left join `vf_transaction_po` `trans` on(`v`.`id_VF_cash` = `trans`.`id_VF_cash`)) left join `send_receive` `sr` on(`v`.`id_VF_cash` = `sr`.`id_VF_cash`)) group by `v`.`id_VF_cash` ;

-- --------------------------------------------------------

--
-- Structure for view `unititems`
--
DROP TABLE IF EXISTS `unititems`;

CREATE ALGORITHM=UNDEFINED DEFINER=`root`@`localhost` SQL SECURITY DEFINER VIEW `unititems`  AS  (select `i`.`id_items` AS `id_items`,`i`.`name_items` AS `name_items`,`i`.`firstbalance` AS `firstbalance`,`u`.`low` AS `low`,`u`.`high` AS `high`,`u`.`val` AS `val` from (`items` `i` join `unit` `u` on(`i`.`id` = `u`.`id`))) ;

--
-- Indexes for dumped tables
--

--
-- Indexes for table `account`
--
ALTER TABLE `account`
  ADD PRIMARY KEY (`id_account`),
  ADD KEY `id_type` (`id_type`);

--
-- Indexes for table `accountworkgroup`
--
ALTER TABLE `accountworkgroup`
  ADD PRIMARY KEY (`id_account`,`id_workgroup`),
  ADD KEY `Constr_work_fk` (`id_workgroup`);

--
-- Indexes for table `assets`
--
ALTER TABLE `assets`
  ADD PRIMARY KEY (`id_assets`),
  ADD KEY `fk_work` (`id_workgroup`),
  ADD KEY `fk_clear` (`id_clear`);

--
-- Indexes for table `casher`
--
ALTER TABLE `casher`
  ADD PRIMARY KEY (`id_casher`),
  ADD KEY `fk_user` (`id_users`);

--
-- Indexes for table `cashertwo`
--
ALTER TABLE `cashertwo`
  ADD PRIMARY KEY (`id_CasherTwo`);

--
-- Indexes for table `categoryutilites`
--
ALTER TABLE `categoryutilites`
  ADD PRIMARY KEY (`id_category`);

--
-- Indexes for table `clear`
--
ALTER TABLE `clear`
  ADD PRIMARY KEY (`id_clear`);

--
-- Indexes for table `client`
--
ALTER TABLE `client`
  ADD PRIMARY KEY (`id_client`);

--
-- Indexes for table `clientaccount`
--
ALTER TABLE `clientaccount`
  ADD PRIMARY KEY (`id_ClientAccount`),
  ADD KEY `id_salesInvoic` (`id_salesInvoic`),
  ADD KEY `id_client` (`id_client`),
  ADD KEY `id_Receipt` (`id_Receipt`),
  ADD KEY `fk_masary` (`id_masary_pay`);

--
-- Indexes for table `creditors`
--
ALTER TABLE `creditors`
  ADD PRIMARY KEY (`id_credit`),
  ADD KEY `id_account` (`id_account`),
  ADD KEY `fk_clear2` (`id_clear`);

--
-- Indexes for table `deal`
--
ALTER TABLE `deal`
  ADD PRIMARY KEY (`id_deal`);

--
-- Indexes for table `deficiency_excess`
--
ALTER TABLE `deficiency_excess`
  ADD PRIMARY KEY (`id_deficiency_excess`);

--
-- Indexes for table `expens`
--
ALTER TABLE `expens`
  ADD PRIMARY KEY (`id_expens`),
  ADD KEY `id_workgroup` (`id_workgroup`),
  ADD KEY `fk_clear_exp` (`id_clear`),
  ADD KEY `fk_supplierExpens` (`id_Suppliers`);

--
-- Indexes for table `expensescategory`
--
ALTER TABLE `expensescategory`
  ADD PRIMARY KEY (`id_expensesCategory`),
  ADD UNIQUE KEY `name_expensesCategory` (`name_expensesCategory`);

--
-- Indexes for table `exports`
--
ALTER TABLE `exports`
  ADD PRIMARY KEY (`id_exports`),
  ADD KEY `id_account` (`id_account`),
  ADD KEY `fk_supllier_export` (`id_Suppliers`);

--
-- Indexes for table `fees`
--
ALTER TABLE `fees`
  ADD PRIMARY KEY (`id_fees`),
  ADD KEY `id_expensesCategory` (`id_expensesCategory`);

--
-- Indexes for table `finallyday`
--
ALTER TABLE `finallyday`
  ADD PRIMARY KEY (`dateFinally`);

--
-- Indexes for table `imports`
--
ALTER TABLE `imports`
  ADD PRIMARY KEY (`id_import`),
  ADD KEY `id_workgroup` (`id_workgroup`),
  ADD KEY `fk_clear_im` (`id_clear`);

--
-- Indexes for table `items`
--
ALTER TABLE `items`
  ADD PRIMARY KEY (`id_items`),
  ADD UNIQUE KEY `namtitm` (`name_items`),
  ADD KEY `fkitemsunit` (`id`);

--
-- Indexes for table `itemsonpurchaseinvoice`
--
ALTER TABLE `itemsonpurchaseinvoice`
  ADD KEY `id_items` (`id_items`),
  ADD KEY `id_purchaseInvoice` (`id_purchaseInvoice`);

--
-- Indexes for table `itemsonsalesinvoice`
--
ALTER TABLE `itemsonsalesinvoice`
  ADD KEY `id_items` (`id_items`),
  ADD KEY `id_salesInvoic` (`id_salesInvoic`);

--
-- Indexes for table `masary_pay`
--
ALTER TABLE `masary_pay`
  ADD PRIMARY KEY (`id_masary_pay`),
  ADD KEY `id_utility_masary` (`id_utility_masary`),
  ADD KEY `id_client` (`id_client`),
  ADD KEY `fk_pos` (`id_pos`);

--
-- Indexes for table `masary_sell`
--
ALTER TABLE `masary_sell`
  ADD PRIMARY KEY (`id_masary_sell`),
  ADD KEY `id_Suppliers` (`id_Suppliers`),
  ADD KEY `fk_pos_sell` (`id_pos`),
  ADD KEY `fk_recharge_type` (`id_recharge_type`),
  ADD KEY `fk_vf_cash` (`id_VF_cash`);

--
-- Indexes for table `notifcation`
--
ALTER TABLE `notifcation`
  ADD PRIMARY KEY (`id_notifcation`),
  ADD KEY `id_solf` (`id_Solf`);

--
-- Indexes for table `ohda`
--
ALTER TABLE `ohda`
  ADD PRIMARY KEY (`id_ohda`);

--
-- Indexes for table `paydebt`
--
ALTER TABLE `paydebt`
  ADD PRIMARY KEY (`id_paydebt`),
  ADD KEY `id_Solf` (`id_Solf`);

--
-- Indexes for table `paymentreceipt`
--
ALTER TABLE `paymentreceipt`
  ADD PRIMARY KEY (`id_PaymentReceipt`),
  ADD KEY `id_Suppliers` (`id_Suppliers`);

--
-- Indexes for table `phone_numbers`
--
ALTER TABLE `phone_numbers`
  ADD PRIMARY KEY (`id_phone_number`),
  ADD UNIQUE KEY `numbers` (`numbers`);

--
-- Indexes for table `pos`
--
ALTER TABLE `pos`
  ADD PRIMARY KEY (`id_pos`);

--
-- Indexes for table `priselist`
--
ALTER TABLE `priselist`
  ADD PRIMARY KEY (`id_priceList`),
  ADD KEY `pricelist_fk1` (`id_items`);

--
-- Indexes for table `purchaseinvoice`
--
ALTER TABLE `purchaseinvoice`
  ADD PRIMARY KEY (`id_purchaseInvoice`),
  ADD KEY `id_Suppliers` (`id_Suppliers`);

--
-- Indexes for table `receipt`
--
ALTER TABLE `receipt`
  ADD PRIMARY KEY (`id_Receipt`),
  ADD KEY `id_client` (`id_client`);

--
-- Indexes for table `recharge_type`
--
ALTER TABLE `recharge_type`
  ADD PRIMARY KEY (`id_recharge_type`);

--
-- Indexes for table `salesinvoic`
--
ALTER TABLE `salesinvoic`
  ADD PRIMARY KEY (`id_salesInvoic`),
  ADD KEY `id_client` (`id_client`);

--
-- Indexes for table `send_receive`
--
ALTER TABLE `send_receive`
  ADD PRIMARY KEY (`id_Send_Receive`),
  ADD KEY `id_Suppliers` (`id_Suppliers`),
  ADD KEY `id_client` (`id_client`),
  ADD KEY `id_VF_cash` (`id_VF_cash`);

--
-- Indexes for table `solf`
--
ALTER TABLE `solf`
  ADD PRIMARY KEY (`id_Solf`);

--
-- Indexes for table `suppliers`
--
ALTER TABLE `suppliers`
  ADD PRIMARY KEY (`id_Suppliers`),
  ADD KEY `fk_supplier_type` (`id_supplier_type`);

--
-- Indexes for table `suppliersaccount`
--
ALTER TABLE `suppliersaccount`
  ADD PRIMARY KEY (`id_supplliersAccount`),
  ADD KEY `id_Suppliers` (`id_Suppliers`),
  ADD KEY `id_purchaseInvoice` (`id_purchaseInvoice`),
  ADD KEY `id_paymentReceipt` (`id_paymentReceipt`),
  ADD KEY `fk_masary_account` (`id_masary_sell`);

--
-- Indexes for table `supplier_type`
--
ALTER TABLE `supplier_type`
  ADD PRIMARY KEY (`id_supplier_type`),
  ADD UNIQUE KEY `name_supplier_type` (`name_supplier_type`);

--
-- Indexes for table `type`
--
ALTER TABLE `type`
  ADD PRIMARY KEY (`id_type`);

--
-- Indexes for table `unit`
--
ALTER TABLE `unit`
  ADD PRIMARY KEY (`id`);

--
-- Indexes for table `users`
--
ALTER TABLE `users`
  ADD PRIMARY KEY (`id_users`);

--
-- Indexes for table `utility_masary`
--
ALTER TABLE `utility_masary`
  ADD PRIMARY KEY (`id_utility_masary`),
  ADD KEY `fk_pos_utiltiy` (`id_pos`);

--
-- Indexes for table `vf_cash`
--
ALTER TABLE `vf_cash`
  ADD PRIMARY KEY (`id_VF_cash`),
  ADD UNIQUE KEY `number_VF_cash` (`number_VF_cash`);

--
-- Indexes for table `vf_transaction_po`
--
ALTER TABLE `vf_transaction_po`
  ADD PRIMARY KEY (`id_transaction`),
  ADD KEY `id_VF_cash` (`id_VF_cash`),
  ADD KEY `id_pos` (`id_pos`),
  ADD KEY `id_masary_pay` (`id_masary_pay`),
  ADD KEY `id_masary_sell` (`id_masary_sell`);

--
-- Indexes for table `workgroup`
--
ALTER TABLE `workgroup`
  ADD PRIMARY KEY (`id_workgroup`),
  ADD KEY `fkdeal` (`id_deal`);

--
-- AUTO_INCREMENT for dumped tables
--

--
-- AUTO_INCREMENT for table `assets`
--
ALTER TABLE `assets`
  MODIFY `id_assets` int(11) NOT NULL AUTO_INCREMENT;

--
-- AUTO_INCREMENT for table `casher`
--
ALTER TABLE `casher`
  MODIFY `id_casher` bigint(255) NOT NULL AUTO_INCREMENT, AUTO_INCREMENT=825;

--
-- AUTO_INCREMENT for table `cashertwo`
--
ALTER TABLE `cashertwo`
  MODIFY `id_CasherTwo` int(11) NOT NULL AUTO_INCREMENT, AUTO_INCREMENT=35;

--
-- AUTO_INCREMENT for table `categoryutilites`
--
ALTER TABLE `categoryutilites`
  MODIFY `id_category` int(11) NOT NULL AUTO_INCREMENT, AUTO_INCREMENT=16;

--
-- AUTO_INCREMENT for table `clientaccount`
--
ALTER TABLE `clientaccount`
  MODIFY `id_ClientAccount` bigint(255) NOT NULL AUTO_INCREMENT, AUTO_INCREMENT=77;

--
-- AUTO_INCREMENT for table `deficiency_excess`
--
ALTER TABLE `deficiency_excess`
  MODIFY `id_deficiency_excess` int(11) NOT NULL AUTO_INCREMENT, AUTO_INCREMENT=11;

--
-- AUTO_INCREMENT for table `expens`
--
ALTER TABLE `expens`
  MODIFY `id_expens` int(11) NOT NULL AUTO_INCREMENT, AUTO_INCREMENT=2;

--
-- AUTO_INCREMENT for table `expensescategory`
--
ALTER TABLE `expensescategory`
  MODIFY `id_expensesCategory` int(11) NOT NULL AUTO_INCREMENT, AUTO_INCREMENT=4;

--
-- AUTO_INCREMENT for table `exports`
--
ALTER TABLE `exports`
  MODIFY `id_exports` int(11) NOT NULL AUTO_INCREMENT, AUTO_INCREMENT=3;

--
-- AUTO_INCREMENT for table `fees`
--
ALTER TABLE `fees`
  MODIFY `id_fees` int(11) NOT NULL AUTO_INCREMENT, AUTO_INCREMENT=25;

--
-- AUTO_INCREMENT for table `imports`
--
ALTER TABLE `imports`
  MODIFY `id_import` int(11) NOT NULL AUTO_INCREMENT, AUTO_INCREMENT=2;

--
-- AUTO_INCREMENT for table `masary_pay`
--
ALTER TABLE `masary_pay`
  MODIFY `id_masary_pay` int(11) NOT NULL AUTO_INCREMENT, AUTO_INCREMENT=516;

--
-- AUTO_INCREMENT for table `masary_sell`
--
ALTER TABLE `masary_sell`
  MODIFY `id_masary_sell` int(11) NOT NULL AUTO_INCREMENT, AUTO_INCREMENT=39;

--
-- AUTO_INCREMENT for table `notifcation`
--
ALTER TABLE `notifcation`
  MODIFY `id_notifcation` int(11) NOT NULL AUTO_INCREMENT, AUTO_INCREMENT=22;

--
-- AUTO_INCREMENT for table `ohda`
--
ALTER TABLE `ohda`
  MODIFY `id_ohda` int(11) NOT NULL AUTO_INCREMENT;

--
-- AUTO_INCREMENT for table `paydebt`
--
ALTER TABLE `paydebt`
  MODIFY `id_paydebt` int(11) NOT NULL AUTO_INCREMENT, AUTO_INCREMENT=38;

--
-- AUTO_INCREMENT for table `phone_numbers`
--
ALTER TABLE `phone_numbers`
  MODIFY `id_phone_number` int(11) NOT NULL AUTO_INCREMENT, AUTO_INCREMENT=30;

--
-- AUTO_INCREMENT for table `pos`
--
ALTER TABLE `pos`
  MODIFY `id_pos` int(11) NOT NULL AUTO_INCREMENT, AUTO_INCREMENT=6;

--
-- AUTO_INCREMENT for table `purchaseinvoice`
--
ALTER TABLE `purchaseinvoice`
  MODIFY `id_purchaseInvoice` bigint(255) NOT NULL AUTO_INCREMENT, AUTO_INCREMENT=4;

--
-- AUTO_INCREMENT for table `recharge_type`
--
ALTER TABLE `recharge_type`
  MODIFY `id_recharge_type` int(11) NOT NULL AUTO_INCREMENT, AUTO_INCREMENT=4;

--
-- AUTO_INCREMENT for table `send_receive`
--
ALTER TABLE `send_receive`
  MODIFY `id_Send_Receive` int(11) NOT NULL AUTO_INCREMENT, AUTO_INCREMENT=71;

--
-- AUTO_INCREMENT for table `solf`
--
ALTER TABLE `solf`
  MODIFY `id_Solf` int(11) NOT NULL AUTO_INCREMENT, AUTO_INCREMENT=21;

--
-- AUTO_INCREMENT for table `suppliersaccount`
--
ALTER TABLE `suppliersaccount`
  MODIFY `id_supplliersAccount` bigint(255) NOT NULL AUTO_INCREMENT, AUTO_INCREMENT=85;

--
-- AUTO_INCREMENT for table `supplier_type`
--
ALTER TABLE `supplier_type`
  MODIFY `id_supplier_type` int(11) NOT NULL AUTO_INCREMENT, AUTO_INCREMENT=9;

--
-- AUTO_INCREMENT for table `users`
--
ALTER TABLE `users`
  MODIFY `id_users` int(11) NOT NULL AUTO_INCREMENT, AUTO_INCREMENT=3;

--
-- AUTO_INCREMENT for table `utility_masary`
--
ALTER TABLE `utility_masary`
  MODIFY `id_utility_masary` int(11) NOT NULL AUTO_INCREMENT, AUTO_INCREMENT=125;

--
-- AUTO_INCREMENT for table `vf_cash`
--
ALTER TABLE `vf_cash`
  MODIFY `id_VF_cash` int(11) NOT NULL AUTO_INCREMENT, AUTO_INCREMENT=8;

--
-- AUTO_INCREMENT for table `vf_transaction_po`
--
ALTER TABLE `vf_transaction_po`
  MODIFY `id_transaction` int(11) NOT NULL AUTO_INCREMENT, AUTO_INCREMENT=26;

--
-- Constraints for dumped tables
--

--
-- Constraints for table `account`
--
ALTER TABLE `account`
  ADD CONSTRAINT `account_ibfk_2` FOREIGN KEY (`id_type`) REFERENCES `type` (`id_type`);

--
-- Constraints for table `accountworkgroup`
--
ALTER TABLE `accountworkgroup`
  ADD CONSTRAINT `Constr_account_fk` FOREIGN KEY (`id_account`) REFERENCES `account` (`id_account`) ON DELETE CASCADE ON UPDATE CASCADE,
  ADD CONSTRAINT `Constr_work_fk` FOREIGN KEY (`id_workgroup`) REFERENCES `workgroup` (`id_workgroup`) ON DELETE CASCADE ON UPDATE CASCADE;

--
-- Constraints for table `assets`
--
ALTER TABLE `assets`
  ADD CONSTRAINT `fk_clear` FOREIGN KEY (`id_clear`) REFERENCES `clear` (`id_clear`),
  ADD CONSTRAINT `fk_work` FOREIGN KEY (`id_workgroup`) REFERENCES `workgroup` (`id_workgroup`);

--
-- Constraints for table `casher`
--
ALTER TABLE `casher`
  ADD CONSTRAINT `fk_user` FOREIGN KEY (`id_users`) REFERENCES `users` (`id_users`);

--
-- Constraints for table `clientaccount`
--
ALTER TABLE `clientaccount`
  ADD CONSTRAINT `clientaccount_ibfk_1` FOREIGN KEY (`id_salesInvoic`) REFERENCES `salesinvoic` (`id_salesInvoic`),
  ADD CONSTRAINT `clientaccount_ibfk_2` FOREIGN KEY (`id_client`) REFERENCES `client` (`id_client`),
  ADD CONSTRAINT `clientaccount_ibfk_3` FOREIGN KEY (`id_Receipt`) REFERENCES `receipt` (`id_Receipt`),
  ADD CONSTRAINT `fk_masary` FOREIGN KEY (`id_masary_pay`) REFERENCES `masary_pay` (`id_masary_pay`);

--
-- Constraints for table `creditors`
--
ALTER TABLE `creditors`
  ADD CONSTRAINT `creditors_ibfk_1` FOREIGN KEY (`id_account`) REFERENCES `account` (`id_account`),
  ADD CONSTRAINT `fk_clear2` FOREIGN KEY (`id_clear`) REFERENCES `clear` (`id_clear`);

--
-- Constraints for table `fees`
--
ALTER TABLE `fees`
  ADD CONSTRAINT `fees_ibfk_1` FOREIGN KEY (`id_expensesCategory`) REFERENCES `expensescategory` (`id_expensesCategory`);

--
-- Constraints for table `imports`
--
ALTER TABLE `imports`
  ADD CONSTRAINT `fk_clear_im` FOREIGN KEY (`id_clear`) REFERENCES `clear` (`id_clear`),
  ADD CONSTRAINT `imports_ibfk_1` FOREIGN KEY (`id_workgroup`) REFERENCES `workgroup` (`id_workgroup`);

--
-- Constraints for table `items`
--
ALTER TABLE `items`
  ADD CONSTRAINT `fkitemsunit` FOREIGN KEY (`id`) REFERENCES `unit` (`id`);

--
-- Constraints for table `itemsonpurchaseinvoice`
--
ALTER TABLE `itemsonpurchaseinvoice`
  ADD CONSTRAINT `itemsonpurchaseinvoice_ibfk_2` FOREIGN KEY (`id_items`) REFERENCES `items` (`id_items`),
  ADD CONSTRAINT `itemsonpurchaseinvoice_ibfk_3` FOREIGN KEY (`id_purchaseInvoice`) REFERENCES `purchaseinvoice` (`id_purchaseInvoice`);

--
-- Constraints for table `itemsonsalesinvoice`
--
ALTER TABLE `itemsonsalesinvoice`
  ADD CONSTRAINT `itemsonsalesinvoice_ibfk_3` FOREIGN KEY (`id_salesInvoic`) REFERENCES `salesinvoic` (`id_salesInvoic`);

--
-- Constraints for table `masary_pay`
--
ALTER TABLE `masary_pay`
  ADD CONSTRAINT `fk_pos` FOREIGN KEY (`id_pos`) REFERENCES `pos` (`id_pos`),
  ADD CONSTRAINT `masary_pay_ibfk_1` FOREIGN KEY (`id_utility_masary`) REFERENCES `utility_masary` (`id_utility_masary`),
  ADD CONSTRAINT `masary_pay_ibfk_2` FOREIGN KEY (`id_client`) REFERENCES `client` (`id_client`);

--
-- Constraints for table `masary_sell`
--
ALTER TABLE `masary_sell`
  ADD CONSTRAINT `fk_pos_sell` FOREIGN KEY (`id_pos`) REFERENCES `pos` (`id_pos`),
  ADD CONSTRAINT `fk_recharge_type` FOREIGN KEY (`id_recharge_type`) REFERENCES `recharge_type` (`id_recharge_type`),
  ADD CONSTRAINT `fk_vf_cash` FOREIGN KEY (`id_VF_cash`) REFERENCES `vf_cash` (`id_VF_cash`),
  ADD CONSTRAINT `masary_sell_ibfk_1` FOREIGN KEY (`id_Suppliers`) REFERENCES `suppliers` (`id_Suppliers`);

--
-- Constraints for table `notifcation`
--
ALTER TABLE `notifcation`
  ADD CONSTRAINT `fk_solf` FOREIGN KEY (`id_Solf`) REFERENCES `solf` (`id_Solf`);

--
-- Constraints for table `paydebt`
--
ALTER TABLE `paydebt`
  ADD CONSTRAINT `paydebt_ibfk_1` FOREIGN KEY (`id_Solf`) REFERENCES `solf` (`id_Solf`);

--
-- Constraints for table `priselist`
--
ALTER TABLE `priselist`
  ADD CONSTRAINT `pricelist_fk1` FOREIGN KEY (`id_items`) REFERENCES `items` (`id_items`);

--
-- Constraints for table `purchaseinvoice`
--
ALTER TABLE `purchaseinvoice`
  ADD CONSTRAINT `purchaseinvoice_ibfk_1` FOREIGN KEY (`id_Suppliers`) REFERENCES `suppliers` (`id_Suppliers`);

--
-- Constraints for table `receipt`
--
ALTER TABLE `receipt`
  ADD CONSTRAINT `receipt_ibfk_1` FOREIGN KEY (`id_client`) REFERENCES `client` (`id_client`);

--
-- Constraints for table `salesinvoic`
--
ALTER TABLE `salesinvoic`
  ADD CONSTRAINT `salesinvoic_ibfk_1` FOREIGN KEY (`id_client`) REFERENCES `client` (`id_client`);

--
-- Constraints for table `send_receive`
--
ALTER TABLE `send_receive`
  ADD CONSTRAINT `send_receive_ibfk_1` FOREIGN KEY (`id_Suppliers`) REFERENCES `suppliers` (`id_Suppliers`),
  ADD CONSTRAINT `send_receive_ibfk_2` FOREIGN KEY (`id_client`) REFERENCES `client` (`id_client`),
  ADD CONSTRAINT `send_receive_ibfk_3` FOREIGN KEY (`id_VF_cash`) REFERENCES `vf_cash` (`id_VF_cash`);

--
-- Constraints for table `suppliers`
--
ALTER TABLE `suppliers`
  ADD CONSTRAINT `fk_supplier_type` FOREIGN KEY (`id_supplier_type`) REFERENCES `supplier_type` (`id_supplier_type`);

--
-- Constraints for table `suppliersaccount`
--
ALTER TABLE `suppliersaccount`
  ADD CONSTRAINT `fk_masary_account` FOREIGN KEY (`id_masary_sell`) REFERENCES `masary_sell` (`id_masary_sell`),
  ADD CONSTRAINT `suppliersaccount_ibfk_1` FOREIGN KEY (`id_Suppliers`) REFERENCES `suppliers` (`id_Suppliers`),
  ADD CONSTRAINT `suppliersaccount_ibfk_2` FOREIGN KEY (`id_purchaseInvoice`) REFERENCES `purchaseinvoice` (`id_purchaseInvoice`),
  ADD CONSTRAINT `suppliersaccount_ibfk_3` FOREIGN KEY (`id_paymentReceipt`) REFERENCES `paymentreceipt` (`id_PaymentReceipt`);

--
-- Constraints for table `utility_masary`
--
ALTER TABLE `utility_masary`
  ADD CONSTRAINT `fk_pos_utiltiy` FOREIGN KEY (`id_pos`) REFERENCES `pos` (`id_pos`);

--
-- Constraints for table `vf_transaction_po`
--
ALTER TABLE `vf_transaction_po`
  ADD CONSTRAINT `vf_transaction_po_ibfk_1` FOREIGN KEY (`id_VF_cash`) REFERENCES `vf_cash` (`id_VF_cash`),
  ADD CONSTRAINT `vf_transaction_po_ibfk_2` FOREIGN KEY (`id_pos`) REFERENCES `pos` (`id_pos`),
  ADD CONSTRAINT `vf_transaction_po_ibfk_3` FOREIGN KEY (`id_masary_pay`) REFERENCES `masary_pay` (`id_masary_pay`),
  ADD CONSTRAINT `vf_transaction_po_ibfk_4` FOREIGN KEY (`id_masary_sell`) REFERENCES `masary_sell` (`id_masary_sell`);

--
-- Constraints for table `workgroup`
--
ALTER TABLE `workgroup`
  ADD CONSTRAINT `fkdeal` FOREIGN KEY (`id_deal`) REFERENCES `deal` (`id_deal`);

DELIMITER $$
--
-- Events
--
CREATE DEFINER=`root`@`localhost` EVENT `finalDay` ON SCHEDULE EVERY 24 HOUR STARTS '2022-07-03 00:00:00' ON COMPLETION PRESERVE ENABLE DO INSERT INTO `finallyday`( `dateFinally`, `oldBalance`, `totalimport`, `totalexport`,`time_insert` ) VALUES( CURRENT_DATE(),( SELECT f.newbalance FROM finallyday AS f WHERE f.dateFinally = CURRENT_DATE() - INTERVAL 1 DAY), ( SELECT COALESCE(SUM(c.Debit), 0) FROM casher AS c WHERE c.date_casher = CURRENT_DATE()), ( SELECT COALESCE(SUM(c.Creditor), 0) FROM casher AS c WHERE c.date_casher = CURRENT_DATE()),current_timestamp())$$

DELIMITER ;
COMMIT;

/*!40101 SET CHARACTER_SET_CLIENT=@OLD_CHARACTER_SET_CLIENT */;
/*!40101 SET CHARACTER_SET_RESULTS=@OLD_CHARACTER_SET_RESULTS */;
/*!40101 SET COLLATION_CONNECTION=@OLD_COLLATION_CONNECTION */;
